{
	"credit": "Made with Blockbench",
	"textures": {
		"0": "block/smooth_stone",
		"1": "block/pumpkin_side",
		"2": "block/iron_block",
		"particle": "block/smooth_stone"
	},
	"elements": [
		{
			"name": "octagon",
			"from": [5.82538, 6.5, 2.75],
			"to": [10.17462, 6.75, 13.25],
			"rotation": {"angle": 45, "axis": "y", "origin": [8, 8, 8]},
			"faces": {
				"north": {"uv": [0, 0, 4.34924, 0.25], "texture": "#0"},
				"east": {"uv": [0, 0, 10.5, 0.25], "texture": "#0"},
				"south": {"uv": [0, 0, 4.34924, 0.25], "texture": "#0"},
				"west": {"uv": [0, 0, 10.5, 0.25], "texture": "#0"},
				"up": {"uv": [5, 3, 9.34924, 13.5], "texture": "#0"},
				"down": {"uv": [0, 0, 4.34924, 10.5], "texture": "#0"}
			}
		},
		{
			"name": "octagon",
			"from": [5.82538, 6.5, 2.75],
			"to": [10.17462, 6.75, 13.25],
			"rotation": {"angle": 0, "axis": "y", "origin": [8, 8, 8]},
			"faces": {
				"north": {"uv": [0, 0, 4.34924, 0.25], "texture": "#0"},
				"east": {"uv": [0, 0, 10.5, 0.25], "texture": "#0"},
				"south": {"uv": [0, 0, 4.34924, 0.25], "texture": "#0"},
				"west": {"uv": [0, 0, 10.5, 0.25], "texture": "#0"},
				"up": {"uv": [5, 3, 9.34924, 13.5], "texture": "#0"},
				"down": {"uv": [0, 0, 4.34924, 10.5], "texture": "#0"}
			}
		},
		{
			"name": "octagon",
			"from": [2.75, 6.5, 5.82538],
			"to": [13.25, 6.75, 10.17462],
			"rotation": {"angle": 45, "axis": "y", "origin": [8, 8, 8]},
			"faces": {
				"north": {"uv": [0, 0, 10.5, 0.25], "texture": "#0"},
				"east": {"uv": [0, 0, 4.34924, 0.25], "texture": "#0"},
				"south": {"uv": [0, 0, 10.5, 0.25], "texture": "#0"},
				"west": {"uv": [0, 0, 4.34924, 0.25], "texture": "#0"},
				"up": {"uv": [5, 3, 15.5, 7.34924], "texture": "#0"},
				"down": {"uv": [0, 0, 10.5, 4.34924], "texture": "#0"}
			}
		},
		{
			"name": "octagon",
			"from": [2.75, 6.5, 5.82538],
			"to": [13.25, 6.75, 10.17462],
			"rotation": {"angle": 0, "axis": "y", "origin": [8, 8, 8]},
			"faces": {
				"north": {"uv": [0, 0, 10.5, 0.25], "texture": "#0"},
				"east": {"uv": [0, 0, 4.34924, 0.25], "texture": "#0"},
				"south": {"uv": [0, 0, 10.5, 0.25], "texture": "#0"},
				"west": {"uv": [0, 0, 4.34924, 0.25], "texture": "#0"},
				"up": {"uv": [5, 3, 15.5, 7.34924], "texture": "#0"},
				"down": {"uv": [0, 0, 10.5, 4.34924], "texture": "#0"}
			}
		},
		{
			"name": "octagon",
			"from": [5.82538, 0, 2.75],
			"to": [10.17462, 0.5, 13.25],
			"rotation": {"angle": 45, "axis": "y", "origin": [8, 1, 8]},
			"faces": {
				"north": {"uv": [0, 0, 4.34924, 0.5], "texture": "#0"},
				"east": {"uv": [0, 0, 10.5, 0.5], "texture": "#0"},
				"south": {"uv": [0, 0, 4.34924, 0.5], "texture": "#0"},
				"west": {"uv": [0, 0, 10.5, 0.5], "texture": "#0"},
				"up": {"uv": [0, 0, 4.34924, 10.5], "texture": "#0"},
				"down": {"uv": [4, 4, 8.34924, 14.5], "texture": "#0"}
			}
		},
		{
			"name": "octagon",
			"from": [5.82538, 0, 2.75],
			"to": [10.17462, 0.5, 13.25],
			"rotation": {"angle": 0, "axis": "y", "origin": [8, 1, 8]},
			"faces": {
				"north": {"uv": [0, 0, 4.34924, 0.5], "texture": "#0"},
				"east": {"uv": [0, 0, 10.5, 0.5], "texture": "#0"},
				"south": {"uv": [0, 0, 4.34924, 0.5], "texture": "#0"},
				"west": {"uv": [0, 0, 10.5, 0.5], "texture": "#0"},
				"up": {"uv": [0, 0, 4.34924, 10.5], "texture": "#0"},
				"down": {"uv": [4, 4, 8.34924, 14.5], "texture": "#0"}
			}
		},
		{
			"name": "octagon",
			"from": [2.75, 0, 5.82538],
			"to": [13.25, 0.5, 10.17462],
			"rotation": {"angle": 45, "axis": "y", "origin": [8, 1, 8]},
			"faces": {
				"north": {"uv": [0, 0, 10.5, 0.5], "texture": "#0"},
				"east": {"uv": [0, 0, 4.34924, 0.5], "texture": "#0"},
				"south": {"uv": [0, 0, 10.5, 0.5], "texture": "#0"},
				"west": {"uv": [0, 0, 4.34924, 0.5], "texture": "#0"},
				"up": {"uv": [0, 0, 10.5, 4.34924], "texture": "#0"},
				"down": {"uv": [4, 4, 14.5, 8.34924], "texture": "#0"}
			}
		},
		{
			"name": "octagon",
			"from": [2.75, 0, 5.82538],
			"to": [13.25, 0.5, 10.17462],
			"rotation": {"angle": 0, "axis": "y", "origin": [8, 1, 8]},
			"faces": {
				"north": {"uv": [0, 0, 10.5, 0.5], "texture": "#0"},
				"east": {"uv": [0, 0, 4.34924, 0.5], "texture": "#0"},
				"south": {"uv": [0, 0, 10.5, 0.5], "texture": "#0"},
				"west": {"uv": [0, 0, 4.34924, 0.5], "texture": "#0"},
				"up": {"uv": [0, 0, 10.5, 4.34924], "texture": "#0"},
				"down": {"uv": [4, 4, 14.5, 8.34924], "texture": "#0"}
			}
		},
		{
			"name": "octagon",
			"from": [5.82538, 6.75, 2.75],
			"to": [10.17462, 7, 3.25],
			"rotation": {"angle": 45, "axis": "y", "origin": [8, 8, 8]},
			"faces": {
				"north": {"uv": [0, 0, 4.34924, 0.25], "texture": "#0"},
				"east": {"uv": [0, 0, 0.5, 0.25], "texture": "#0"},
				"south": {"uv": [0, 0, 4.34924, 0.25], "texture": "#0"},
				"west": {"uv": [0, 0, 0.5, 0.25], "texture": "#0"},
				"up": {"uv": [0, 0, 4.34924, 0.5], "texture": "#0"},
				"down": {"uv": [0, 0, 4.34924, 0.5], "texture": "#0"}
			}
		},
		{
			"name": "octagon",
			"from": [5.82538, 6.75, 2.75],
			"to": [10.17462, 7, 3.25],
			"rotation": {"angle": 0, "axis": "y", "origin": [8, 8, 8]},
			"faces": {
				"north": {"uv": [0, 0, 4.34924, 0.25], "texture": "#0"},
				"east": {"uv": [0, 0, 0.5, 0.25], "texture": "#0"},
				"south": {"uv": [0, 0, 4.34924, 0.25], "texture": "#0"},
				"west": {"uv": [0, 0, 0.5, 0.25], "texture": "#0"},
				"up": {"uv": [0, 0, 4.34924, 0.5], "texture": "#0"},
				"down": {"uv": [0, 0, 4.34924, 0.5], "texture": "#0"}
			}
		},
		{
			"name": "octagon",
			"from": [5.82538, 6.75, 12.75],
			"to": [10.17462, 7, 13.25],
			"rotation": {"angle": 45, "axis": "y", "origin": [8, 8, 8]},
			"faces": {
				"north": {"uv": [0, 0, 4.34924, 0.25], "texture": "#0"},
				"east": {"uv": [0, 0, 0.5, 0.25], "texture": "#0"},
				"south": {"uv": [0, 0, 4.34924, 0.25], "texture": "#0"},
				"west": {"uv": [0, 0, 0.5, 0.25], "texture": "#0"},
				"up": {"uv": [0, 0, 4.34924, 0.5], "texture": "#0"},
				"down": {"uv": [0, 0, 4.34924, 0.5], "texture": "#0"}
			}
		},
		{
			"name": "octagon",
			"from": [5.82538, 6.75, 12.75],
			"to": [10.17462, 7, 13.25],
			"rotation": {"angle": 0, "axis": "y", "origin": [8, 8, 8]},
			"faces": {
				"north": {"uv": [0, 0, 4.34924, 0.25], "texture": "#0"},
				"east": {"uv": [0, 0, 0.5, 0.25], "texture": "#0"},
				"south": {"uv": [0, 0, 4.34924, 0.25], "texture": "#0"},
				"west": {"uv": [0, 0, 0.5, 0.25], "texture": "#0"},
				"up": {"uv": [0, 0, 4.34924, 0.5], "texture": "#0"},
				"down": {"uv": [0, 0, 4.34924, 0.5], "texture": "#0"}
			}
		},
		{
			"name": "octagon",
			"from": [2.75, 6.75, 5.82538],
			"to": [3.25, 7, 10.17462],
			"rotation": {"angle": 45, "axis": "y", "origin": [8, 8, 8]},
			"faces": {
				"north": {"uv": [0, 0, 0.5, 0.25], "texture": "#0"},
				"east": {"uv": [0, 0, 4.34924, 0.25], "texture": "#0"},
				"south": {"uv": [0, 0, 0.5, 0.25], "texture": "#0"},
				"west": {"uv": [0, 0, 4.34924, 0.25], "texture": "#0"},
				"up": {"uv": [0, 0, 0.5, 4.34924], "texture": "#0"},
				"down": {"uv": [0, 0, 0.5, 4.34924], "texture": "#0"}
			}
		},
		{
			"name": "octagon",
			"from": [2.75, 6.75, 5.82538],
			"to": [3.25, 7, 10.17462],
			"rotation": {"angle": 0, "axis": "y", "origin": [8, 8, 8]},
			"faces": {
				"north": {"uv": [0, 0, 0.5, 0.25], "texture": "#0"},
				"east": {"uv": [0, 0, 4.34924, 0.25], "texture": "#0"},
				"south": {"uv": [0, 0, 0.5, 0.25], "texture": "#0"},
				"west": {"uv": [0, 0, 4.34924, 0.25], "texture": "#0"},
				"up": {"uv": [0, 0, 0.5, 4.34924], "texture": "#0"},
				"down": {"uv": [0, 0, 0.5, 4.34924], "texture": "#0"}
			}
		},
		{
			"name": "octagon",
			"from": [12.75, 6.75, 5.82538],
			"to": [13.25, 7, 10.17462],
			"rotation": {"angle": 45, "axis": "y", "origin": [8, 8, 8]},
			"faces": {
				"north": {"uv": [0, 0, 0.5, 0.25], "texture": "#0"},
				"east": {"uv": [0, 0, 4.34924, 0.25], "texture": "#0"},
				"south": {"uv": [0, 0, 0.5, 0.25], "texture": "#0"},
				"west": {"uv": [0, 0, 4.34924, 0.25], "texture": "#0"},
				"up": {"uv": [0, 0, 0.5, 4.34924], "texture": "#0"},
				"down": {"uv": [0, 0, 0.5, 4.34924], "texture": "#0"}
			}
		},
		{
			"name": "octagon",
			"from": [12.75, 6.75, 5.82538],
			"to": [13.25, 7, 10.17462],
			"rotation": {"angle": 0, "axis": "y", "origin": [8, 8, 8]},
			"faces": {
				"north": {"uv": [0, 0, 0.5, 0.25], "texture": "#0"},
				"east": {"uv": [0, 0, 4.34924, 0.25], "texture": "#0"},
				"south": {"uv": [0, 0, 0.5, 0.25], "texture": "#0"},
				"west": {"uv": [0, 0, 4.34924, 0.25], "texture": "#0"},
				"up": {"uv": [0, 0, 0.5, 4.34924], "texture": "#0"},
				"down": {"uv": [0, 0, 0.5, 4.34924], "texture": "#0"}
			}
		},
		{
			"from": [5, 6.75, 5],
			"to": [6, 7, 6],
			"faces": {
				"north": {"uv": [0, 0, 1, 0.25], "texture": "#2"},
				"east": {"uv": [0, 0, 1, 0.25], "texture": "#2"},
				"south": {"uv": [0, 0, 1, 0.25], "texture": "#2"},
				"west": {"uv": [0, 0, 1, 0.25], "texture": "#2"},
				"up": {"uv": [0, 0, 1, 1], "texture": "#2"},
				"down": {"uv": [0, 0, 1, 1], "texture": "#2"}
			}
		},
		{
			"name": "octagon",
			"from": [5.92893, 0.5, 3],
			"to": [10.07107, 6.5, 13],
			"rotation": {"angle": 45, "axis": "y", "origin": [8, 4, 8]},
			"faces": {
				"north": {"uv": [4, 0, 8, 6], "texture": "#1"},
				"east": {"uv": [0, 0, 10, 6], "texture": "#1"},
				"south": {"uv": [4, 0, 8, 6], "texture": "#1"},
				"west": {"uv": [0, 0, 10, 6], "texture": "#1"},
				"up": {"uv": [0, 0, 4.14214, 10], "texture": "#1"},
				"down": {"uv": [0, 0, 4.14214, 10], "texture": "#1"}
			}
		},
		{
			"name": "octagon",
			"from": [5.92893, 0.5, 3],
			"to": [10.07107, 6.5, 13],
			"rotation": {"angle": 0, "axis": "y", "origin": [8, 4, 8]},
			"faces": {
				"north": {"uv": [0, 0, 4, 6], "texture": "#1"},
				"east": {"uv": [0, 0, 10, 6], "texture": "#1"},
				"south": {"uv": [0, 0, 4, 6], "texture": "#1"},
				"west": {"uv": [0, 0, 10, 6], "texture": "#1"},
				"up": {"uv": [0, 0, 4.14214, 10], "texture": "#1"},
				"down": {"uv": [0, 0, 4.14214, 10], "texture": "#1"}
			}
		},
		{
			"name": "octagon",
			"from": [3, 0.5, 5.92893],
			"to": [13, 6.5, 10.07107],
			"rotation": {"angle": 45, "axis": "y", "origin": [8, 4, 8]},
			"faces": {
				"north": {"uv": [0, 0, 10, 6], "texture": "#1"},
				"east": {"uv": [12, 0, 16, 6], "texture": "#1"},
				"south": {"uv": [0, 0, 10, 6], "texture": "#1"},
				"west": {"uv": [12, 0, 16, 6], "texture": "#1"},
				"up": {"uv": [0, 0, 10, 4.14214], "texture": "#1"},
				"down": {"uv": [0, 0, 10, 4.14214], "texture": "#1"}
			}
		},
		{
			"name": "octagon",
			"from": [3, 0.5, 5.92893],
			"to": [13, 6.5, 10.07107],
			"rotation": {"angle": 0, "axis": "y", "origin": [8, 4, 8]},
			"faces": {
				"north": {"uv": [0, 0, 10, 6], "texture": "#1"},
				"east": {"uv": [8, 0, 12, 6], "texture": "#1"},
				"south": {"uv": [0, 0, 10, 6], "texture": "#1"},
				"west": {"uv": [8, 0, 12, 6], "texture": "#1"},
				"up": {"uv": [0, 0, 10, 4.14214], "texture": "#1"},
				"down": {"uv": [0, 0, 10, 4.14214], "texture": "#1"}
			}
		}
	],
	"display": {
		"thirdperson_righthand": {
			"rotation": [0, 90, 55],
			"translation": [0, 2.75, 2.5],
			"scale": [0.4, 0.4, 0.4]
		},
		"thirdperson_lefthand": {
			"rotation": [0, 90, 55],
			"translation": [0, 2.75, 2.5],
			"scale": [0.4, 0.4, 0.4]
		},
		"firstperson_righthand": {
			"rotation": [0, 90, 25],
			"translation": [0, 3.85, 0.8],
			"scale": [0.5, 0.5, 0.5]
		},
		"firstperson_lefthand": {
			"rotation": [0, 90, 25],
			"translation": [0, 3.85, 0.8],
			"scale": [0.5, 0.5, 0.5]
		},
		"ground": {
			"scale": [0.5, 0.5, 0.5]
		},
		"gui": {
			"rotation": [30.25, 14, 0],
			"translation": [0, 2.75, -5.5]
		},
		"head": {
			"translation": [0, 38, 0],
			"scale": [4, 4, 4]
		},
		"fixed": {
			"rotation": [-63.25, 14.5, 0],
			"translation": [0, 2, -5.5]
		}
	},
	"groups": [
		{
			"name": "group",
			"origin": [8, 8, 8],
			"children": [
				{
					"name": "octagon",
					"origin": [8, 8, 8],
					"children": [0, 1, 2, 3]
				},
				{
					"name": "octagon",
					"origin": [8, 8, 8],
					"children": [4, 5, 6, 7]
				},
				{
					"name": "octagon",
					"origin": [8, 8, 8],
					"children": [8, 9, 10, 11, 12, 13, 14, 15]
				}, 16,
				{
					"name": "octagon",
					"origin": [8, 8, 8],
					"children": [17, 18, 19, 20]
				}
			]
		}
	]
}