{
	"credit": "Made by Gameboy612",
	"texture_size": [64, 64],
	"textures": {
		"0": "rpg/weapon/devas_2/shield/bladed_shield/wind",
		"particle": "rpg/weapon/devas_2/shield/bladed_shield/wind"
	},
	"elements": [
		{
			"from": [1, 9, 6],
			"to": [3, 21, 9],
			"rotation": {"angle": 0, "axis": "y", "origin": [8, 11.75, 9]},
			"faces": {
				"north": {"uv": [4.5, 5, 5, 8], "texture": "#0"},
				"east": {"uv": [1.5, 4.25, 2.25, 7.25], "texture": "#0"},
				"south": {"uv": [5, 5, 5.5, 8], "texture": "#0"},
				"west": {"uv": [2.25, 4.25, 3, 7.25], "texture": "#0"},
				"up": {"uv": [8, 1.75, 7.5, 1], "texture": "#0"},
				"down": {"uv": [8, 1.75, 7.5, 2.5], "texture": "#0"}
			}
		},
		{
			"from": [3, 5, 6],
			"to": [13, 22, 9],
			"rotation": {"angle": 0, "axis": "y", "origin": [8, 11.75, 9]},
			"faces": {
				"north": {"uv": [0, 0, 2.5, 4.25], "texture": "#0"},
				"east": {"uv": [0, 4.25, 0.75, 8.5], "texture": "#0"},
				"south": {"uv": [2.5, 0, 5, 4.25], "texture": "#0"},
				"west": {"uv": [0.75, 4.25, 1.5, 8.5], "texture": "#0"},
				"up": {"uv": [7, 5, 4.5, 4.25], "texture": "#0"},
				"down": {"uv": [7.5, 0, 5, 0.75], "texture": "#0"}
			}
		},
		{
			"from": [13, 9, 6],
			"to": [15, 21, 9],
			"rotation": {"angle": 0, "axis": "y", "origin": [8, 11.75, 9]},
			"faces": {
				"north": {"uv": [5.5, 5, 6, 8], "texture": "#0"},
				"east": {"uv": [3, 4.25, 3.75, 7.25], "texture": "#0"},
				"south": {"uv": [6, 5, 6.5, 8], "texture": "#0"},
				"west": {"uv": [3.75, 4.25, 4.5, 7.25], "texture": "#0"},
				"up": {"uv": [8, 3.25, 7.5, 2.5], "texture": "#0"},
				"down": {"uv": [7.75, 7.5, 7.25, 8.25], "texture": "#0"}
			}
		},
		{
			"from": [4, 2, 6],
			"to": [12, 5, 9],
			"rotation": {"angle": 0, "axis": "y", "origin": [8, 11.75, 9]},
			"faces": {
				"north": {"uv": [5, 0.75, 7, 1.5], "texture": "#0"},
				"east": {"uv": [2.25, 7.25, 3, 8], "texture": "#0"},
				"south": {"uv": [5, 1.5, 7, 2.25], "texture": "#0"},
				"west": {"uv": [3, 7.25, 3.75, 8], "texture": "#0"},
				"up": {"uv": [7, 3, 5, 2.25], "texture": "#0"},
				"down": {"uv": [7, 3, 5, 3.75], "texture": "#0"}
			}
		},
		{
			"from": [2, 5, 7],
			"to": [3, 9, 8],
			"rotation": {"angle": 0, "axis": "y", "origin": [8, 11.75, 9]},
			"faces": {
				"north": {"uv": [4.25, 7.25, 4.5, 8.25], "texture": "#0"},
				"east": {"uv": [4.5, 8, 4.75, 9], "texture": "#0"},
				"south": {"uv": [4.75, 8, 5, 9], "texture": "#0"},
				"west": {"uv": [5, 8, 5.25, 9], "texture": "#0"},
				"up": {"uv": [6.5, 8.25, 6.25, 8], "texture": "#0"},
				"down": {"uv": [4.25, 8.75, 4, 9], "texture": "#0"}
			}
		},
		{
			"from": [0.38782, 12.46599, 7],
			"to": [2.38782, 15.46599, 8],
			"rotation": {"angle": 45, "axis": "z", "origin": [8, 11.75, 9]},
			"faces": {
				"north": {"uv": [7.75, 7.5, 8.25, 8.25], "texture": "#0"},
				"east": {"uv": [8.5, 0, 8.75, 0.75], "texture": "#0"},
				"south": {"uv": [8, 0, 8.5, 0.75], "texture": "#0"},
				"west": {"uv": [0.25, 8.5, 0.5, 9.25], "texture": "#0"},
				"up": {"uv": [9, 3, 8.5, 2.75], "texture": "#0"},
				"down": {"uv": [9, 3.25, 8.5, 3.5], "texture": "#0"}
			}
		},
		{
			"from": [-1.01218, 8.21599, 7],
			"to": [0.98782, 11.21599, 8],
			"rotation": {"angle": 45, "axis": "z", "origin": [8, 11.75, 9]},
			"faces": {
				"north": {"uv": [2.25, 8, 2.75, 8.75], "texture": "#0"},
				"east": {"uv": [8.5, 0.75, 8.75, 1.5], "texture": "#0"},
				"south": {"uv": [8, 2.25, 8.5, 3], "texture": "#0"},
				"west": {"uv": [1, 8.5, 1.25, 9.25], "texture": "#0"},
				"up": {"uv": [9.25, 0.5, 8.75, 0.25], "texture": "#0"},
				"down": {"uv": [9.25, 0.5, 8.75, 0.75], "texture": "#0"}
			}
		},
		{
			"from": [13.59472, 12.45741, 7],
			"to": [15.59472, 15.45741, 8],
			"rotation": {"angle": -45, "axis": "z", "origin": [8, 11.75, 9]},
			"faces": {
				"north": {"uv": [8, 0.75, 8.5, 1.5], "texture": "#0"},
				"east": {"uv": [0.5, 8.5, 0.75, 9.25], "texture": "#0"},
				"south": {"uv": [8, 1.5, 8.5, 2.25], "texture": "#0"},
				"west": {"uv": [0.75, 8.5, 1, 9.25], "texture": "#0"},
				"up": {"uv": [9, 8.75, 8.5, 8.5], "texture": "#0"},
				"down": {"uv": [9.25, 0, 8.75, 0.25], "texture": "#0"}
			}
		},
		{
			"from": [15.01972, 8.23241, 7],
			"to": [17.01972, 11.23241, 8],
			"rotation": {"angle": -45, "axis": "z", "origin": [8, 11.75, 9]},
			"faces": {
				"north": {"uv": [2.75, 8, 3.25, 8.75], "texture": "#0"},
				"east": {"uv": [1.25, 8.5, 1.5, 9.25], "texture": "#0"},
				"south": {"uv": [3.25, 8, 3.75, 8.75], "texture": "#0"},
				"west": {"uv": [8.5, 1.5, 8.75, 2.25], "texture": "#0"},
				"up": {"uv": [9.25, 1, 8.75, 0.75], "texture": "#0"},
				"down": {"uv": [9.25, 1, 8.75, 1.25], "texture": "#0"}
			}
		},
		{
			"from": [13, 5, 7],
			"to": [14, 9, 8],
			"rotation": {"angle": 0, "axis": "y", "origin": [8, 11.75, 9]},
			"faces": {
				"north": {"uv": [5.25, 8, 5.5, 9], "texture": "#0"},
				"east": {"uv": [5.5, 8, 5.75, 9], "texture": "#0"},
				"south": {"uv": [5.75, 8, 6, 9], "texture": "#0"},
				"west": {"uv": [6, 8, 6.25, 9], "texture": "#0"},
				"up": {"uv": [9, 8.25, 8.75, 8], "texture": "#0"},
				"down": {"uv": [9, 8.25, 8.75, 8.5], "texture": "#0"}
			}
		},
		{
			"from": [15, 9, 7],
			"to": [16, 20, 8],
			"rotation": {"angle": 0, "axis": "y", "origin": [8, 11.75, 9]},
			"faces": {
				"north": {"uv": [6.5, 5.5, 6.75, 8.25], "texture": "#0"},
				"east": {"uv": [6.75, 5.5, 7, 8.25], "texture": "#0"},
				"south": {"uv": [7, 0.75, 7.25, 3.5], "texture": "#0"},
				"west": {"uv": [7, 5.5, 7.25, 8.25], "texture": "#0"},
				"up": {"uv": [8.75, 9, 8.5, 8.75], "texture": "#0"},
				"down": {"uv": [9, 8.75, 8.75, 9], "texture": "#0"}
			}
		},
		{
			"from": [0, 9, 7],
			"to": [1, 20, 8],
			"rotation": {"angle": 0, "axis": "y", "origin": [8, 11.75, 9]},
			"faces": {
				"north": {"uv": [7.25, 0.75, 7.5, 3.5], "texture": "#0"},
				"east": {"uv": [1.5, 7.25, 1.75, 10], "texture": "#0"},
				"south": {"uv": [1.75, 7.25, 2, 10], "texture": "#0"},
				"west": {"uv": [2, 7.25, 2.25, 10], "texture": "#0"},
				"up": {"uv": [9.25, 1.5, 9, 1.25], "texture": "#0"},
				"down": {"uv": [9.25, 1.5, 9, 1.75], "texture": "#0"}
			}
		},
		{
			"from": [3, 22, 7],
			"to": [13, 23, 8],
			"rotation": {"angle": 0, "axis": "y", "origin": [8, 11.75, 9]},
			"faces": {
				"north": {"uv": [7, 3.5, 9.5, 3.75], "texture": "#0"},
				"east": {"uv": [9, 2.25, 9.25, 2.5], "texture": "#0"},
				"south": {"uv": [7, 3.75, 9.5, 4], "texture": "#0"},
				"west": {"uv": [9, 2.5, 9.25, 2.75], "texture": "#0"},
				"up": {"uv": [9.5, 4.25, 7, 4], "texture": "#0"},
				"down": {"uv": [9.5, 4.25, 7, 4.5], "texture": "#0"}
			}
		},
		{
			"from": [8.18731, 21.24049, 7],
			"to": [12.43731, 23.24049, 8],
			"rotation": {"angle": 45, "axis": "z", "origin": [8, 11.75, 9]},
			"faces": {
				"north": {"uv": [7.25, 5.5, 8.25, 6], "texture": "#0"},
				"east": {"uv": [8.5, 7, 8.75, 7.5], "texture": "#0"},
				"south": {"uv": [7.25, 6, 8.25, 6.5], "texture": "#0"},
				"west": {"uv": [8.5, 7.5, 8.75, 8], "texture": "#0"},
				"up": {"uv": [8.5, 3.5, 7.5, 3.25], "texture": "#0"},
				"down": {"uv": [9, 3, 8, 3.25], "texture": "#0"}
			}
		},
		{
			"from": [3.56447, 21.23516, 7],
			"to": [7.81447, 23.23516, 8],
			"rotation": {"angle": -45, "axis": "z", "origin": [8, 11.75, 9]},
			"faces": {
				"north": {"uv": [7.25, 6.5, 8.25, 7], "texture": "#0"},
				"east": {"uv": [8.5, 8, 8.75, 8.5], "texture": "#0"},
				"south": {"uv": [7.25, 7, 8.25, 7.5], "texture": "#0"},
				"west": {"uv": [8.25, 8.5, 8.5, 9], "texture": "#0"},
				"up": {"uv": [9.25, 5.75, 8.25, 5.5], "texture": "#0"},
				"down": {"uv": [9.25, 5.75, 8.25, 6], "texture": "#0"}
			}
		},
		{
			"from": [3.825, 0, 7],
			"to": [12.175, 2, 8],
			"rotation": {"angle": 0, "axis": "y", "origin": [8, 11.75, 9]},
			"faces": {
				"north": {"uv": [5, 3.75, 7, 4.25], "texture": "#0"},
				"east": {"uv": [8.5, 2.25, 8.75, 2.75], "texture": "#0"},
				"south": {"uv": [6.5, 5, 8.5, 5.5], "texture": "#0"},
				"west": {"uv": [8.5, 5, 8.75, 5.5], "texture": "#0"},
				"up": {"uv": [9, 4.75, 7, 4.5], "texture": "#0"},
				"down": {"uv": [9, 4.75, 7, 5], "texture": "#0"}
			}
		},
		{
			"from": [3, 2, 7],
			"to": [4, 5, 8],
			"rotation": {"angle": 0, "axis": "y", "origin": [8, 11.75, 9]},
			"faces": {
				"north": {"uv": [7.75, 8.25, 8, 9], "texture": "#0"},
				"east": {"uv": [8.25, 7.75, 8.5, 8.5], "texture": "#0"},
				"south": {"uv": [8, 8.25, 8.25, 9], "texture": "#0"},
				"west": {"uv": [0, 8.5, 0.25, 9.25], "texture": "#0"},
				"up": {"uv": [9.25, 2, 9, 1.75], "texture": "#0"},
				"down": {"uv": [9.25, 2, 9, 2.25], "texture": "#0"}
			}
		},
		{
			"from": [-0.35496, 2.50231, 7],
			"to": [0.64504, 4.65231, 8],
			"rotation": {"angle": 22.5, "axis": "z", "origin": [8, 11.75, 9]},
			"faces": {
				"north": {"uv": [2.5, 8.75, 2.75, 9.25], "texture": "#0"},
				"east": {"uv": [2.75, 8.75, 3, 9.25], "texture": "#0"},
				"south": {"uv": [3, 8.75, 3.25, 9.25], "texture": "#0"},
				"west": {"uv": [3.25, 8.75, 3.5, 9.25], "texture": "#0"},
				"up": {"uv": [9.25, 3.5, 9, 3.25], "texture": "#0"},
				"down": {"uv": [3.75, 9, 3.5, 9.25], "texture": "#0"}
			}
		},
		{
			"from": [12, 2, 7],
			"to": [13, 5, 8],
			"rotation": {"angle": 0, "axis": "y", "origin": [8, 11.75, 9]},
			"faces": {
				"north": {"uv": [7, 8.25, 7.25, 9], "texture": "#0"},
				"east": {"uv": [8.25, 7, 8.5, 7.75], "texture": "#0"},
				"south": {"uv": [7.25, 8.25, 7.5, 9], "texture": "#0"},
				"west": {"uv": [7.5, 8.25, 7.75, 9], "texture": "#0"},
				"up": {"uv": [9, 7.75, 8.75, 7.5], "texture": "#0"},
				"down": {"uv": [9, 7.75, 8.75, 8], "texture": "#0"}
			}
		},
		{
			"from": [15.35496, 2.50231, 7],
			"to": [16.35496, 4.65231, 8],
			"rotation": {"angle": -22.5, "axis": "z", "origin": [8, 11.75, 9]},
			"faces": {
				"north": {"uv": [8.75, 1.25, 9, 1.75], "texture": "#0"},
				"east": {"uv": [8.75, 1.75, 9, 2.25], "texture": "#0"},
				"south": {"uv": [2.25, 8.75, 2.5, 9.25], "texture": "#0"},
				"west": {"uv": [8.75, 2.25, 9, 2.75], "texture": "#0"},
				"up": {"uv": [9.25, 3, 9, 2.75], "texture": "#0"},
				"down": {"uv": [9.25, 3, 9, 3.25], "texture": "#0"}
			}
		},
		{
			"from": [7, 8, 9],
			"to": [9, 9, 11],
			"rotation": {"angle": 0, "axis": "y", "origin": [8, 11.75, 9]},
			"faces": {
				"north": {"uv": [3.5, 8.75, 4, 9], "texture": "#0"},
				"east": {"uv": [8.75, 5, 9.25, 5.25], "texture": "#0"},
				"south": {"uv": [8.75, 5.25, 9.25, 5.5], "texture": "#0"},
				"west": {"uv": [8.75, 6, 9.25, 6.25], "texture": "#0"},
				"up": {"uv": [4.25, 8.75, 3.75, 8.25], "texture": "#0"},
				"down": {"uv": [8.75, 6, 8.25, 6.5], "texture": "#0"}
			}
		},
		{
			"from": [7, 13, 9],
			"to": [9, 14, 11],
			"rotation": {"angle": 0, "axis": "y", "origin": [8, 11.75, 9]},
			"faces": {
				"north": {"uv": [6.25, 8.75, 6.75, 9], "texture": "#0"},
				"east": {"uv": [8.75, 6.25, 9.25, 6.5], "texture": "#0"},
				"south": {"uv": [8.75, 6.5, 9.25, 6.75], "texture": "#0"},
				"west": {"uv": [8.75, 6.75, 9.25, 7], "texture": "#0"},
				"up": {"uv": [6.75, 8.75, 6.25, 8.25], "texture": "#0"},
				"down": {"uv": [8.75, 6.5, 8.25, 7], "texture": "#0"}
			}
		},
		{
			"from": [7, 9, 10],
			"to": [9, 13, 11],
			"rotation": {"angle": 0, "axis": "y", "origin": [8, 11.75, 9]},
			"faces": {
				"north": {"uv": [3.75, 7.25, 4.25, 8.25], "texture": "#0"},
				"east": {"uv": [4.25, 8.25, 4.5, 9.25], "texture": "#0"},
				"south": {"uv": [7.5, 0, 8, 1], "texture": "#0"},
				"west": {"uv": [6.75, 8.25, 7, 9.25], "texture": "#0"},
				"up": {"uv": [9.25, 7.25, 8.75, 7], "texture": "#0"},
				"down": {"uv": [9.25, 7.25, 8.75, 7.5], "texture": "#0"}
			}
		}
	],
	"display": {
		"thirdperson_righthand": {
			"rotation": [36.55, -10.18, -5.57],
			"translation": [0, 0.25, -2],
			"scale": [0.85, 0.85, 0.85]
		},
		"thirdperson_lefthand": {
			"rotation": [36.55, -10.18, -5.57],
			"translation": [0, 0.25, -2],
			"scale": [0.85, 0.85, 0.85]
		},
		"firstperson_righthand": {
			"rotation": [18.55, 12.19, -2.1],
			"translation": [-6.75, -2.5, -2],
			"scale": [0.85, 0.85, 0.85]
		},
		"firstperson_lefthand": {
			"rotation": [18.55, 12.19, -2.1],
			"translation": [-6.75, -2.5, -2],
			"scale": [0.85, 0.85, 0.85]
		},
		"ground": {
			"scale": [0.5, 0.5, 0.5]
		},
		"gui": {
			"rotation": [30, -157, 0],
			"translation": [0, -1.75, 0],
			"scale": [0.625, 0.625, 0.625]
		},
		"head": {
			"rotation": [89, 0, 0],
			"translation": [0, 7.25, -28.25],
			"scale": [2.21875, 4, 1]
		},
		"fixed": {
			"translation": [0, -2.25, 0],
			"scale": [0.7, 0.7, 0.7]
		}
	},
	"groups": [
		{
			"name": "Body",
			"origin": [0, 0, 0],
			"color": 0,
			"nbt": "{}",
			"armAnimationEnabled": false,
			"children": [0, 1, 2, 3]
		},
		{
			"name": "Blade",
			"origin": [0, 0, 0],
			"color": 0,
			"nbt": "{}",
			"armAnimationEnabled": false,
			"children": [4, 5, 6, 7, 8, 9, 10, 11, 12, 13, 14, 15, 16, 17, 18, 19]
		},
		{
			"name": "Handle",
			"origin": [8, 8, 8],
			"color": 0,
			"nbt": "{}",
			"armAnimationEnabled": false,
			"children": [20, 21, 22]
		}
	]
}