{
	"credit": "Made with Blockbench",
	"texture_size": [1600, 1600],
	"textures": {
		"0": "furniture/kyc/color/2",
		"1": "furniture/kyc/color/1",
		"2": "furniture/kyc/laptop/screen/1",
		"particle": "furniture/kyc/color/2"
	},
	"elements": [
		{
			"from": [3, 0, 4],
			"to": [13, 0.5, 11],
			"rotation": {"angle": 0, "axis": "y", "origin": [7, 0.5, 11]},
			"faces": {
				"north": {"uv": [0, 0, 10, 0.5], "texture": "#0"},
				"east": {"uv": [0, 0, 7, 0.5], "texture": "#0"},
				"south": {"uv": [0, 0, 10, 0.5], "texture": "#0"},
				"west": {"uv": [0, 0, 7, 0.5], "texture": "#0"},
				"up": {"uv": [0, 0, 10, 7], "texture": "#0"},
				"down": {"uv": [0, 0, 10, 7], "texture": "#0"}
			}
		},
		{
			"from": [10, 0.4, 10.85],
			"to": [12, 0.65, 11.1],
			"rotation": {"angle": 22.5, "axis": "x", "origin": [8, 0.525, 10.975]},
			"faces": {
				"north": {"uv": [0, 0, 2, 0.25], "texture": "#1"},
				"east": {"uv": [0, 0, 0.25, 0.25], "texture": "#1"},
				"south": {"uv": [0, 0, 2, 0.25], "texture": "#1"},
				"west": {"uv": [0, 0, 0.25, 0.25], "texture": "#1"},
				"up": {"uv": [0, 0, 2, 0.25], "texture": "#1"},
				"down": {"uv": [0, 0, 2, 0.25], "texture": "#1"}
			}
		},
		{
			"from": [4, 0.4, 10.85],
			"to": [6, 0.65, 11.1],
			"rotation": {"angle": 22.5, "axis": "x", "origin": [8, 0.525, 10.975]},
			"faces": {
				"north": {"uv": [0, 0, 2, 0.25], "texture": "#1"},
				"east": {"uv": [0, 0, 0.25, 0.25], "texture": "#1"},
				"south": {"uv": [0, 0, 2, 0.25], "texture": "#1"},
				"west": {"uv": [0, 0, 0.25, 0.25], "texture": "#1"},
				"up": {"uv": [0, 0, 2, 0.25], "texture": "#1"},
				"down": {"uv": [0, 0, 2, 0.25], "texture": "#1"}
			}
		},
		{
			"from": [3, 0.5, 11.25],
			"to": [13, 7.5, 11.5],
			"rotation": {"angle": 22.5, "axis": "x", "origin": [7, 0.5, 11]},
			"faces": {
				"north": {"uv": [0, 0, 10, 7], "rotation": 180, "texture": "#0"},
				"east": {"uv": [0, 0, 7, 0.25], "rotation": 270, "texture": "#0"},
				"south": {"uv": [0, 0, 10, 7], "texture": "#0"},
				"west": {"uv": [0, 0, 7, 0.25], "rotation": 90, "texture": "#0"},
				"up": {"uv": [0, 0, 10, 0.25], "rotation": 180, "texture": "#0"},
				"down": {"uv": [0, 0, 10, 0.25], "texture": "#0"}
			}
		},
		{
			"from": [3.5, 1.5, 11.2],
			"to": [12.5, 6.75, 11.2],
			"rotation": {"angle": 22.5, "axis": "x", "origin": [7, 0.5, 11]},
			"faces": {
				"north": {"uv": [0, 0, 16, 15.95556], "texture": "#2"},
				"east": {"uv": [0, 0, 7, 0.25], "rotation": 270, "texture": "#2"},
				"south": {"uv": [0, 0, 10, 7], "texture": "#2"},
				"west": {"uv": [0, 0, 7, 0.25], "rotation": 90, "texture": "#2"},
				"up": {"uv": [0, 0, 10, 0.25], "rotation": 180, "texture": "#2"},
				"down": {"uv": [0, 0, 10, 0.25], "texture": "#2"}
			}
		},
		{
			"from": [3, 0.5, 11],
			"to": [13, 1.5, 11.25],
			"rotation": {"angle": 22.5, "axis": "x", "origin": [7, 0.5, 11]},
			"faces": {
				"north": {"uv": [0, 0, 10, 1], "rotation": 180, "texture": "#0"},
				"east": {"uv": [0, 0, 1, 0.25], "rotation": 270, "texture": "#0"},
				"south": {"uv": [0, 0, 10, 1], "texture": "#0"},
				"west": {"uv": [0, 0, 1, 0.25], "rotation": 90, "texture": "#0"},
				"up": {"uv": [0, 0, 10, 0.25], "rotation": 180, "texture": "#0"},
				"down": {"uv": [0, 0, 10, 0.25], "texture": "#0"}
			}
		},
		{
			"from": [3, 6.75, 11],
			"to": [13, 7.5, 11.25],
			"rotation": {"angle": 22.5, "axis": "x", "origin": [7, 0.5, 11]},
			"faces": {
				"north": {"uv": [0, 0, 10, 0.75], "rotation": 180, "texture": "#0"},
				"east": {"uv": [0, 0, 0.75, 0.25], "rotation": 270, "texture": "#0"},
				"south": {"uv": [0, 0, 10, 0.75], "texture": "#0"},
				"west": {"uv": [0, 0, 0.75, 0.25], "rotation": 90, "texture": "#0"},
				"up": {"uv": [0, 0, 10, 0.25], "rotation": 180, "texture": "#0"},
				"down": {"uv": [0, 0, 10, 0.25], "texture": "#0"}
			}
		},
		{
			"from": [12.5, 1.5, 11],
			"to": [13, 6.75, 11.25],
			"rotation": {"angle": 22.5, "axis": "x", "origin": [7, 0.5, 11]},
			"faces": {
				"north": {"uv": [6, 0, 6.5, 5.25], "rotation": 180, "texture": "#0"},
				"east": {"uv": [0, 0, 5.25, 0.25], "rotation": 270, "texture": "#0"},
				"south": {"uv": [0, 0, 0.5, 5.25], "texture": "#0"},
				"west": {"uv": [0, 0, 5.25, 0.25], "rotation": 90, "texture": "#0"},
				"up": {"uv": [0, 0, 0.5, 0.25], "rotation": 180, "texture": "#0"},
				"down": {"uv": [0, 0, 0.5, 0.25], "texture": "#0"}
			}
		},
		{
			"from": [3, 1.5, 11],
			"to": [3.5, 6.75, 11.25],
			"rotation": {"angle": 22.5, "axis": "x", "origin": [7, 0.5, 11]},
			"faces": {
				"north": {"uv": [0, 0, 0.5, 5.25], "rotation": 180, "texture": "#0"},
				"east": {"uv": [0, 0, 5.25, 0.25], "rotation": 270, "texture": "#0"},
				"south": {"uv": [0, 0, 0.5, 5.25], "texture": "#0"},
				"west": {"uv": [0, 0, 5.25, 0.25], "rotation": 90, "texture": "#0"},
				"up": {"uv": [0, 0, 0.5, 0.25], "rotation": 180, "texture": "#0"},
				"down": {"uv": [0, 0, 0.5, 0.25], "texture": "#0"}
			}
		},
		{
			"from": [7, 0.5, 4.25],
			"to": [9, 0.525, 6],
			"faces": {
				"north": {"uv": [0, 0, 0.02, 0.00025], "texture": "#1"},
				"east": {"uv": [0, 0, 0.0175, 0.00025], "texture": "#1"},
				"south": {"uv": [0, 0, 0.02, 0.00025], "texture": "#1"},
				"west": {"uv": [0, 0, 0.0175, 0.00025], "texture": "#1"},
				"up": {"uv": [0, 0, 0.02, 0.0175], "texture": "#1"},
				"down": {"uv": [0, 0, 0.02, 0.0175], "texture": "#1"}
			}
		},
		{
			"from": [11.5, 0.5, 10],
			"to": [12.5, 0.525, 10.5],
			"faces": {
				"north": {"uv": [0, 0, 0.01, 0.00025], "texture": "#1"},
				"east": {"uv": [0, 0, 0.005, 0.00025], "texture": "#1"},
				"south": {"uv": [0, 0, 0.01, 0.00025], "texture": "#1"},
				"west": {"uv": [0, 0, 0.005, 0.00025], "texture": "#1"},
				"up": {"uv": [0, 0, 0.01, 0.005], "texture": "#1"},
				"down": {"uv": [0, 0, 0.01, 0.005], "texture": "#1"}
			}
		},
		{
			"from": [11, 0.5, 9.25],
			"to": [12.5, 0.525, 9.75],
			"faces": {
				"north": {"uv": [0, 0, 0.015, 0.00025], "texture": "#1"},
				"east": {"uv": [0, 0, 0.005, 0.00025], "texture": "#1"},
				"south": {"uv": [0, 0, 0.015, 0.00025], "texture": "#1"},
				"west": {"uv": [0, 0, 0.005, 0.00025], "texture": "#1"},
				"up": {"uv": [0, 0, 0.015, 0.005], "texture": "#1"},
				"down": {"uv": [0, 0, 0.015, 0.005], "texture": "#1"}
			}
		},
		{
			"from": [11.5, 0.5, 8.5],
			"to": [12.5, 0.525, 9],
			"faces": {
				"north": {"uv": [0, 0, 0.01, 0.00025], "texture": "#1"},
				"east": {"uv": [0, 0, 0.005, 0.00025], "texture": "#1"},
				"south": {"uv": [0, 0, 0.01, 0.00025], "texture": "#1"},
				"west": {"uv": [0, 0, 0.005, 0.00025], "texture": "#1"},
				"up": {"uv": [0, 0, 0.01, 0.005], "texture": "#1"},
				"down": {"uv": [0, 0, 0.01, 0.005], "texture": "#1"}
			}
		},
		{
			"from": [10.6, 0.5, 8.5],
			"to": [11.2, 0.525, 9],
			"faces": {
				"north": {"uv": [0, 0, 0.006, 0.00025], "texture": "#1"},
				"east": {"uv": [0, 0, 0.005, 0.00025], "texture": "#1"},
				"south": {"uv": [0, 0, 0.006, 0.00025], "texture": "#1"},
				"west": {"uv": [0, 0, 0.005, 0.00025], "texture": "#1"},
				"up": {"uv": [0, 0, 0.006, 0.005], "texture": "#1"},
				"down": {"uv": [0, 0, 0.006, 0.005], "texture": "#1"}
			}
		},
		{
			"from": [9.8, 0.5, 8.5],
			"to": [10.4, 0.525, 9],
			"faces": {
				"north": {"uv": [0, 0, 0.006, 0.00025], "texture": "#1"},
				"east": {"uv": [0, 0, 0.005, 0.00025], "texture": "#1"},
				"south": {"uv": [0, 0, 0.006, 0.00025], "texture": "#1"},
				"west": {"uv": [0, 0, 0.005, 0.00025], "texture": "#1"},
				"up": {"uv": [0, 0, 0.006, 0.005], "texture": "#1"},
				"down": {"uv": [0, 0, 0.006, 0.005], "texture": "#1"}
			}
		},
		{
			"from": [8.2, 0.5, 8.5],
			"to": [8.8, 0.525, 9],
			"faces": {
				"north": {"uv": [0, 0, 0.006, 0.00025], "texture": "#1"},
				"east": {"uv": [0, 0, 0.005, 0.00025], "texture": "#1"},
				"south": {"uv": [0, 0, 0.006, 0.00025], "texture": "#1"},
				"west": {"uv": [0, 0, 0.005, 0.00025], "texture": "#1"},
				"up": {"uv": [0, 0, 0.006, 0.005], "texture": "#1"},
				"down": {"uv": [0, 0, 0.006, 0.005], "texture": "#1"}
			}
		},
		{
			"from": [9, 0.5, 8.5],
			"to": [9.6, 0.525, 9],
			"faces": {
				"north": {"uv": [0, 0, 0.006, 0.00025], "texture": "#1"},
				"east": {"uv": [0, 0, 0.005, 0.00025], "texture": "#1"},
				"south": {"uv": [0, 0, 0.006, 0.00025], "texture": "#1"},
				"west": {"uv": [0, 0, 0.005, 0.00025], "texture": "#1"},
				"up": {"uv": [0, 0, 0.006, 0.005], "texture": "#1"},
				"down": {"uv": [0, 0, 0.006, 0.005], "texture": "#1"}
			}
		},
		{
			"from": [5, 0.5, 8.5],
			"to": [5.6, 0.525, 9],
			"faces": {
				"north": {"uv": [0, 0, 0.006, 0.00025], "texture": "#1"},
				"east": {"uv": [0, 0, 0.005, 0.00025], "texture": "#1"},
				"south": {"uv": [0, 0, 0.006, 0.00025], "texture": "#1"},
				"west": {"uv": [0, 0, 0.005, 0.00025], "texture": "#1"},
				"up": {"uv": [0, 0, 0.006, 0.005], "texture": "#1"},
				"down": {"uv": [0, 0, 0.006, 0.005], "texture": "#1"}
			}
		},
		{
			"from": [5.8, 0.5, 8.5],
			"to": [6.4, 0.525, 9],
			"faces": {
				"north": {"uv": [0, 0, 0.006, 0.00025], "texture": "#1"},
				"east": {"uv": [0, 0, 0.005, 0.00025], "texture": "#1"},
				"south": {"uv": [0, 0, 0.006, 0.00025], "texture": "#1"},
				"west": {"uv": [0, 0, 0.005, 0.00025], "texture": "#1"},
				"up": {"uv": [0, 0, 0.006, 0.005], "texture": "#1"},
				"down": {"uv": [0, 0, 0.006, 0.005], "texture": "#1"}
			}
		},
		{
			"from": [4.2, 0.5, 8.5],
			"to": [4.8, 0.525, 9],
			"faces": {
				"north": {"uv": [0, 0, 0.006, 0.00025], "texture": "#1"},
				"east": {"uv": [0, 0, 0.005, 0.00025], "texture": "#1"},
				"south": {"uv": [0, 0, 0.006, 0.00025], "texture": "#1"},
				"west": {"uv": [0, 0, 0.005, 0.00025], "texture": "#1"},
				"up": {"uv": [0, 0, 0.006, 0.005], "texture": "#1"},
				"down": {"uv": [0, 0, 0.006, 0.005], "texture": "#1"}
			}
		},
		{
			"from": [3.4, 0.5, 8.5],
			"to": [4, 0.525, 9],
			"faces": {
				"north": {"uv": [0, 0, 0.006, 0.00025], "texture": "#1"},
				"east": {"uv": [0, 0, 0.005, 0.00025], "texture": "#1"},
				"south": {"uv": [0, 0, 0.006, 0.00025], "texture": "#1"},
				"west": {"uv": [0, 0, 0.005, 0.00025], "texture": "#1"},
				"up": {"uv": [0, 0, 0.006, 0.005], "texture": "#1"},
				"down": {"uv": [0, 0, 0.006, 0.005], "texture": "#1"}
			}
		},
		{
			"from": [7.4, 0.5, 8.5],
			"to": [8, 0.525, 9],
			"faces": {
				"north": {"uv": [0, 0, 0.006, 0.00025], "texture": "#1"},
				"east": {"uv": [0, 0, 0.005, 0.00025], "texture": "#1"},
				"south": {"uv": [0, 0, 0.006, 0.00025], "texture": "#1"},
				"west": {"uv": [0, 0, 0.005, 0.00025], "texture": "#1"},
				"up": {"uv": [0, 0, 0.006, 0.005], "texture": "#1"},
				"down": {"uv": [0, 0, 0.006, 0.005], "texture": "#1"}
			}
		},
		{
			"from": [6.6, 0.5, 8.5],
			"to": [7.2, 0.525, 9],
			"faces": {
				"north": {"uv": [0, 0, 0.006, 0.00025], "texture": "#1"},
				"east": {"uv": [0, 0, 0.005, 0.00025], "texture": "#1"},
				"south": {"uv": [0, 0, 0.006, 0.00025], "texture": "#1"},
				"west": {"uv": [0, 0, 0.005, 0.00025], "texture": "#1"},
				"up": {"uv": [0, 0, 0.006, 0.005], "texture": "#1"},
				"down": {"uv": [0, 0, 0.006, 0.005], "texture": "#1"}
			}
		},
		{
			"from": [11.6, 0.5, 7.75],
			"to": [12.2, 0.525, 8.25],
			"faces": {
				"north": {"uv": [0, 0, 0.006, 0.00025], "texture": "#1"},
				"east": {"uv": [0, 0, 0.005, 0.00025], "texture": "#1"},
				"south": {"uv": [0, 0, 0.006, 0.00025], "texture": "#1"},
				"west": {"uv": [0, 0, 0.005, 0.00025], "texture": "#1"},
				"up": {"uv": [0, 0, 0.006, 0.005], "texture": "#1"},
				"down": {"uv": [0, 0, 0.006, 0.005], "texture": "#1"}
			}
		},
		{
			"from": [10.8, 0.5, 7.75],
			"to": [11.4, 0.525, 8.25],
			"faces": {
				"north": {"uv": [0, 0, 0.006, 0.00025], "texture": "#1"},
				"east": {"uv": [0, 0, 0.005, 0.00025], "texture": "#1"},
				"south": {"uv": [0, 0, 0.006, 0.00025], "texture": "#1"},
				"west": {"uv": [0, 0, 0.005, 0.00025], "texture": "#1"},
				"up": {"uv": [0, 0, 0.006, 0.005], "texture": "#1"},
				"down": {"uv": [0, 0, 0.006, 0.005], "texture": "#1"}
			}
		},
		{
			"from": [10, 0.5, 7.75],
			"to": [10.6, 0.525, 8.25],
			"faces": {
				"north": {"uv": [0, 0, 0.006, 0.00025], "texture": "#1"},
				"east": {"uv": [0, 0, 0.005, 0.00025], "texture": "#1"},
				"south": {"uv": [0, 0, 0.006, 0.00025], "texture": "#1"},
				"west": {"uv": [0, 0, 0.005, 0.00025], "texture": "#1"},
				"up": {"uv": [0, 0, 0.006, 0.005], "texture": "#1"},
				"down": {"uv": [0, 0, 0.006, 0.005], "texture": "#1"}
			}
		},
		{
			"from": [9.2, 0.5, 7.75],
			"to": [9.8, 0.525, 8.25],
			"faces": {
				"north": {"uv": [0, 0, 0.006, 0.00025], "texture": "#1"},
				"east": {"uv": [0, 0, 0.005, 0.00025], "texture": "#1"},
				"south": {"uv": [0, 0, 0.006, 0.00025], "texture": "#1"},
				"west": {"uv": [0, 0, 0.005, 0.00025], "texture": "#1"},
				"up": {"uv": [0, 0, 0.006, 0.005], "texture": "#1"},
				"down": {"uv": [0, 0, 0.006, 0.005], "texture": "#1"}
			}
		},
		{
			"from": [8.4, 0.5, 7.75],
			"to": [9, 0.525, 8.25],
			"faces": {
				"north": {"uv": [0, 0, 0.006, 0.00025], "texture": "#1"},
				"east": {"uv": [0, 0, 0.005, 0.00025], "texture": "#1"},
				"south": {"uv": [0, 0, 0.006, 0.00025], "texture": "#1"},
				"west": {"uv": [0, 0, 0.005, 0.00025], "texture": "#1"},
				"up": {"uv": [0, 0, 0.006, 0.005], "texture": "#1"},
				"down": {"uv": [0, 0, 0.006, 0.005], "texture": "#1"}
			}
		},
		{
			"from": [7.6, 0.5, 7.75],
			"to": [8.2, 0.525, 8.25],
			"faces": {
				"north": {"uv": [0, 0, 0.006, 0.00025], "texture": "#1"},
				"east": {"uv": [0, 0, 0.005, 0.00025], "texture": "#1"},
				"south": {"uv": [0, 0, 0.006, 0.00025], "texture": "#1"},
				"west": {"uv": [0, 0, 0.005, 0.00025], "texture": "#1"},
				"up": {"uv": [0, 0, 0.006, 0.005], "texture": "#1"},
				"down": {"uv": [0, 0, 0.006, 0.005], "texture": "#1"}
			}
		},
		{
			"from": [6.8, 0.5, 7.75],
			"to": [7.4, 0.525, 8.25],
			"faces": {
				"north": {"uv": [0, 0, 0.006, 0.00025], "texture": "#1"},
				"east": {"uv": [0, 0, 0.005, 0.00025], "texture": "#1"},
				"south": {"uv": [0, 0, 0.006, 0.00025], "texture": "#1"},
				"west": {"uv": [0, 0, 0.005, 0.00025], "texture": "#1"},
				"up": {"uv": [0, 0, 0.006, 0.005], "texture": "#1"},
				"down": {"uv": [0, 0, 0.006, 0.005], "texture": "#1"}
			}
		},
		{
			"from": [6, 0.5, 7.75],
			"to": [6.6, 0.525, 8.25],
			"faces": {
				"north": {"uv": [0, 0, 0.006, 0.00025], "texture": "#1"},
				"east": {"uv": [0, 0, 0.005, 0.00025], "texture": "#1"},
				"south": {"uv": [0, 0, 0.006, 0.00025], "texture": "#1"},
				"west": {"uv": [0, 0, 0.005, 0.00025], "texture": "#1"},
				"up": {"uv": [0, 0, 0.006, 0.005], "texture": "#1"},
				"down": {"uv": [0, 0, 0.006, 0.005], "texture": "#1"}
			}
		},
		{
			"from": [5.2, 0.5, 7.75],
			"to": [5.8, 0.525, 8.25],
			"faces": {
				"north": {"uv": [0, 0, 0.006, 0.00025], "texture": "#1"},
				"east": {"uv": [0, 0, 0.005, 0.00025], "texture": "#1"},
				"south": {"uv": [0, 0, 0.006, 0.00025], "texture": "#1"},
				"west": {"uv": [0, 0, 0.005, 0.00025], "texture": "#1"},
				"up": {"uv": [0, 0, 0.006, 0.005], "texture": "#1"},
				"down": {"uv": [0, 0, 0.006, 0.005], "texture": "#1"}
			}
		},
		{
			"from": [4.4, 0.5, 7.75],
			"to": [5, 0.525, 8.25],
			"faces": {
				"north": {"uv": [0, 0, 0.006, 0.00025], "texture": "#1"},
				"east": {"uv": [0, 0, 0.005, 0.00025], "texture": "#1"},
				"south": {"uv": [0, 0, 0.006, 0.00025], "texture": "#1"},
				"west": {"uv": [0, 0, 0.005, 0.00025], "texture": "#1"},
				"up": {"uv": [0, 0, 0.006, 0.005], "texture": "#1"},
				"down": {"uv": [0, 0, 0.006, 0.005], "texture": "#1"}
			}
		},
		{
			"from": [3.6, 0.5, 7.75],
			"to": [4.2, 0.525, 8.25],
			"faces": {
				"north": {"uv": [0, 0, 0.006, 0.00025], "texture": "#1"},
				"east": {"uv": [0, 0, 0.005, 0.00025], "texture": "#1"},
				"south": {"uv": [0, 0, 0.006, 0.00025], "texture": "#1"},
				"west": {"uv": [0, 0, 0.005, 0.00025], "texture": "#1"},
				"up": {"uv": [0, 0, 0.006, 0.005], "texture": "#1"},
				"down": {"uv": [0, 0, 0.006, 0.005], "texture": "#1"}
			}
		},
		{
			"from": [11.85, 0.5, 7],
			"to": [12.45, 0.525, 7.5],
			"faces": {
				"north": {"uv": [0, 0, 0.006, 0.00025], "texture": "#1"},
				"east": {"uv": [0, 0, 0.005, 0.00025], "texture": "#1"},
				"south": {"uv": [0, 0, 0.006, 0.00025], "texture": "#1"},
				"west": {"uv": [0, 0, 0.005, 0.00025], "texture": "#1"},
				"up": {"uv": [0, 0, 0.006, 0.005], "texture": "#1"},
				"down": {"uv": [0, 0, 0.006, 0.005], "texture": "#1"}
			}
		},
		{
			"from": [11.05, 0.5, 7],
			"to": [11.65, 0.525, 7.5],
			"faces": {
				"north": {"uv": [0, 0, 0.006, 0.00025], "texture": "#1"},
				"east": {"uv": [0, 0, 0.005, 0.00025], "texture": "#1"},
				"south": {"uv": [0, 0, 0.006, 0.00025], "texture": "#1"},
				"west": {"uv": [0, 0, 0.005, 0.00025], "texture": "#1"},
				"up": {"uv": [0, 0, 0.006, 0.005], "texture": "#1"},
				"down": {"uv": [0, 0, 0.006, 0.005], "texture": "#1"}
			}
		},
		{
			"from": [10.25, 0.5, 7],
			"to": [10.85, 0.525, 7.5],
			"faces": {
				"north": {"uv": [0, 0, 0.006, 0.00025], "texture": "#1"},
				"east": {"uv": [0, 0, 0.005, 0.00025], "texture": "#1"},
				"south": {"uv": [0, 0, 0.006, 0.00025], "texture": "#1"},
				"west": {"uv": [0, 0, 0.005, 0.00025], "texture": "#1"},
				"up": {"uv": [0, 0, 0.006, 0.005], "texture": "#1"},
				"down": {"uv": [0, 0, 0.006, 0.005], "texture": "#1"}
			}
		},
		{
			"from": [9.45, 0.5, 7],
			"to": [10.05, 0.525, 7.5],
			"faces": {
				"north": {"uv": [0, 0, 0.006, 0.00025], "texture": "#1"},
				"east": {"uv": [0, 0, 0.005, 0.00025], "texture": "#1"},
				"south": {"uv": [0, 0, 0.006, 0.00025], "texture": "#1"},
				"west": {"uv": [0, 0, 0.005, 0.00025], "texture": "#1"},
				"up": {"uv": [0, 0, 0.006, 0.005], "texture": "#1"},
				"down": {"uv": [0, 0, 0.006, 0.005], "texture": "#1"}
			}
		},
		{
			"from": [8.65, 0.5, 7],
			"to": [9.25, 0.525, 7.5],
			"faces": {
				"north": {"uv": [0, 0, 0.006, 0.00025], "texture": "#1"},
				"east": {"uv": [0, 0, 0.005, 0.00025], "texture": "#1"},
				"south": {"uv": [0, 0, 0.006, 0.00025], "texture": "#1"},
				"west": {"uv": [0, 0, 0.005, 0.00025], "texture": "#1"},
				"up": {"uv": [0, 0, 0.006, 0.005], "texture": "#1"},
				"down": {"uv": [0, 0, 0.006, 0.005], "texture": "#1"}
			}
		},
		{
			"from": [7.85, 0.5, 7],
			"to": [8.45, 0.525, 7.5],
			"faces": {
				"north": {"uv": [0, 0, 0.006, 0.00025], "texture": "#1"},
				"east": {"uv": [0, 0, 0.005, 0.00025], "texture": "#1"},
				"south": {"uv": [0, 0, 0.006, 0.00025], "texture": "#1"},
				"west": {"uv": [0, 0, 0.005, 0.00025], "texture": "#1"},
				"up": {"uv": [0, 0, 0.006, 0.005], "texture": "#1"},
				"down": {"uv": [0, 0, 0.006, 0.005], "texture": "#1"}
			}
		},
		{
			"from": [7.05, 0.5, 7],
			"to": [7.65, 0.525, 7.5],
			"faces": {
				"north": {"uv": [0, 0, 0.006, 0.00025], "texture": "#1"},
				"east": {"uv": [0, 0, 0.005, 0.00025], "texture": "#1"},
				"south": {"uv": [0, 0, 0.006, 0.00025], "texture": "#1"},
				"west": {"uv": [0, 0, 0.005, 0.00025], "texture": "#1"},
				"up": {"uv": [0, 0, 0.006, 0.005], "texture": "#1"},
				"down": {"uv": [0, 0, 0.006, 0.005], "texture": "#1"}
			}
		},
		{
			"from": [6.25, 0.5, 7],
			"to": [6.85, 0.525, 7.5],
			"faces": {
				"north": {"uv": [0, 0, 0.006, 0.00025], "texture": "#1"},
				"east": {"uv": [0, 0, 0.005, 0.00025], "texture": "#1"},
				"south": {"uv": [0, 0, 0.006, 0.00025], "texture": "#1"},
				"west": {"uv": [0, 0, 0.005, 0.00025], "texture": "#1"},
				"up": {"uv": [0, 0, 0.006, 0.005], "texture": "#1"},
				"down": {"uv": [0, 0, 0.006, 0.005], "texture": "#1"}
			}
		},
		{
			"from": [5.45, 0.5, 7],
			"to": [6.05, 0.525, 7.5],
			"faces": {
				"north": {"uv": [0, 0, 0.006, 0.00025], "texture": "#1"},
				"east": {"uv": [0, 0, 0.005, 0.00025], "texture": "#1"},
				"south": {"uv": [0, 0, 0.006, 0.00025], "texture": "#1"},
				"west": {"uv": [0, 0, 0.005, 0.00025], "texture": "#1"},
				"up": {"uv": [0, 0, 0.006, 0.005], "texture": "#1"},
				"down": {"uv": [0, 0, 0.006, 0.005], "texture": "#1"}
			}
		},
		{
			"from": [4.65, 0.5, 7],
			"to": [5.25, 0.525, 7.5],
			"faces": {
				"north": {"uv": [0, 0, 0.006, 0.00025], "texture": "#1"},
				"east": {"uv": [0, 0, 0.005, 0.00025], "texture": "#1"},
				"south": {"uv": [0, 0, 0.006, 0.00025], "texture": "#1"},
				"west": {"uv": [0, 0, 0.005, 0.00025], "texture": "#1"},
				"up": {"uv": [0, 0, 0.006, 0.005], "texture": "#1"},
				"down": {"uv": [0, 0, 0.006, 0.005], "texture": "#1"}
			}
		},
		{
			"from": [3.85, 0.5, 7],
			"to": [4.45, 0.525, 7.5],
			"faces": {
				"north": {"uv": [0, 0, 0.006, 0.00025], "texture": "#1"},
				"east": {"uv": [0, 0, 0.005, 0.00025], "texture": "#1"},
				"south": {"uv": [0, 0, 0.006, 0.00025], "texture": "#1"},
				"west": {"uv": [0, 0, 0.005, 0.00025], "texture": "#1"},
				"up": {"uv": [0, 0, 0.006, 0.005], "texture": "#1"},
				"down": {"uv": [0, 0, 0.006, 0.005], "texture": "#1"}
			}
		},
		{
			"from": [9.75, 0.5, 9.25],
			"to": [10.75, 0.525, 9.75],
			"faces": {
				"north": {"uv": [0, 0, 0.01, 0.00025], "texture": "#1"},
				"east": {"uv": [0, 0, 0.005, 0.00025], "texture": "#1"},
				"south": {"uv": [0, 0, 0.01, 0.00025], "texture": "#1"},
				"west": {"uv": [0, 0, 0.005, 0.00025], "texture": "#1"},
				"up": {"uv": [0, 0, 0.01, 0.005], "texture": "#1"},
				"down": {"uv": [0, 0, 0.01, 0.005], "texture": "#1"}
			}
		},
		{
			"from": [7.25, 0.5, 9.25],
			"to": [8.25, 0.525, 9.75],
			"faces": {
				"north": {"uv": [0, 0, 0.01, 0.00025], "texture": "#1"},
				"east": {"uv": [0, 0, 0.005, 0.00025], "texture": "#1"},
				"south": {"uv": [0, 0, 0.01, 0.00025], "texture": "#1"},
				"west": {"uv": [0, 0, 0.005, 0.00025], "texture": "#1"},
				"up": {"uv": [0, 0, 0.01, 0.005], "texture": "#1"},
				"down": {"uv": [0, 0, 0.01, 0.005], "texture": "#1"}
			}
		},
		{
			"from": [8.5, 0.5, 9.25],
			"to": [9.5, 0.525, 9.75],
			"faces": {
				"north": {"uv": [0, 0, 0.01, 0.00025], "texture": "#1"},
				"east": {"uv": [0, 0, 0.005, 0.00025], "texture": "#1"},
				"south": {"uv": [0, 0, 0.01, 0.00025], "texture": "#1"},
				"west": {"uv": [0, 0, 0.005, 0.00025], "texture": "#1"},
				"up": {"uv": [0, 0, 0.01, 0.005], "texture": "#1"},
				"down": {"uv": [0, 0, 0.01, 0.005], "texture": "#1"}
			}
		},
		{
			"from": [3.5, 0.5, 9.25],
			"to": [4.5, 0.525, 9.75],
			"faces": {
				"north": {"uv": [0, 0, 0.01, 0.00025], "texture": "#1"},
				"east": {"uv": [0, 0, 0.005, 0.00025], "texture": "#1"},
				"south": {"uv": [0, 0, 0.01, 0.00025], "texture": "#1"},
				"west": {"uv": [0, 0, 0.005, 0.00025], "texture": "#1"},
				"up": {"uv": [0, 0, 0.01, 0.005], "texture": "#1"},
				"down": {"uv": [0, 0, 0.01, 0.005], "texture": "#1"}
			}
		},
		{
			"from": [6, 0.5, 9.25],
			"to": [7, 0.525, 9.75],
			"faces": {
				"north": {"uv": [0, 0, 0.01, 0.00025], "texture": "#1"},
				"east": {"uv": [0, 0, 0.005, 0.00025], "texture": "#1"},
				"south": {"uv": [0, 0, 0.01, 0.00025], "texture": "#1"},
				"west": {"uv": [0, 0, 0.005, 0.00025], "texture": "#1"},
				"up": {"uv": [0, 0, 0.01, 0.005], "texture": "#1"},
				"down": {"uv": [0, 0, 0.01, 0.005], "texture": "#1"}
			}
		},
		{
			"from": [4.75, 0.5, 9.25],
			"to": [5.75, 0.525, 9.75],
			"faces": {
				"north": {"uv": [0, 0, 0.01, 0.00025], "texture": "#1"},
				"east": {"uv": [0, 0, 0.005, 0.00025], "texture": "#1"},
				"south": {"uv": [0, 0, 0.01, 0.00025], "texture": "#1"},
				"west": {"uv": [0, 0, 0.005, 0.00025], "texture": "#1"},
				"up": {"uv": [0, 0, 0.01, 0.005], "texture": "#1"},
				"down": {"uv": [0, 0, 0.01, 0.005], "texture": "#1"}
			}
		}
	],
	"groups": [
		{
			"name": "group",
			"origin": [7, 0.5, 11],
			"color": 0,
			"children": [0, 1, 2, 3, 4, 5, 6, 7, 8]
		},
		{
			"name": "group",
			"origin": [0, 0, 0],
			"color": 0,
			"children": [9, 10, 11, 12, 13, 14, 15, 16, 17, 18, 19, 20, 21, 22, 23, 24, 25, 26, 27, 28, 29, 30, 31, 32, 33, 34, 35, 36, 37, 38, 39, 40, 41, 42, 43, 44, 45, 46, 47, 48, 49, 50]
		}
	],
	"display": {
		"firstperson_righthand": {
			"rotation": [0, -90, 25],
			"translation": [1.13, 0, 1.13],
			"scale": [0.68, 0.68, 0.68]
		},
		"firstperson_lefthand": {
			"rotation": [0, -90, 25],
			"translation": [1.13, 0, 1.13],
			"scale": [0.68, 0.68, 0.68]
		},
		"ground": {
			"translation": [0, 2, 0],
			"scale": [0.5, 0.5, 0.5]
		},
		"gui": {
			"rotation": [30, 225, 0],
			"translation": [0, -1, 0],
			"scale": [0.625, 0.625, 0.625]
		},
		"head": {
			"rotation": [-60, 0, 0],
			"translation": [0, 7.5, -11.5],
			"scale": [1.6, 1.6, 1.6]
		},
		"fixed": {
			"rotation": [90, -180, -180],
			"translation": [0, 0, -16.8],
			"scale": [2.1, 2.1, 2.1]
		}
	}
}