{
  "parent": "minecraft:item/template_spawn_egg",
  "overrides": [
      {"predicate": {"custom_model_data":100000}, "model": "furniture/misc/laptop/0"},
      {"predicate": {"custom_model_data":100001}, "model": "furniture/misc/laptop/1"},
      {"predicate": {"custom_model_data":100002}, "model": "furniture/misc/laptop/2"},
      {"predicate": {"custom_model_data":100003}, "model": "furniture/misc/laptop/3"},
      {"predicate": {"custom_model_data":100004}, "model": "furniture/misc/laptop/4"},        
      {"predicate": {"custom_model_data":612101}, "model": "gbtan/block/cooling_coil_off"},
      {"predicate": {"custom_model_data":612102}, "model": "gbtan/block/cooling_coil_on"},
      {"predicate": {"custom_model_data":612103}, "model": "gbtan/block/heating_coil_off"},
      {"predicate": {"custom_model_data":612104}, "model": "gbtan/block/heating_coil_on"},
      {"predicate": {"custom_model_data":612201}, "model": "item/gb_drawer_1"},
      {"predicate": {"custom_model_data":612299}, "model": "item/compact_machine"},
      {"predicate": {"custom_model_data":612301}, "model": "spacetech/block/stirling_generator"},
      {"predicate": {"custom_model_data":612302}, "model": "item/energy_bank1"},
      {"predicate": {"custom_model_data":612303}, "model": "item/energy_bank2"},
      {"predicate": {"custom_model_data":612304}, "model": "item/energy_bank3"},
      {"predicate": {"custom_model_data":612305}, "model": "item/energy_bank4"},
      {"predicate": {"custom_model_data":612306}, "model": "item/energy_bank5"},
      {"predicate": {"custom_model_data":612307}, "model": "item/energy_bank6"},
      {"predicate": {"custom_model_data":612308}, "model": "item/energy_bank7"},
      {"predicate": {"custom_model_data":612309}, "model": "item/energy_bank8"},
      {"predicate": {"custom_model_data":612310}, "model": "item/energy_bank9"},
      {"predicate": {"custom_model_data":612312}, "model": "item/oxygen_vent"},
      {"predicate": {"custom_model_data":613000}, "model": "item/gb_crafting"},
      {"predicate": {"custom_model_data":617001}, "model": "spacetech/block/molten_furnace_controller"},
      {"predicate": {"custom_model_data":617002}, "model": "spacetech/block/molten_furnace_output"},
      {"predicate": {"custom_model_data":617003}, "model": "spacetech/block/conduit/item"},
      {"predicate": {"custom_model_data":911001}, "model": "furniture/studentdesk1item"},
      {"predicate": {"custom_model_data":911002}, "model": "furniture/aircon1item"},
      {"predicate": {"custom_model_data":911003}, "model": "furniture/teacherdesk1item"},
      {"predicate": {"custom_model_data":911004}, "model": "furniture/studentchair1"},
      {"predicate": {"custom_model_data":911005}, "model": "furniture/bench/benchoak"},
      {"predicate": {"custom_model_data":911006}, "model": "furniture/bench/benchbirch"},
      {"predicate": {"custom_model_data":911007}, "model": "furniture/bench/benchspruce"},
      {"predicate": {"custom_model_data":911008}, "model": "furniture/bench/benchjungle"},
      {"predicate": {"custom_model_data":911009}, "model": "furniture/bench/benchacacia"},
      {"predicate": {"custom_model_data":911010}, "model": "furniture/bench/benchdarkoak"},
      {"predicate": {"custom_model_data":911011}, "model": "furniture/bench/benchcrimson"},
      {"predicate": {"custom_model_data":911012}, "model": "furniture/bench/benchwarped"},
      {"predicate": {"custom_model_data":911013}, "model": "furniture/barrel1"},
      {"predicate": {"custom_model_data":911014}, "model": "furniture/anvil"},
      {"predicate": {"custom_model_data":911015}, "model": "furniture/rounded_table_1/rounded_table_1_oak"},
      {"predicate": {"custom_model_data":911016}, "model": "furniture/rounded_table_1/rounded_table_1_birch"},
      {"predicate": {"custom_model_data":911017}, "model": "furniture/rounded_table_1/rounded_table_1_spruce"},
      {"predicate": {"custom_model_data":911018}, "model": "furniture/rounded_table_1/rounded_table_1_jungle"},
      {"predicate": {"custom_model_data":911019}, "model": "furniture/rounded_table_1/rounded_table_1_acacia"},
      {"predicate": {"custom_model_data":911020}, "model": "furniture/rounded_table_1/rounded_table_1_darkoak"},
      {"predicate": {"custom_model_data":911021}, "model": "furniture/rounded_table_1/rounded_table_1_crimson"},
      {"predicate": {"custom_model_data":911022}, "model": "furniture/rounded_table_1/rounded_table_1_warped"},
      {"predicate": {"custom_model_data":911023}, "model": "furniture/rounded_table_1/rounded_table_1_stone"},
      {"predicate": {"custom_model_data":911024}, "model": "furniture/rounded_table_1/rounded_table_1_cobblestone"},
      {"predicate": {"custom_model_data":911025}, "model": "furniture/rounded_table_1/rounded_table_1_mossycobblestone"},
      {"predicate": {"custom_model_data":911026}, "model": "furniture/rounded_table_1/rounded_table_1_cutsandstone"},
      {"predicate": {"custom_model_data":911027}, "model": "furniture/rounded_table_1/rounded_table_1_cutredsandstone"},
      {"predicate": {"custom_model_data":911028}, "model": "furniture/rounded_table_1/rounded_table_1_deepslate"},
      {"predicate": {"custom_model_data":911029}, "model": "furniture/rounded_table_1/rounded_table_1_polisheddiorite"},
      {"predicate": {"custom_model_data":911030}, "model": "furniture/rounded_table_1/rounded_table_1_polishedandesite"},
      {"predicate": {"custom_model_data":911031}, "model": "furniture/rounded_table_1/rounded_table_1_polishedgranite"},
      {"predicate": {"custom_model_data":911032}, "model": "furniture/rounded_table_1/rounded_table_1_smoothstone"},
      {"predicate": {"custom_model_data":911033}, "model": "furniture/rounded_table_1/rounded_table_1_polishedblackstone"},
      {"predicate": {"custom_model_data":911034}, "model": "furniture/rounded_table_1/rounded_table_1_stonebricks"},
      {"predicate": {"custom_model_data":911035}, "model": "furniture/rounded_table_1/rounded_table_1_quartz"},
      {"predicate": {"custom_model_data":911036}, "model": "furniture/smithing_table_1"},
      {"predicate": {"custom_model_data":911037}, "model": "furniture/drinks/orange_juice"},
      {"predicate": {"custom_model_data":911038}, "model": "furniture/smithing_table_2"},
      {"predicate": {"custom_model_data":911039}, "model": "furniture/short_bench/short_benchoak"},
      {"predicate": {"custom_model_data":911040}, "model": "furniture/short_bench/short_benchbirch"},
      {"predicate": {"custom_model_data":911041}, "model": "furniture/short_bench/short_benchspruce"},
      {"predicate": {"custom_model_data":911042}, "model": "furniture/short_bench/short_benchjungle"},
      {"predicate": {"custom_model_data":911043}, "model": "furniture/short_bench/short_benchacacia"},
      {"predicate": {"custom_model_data":911044}, "model": "furniture/short_bench/short_benchdarkoak"},
      {"predicate": {"custom_model_data":911045}, "model": "furniture/short_bench/short_benchcrimson"},
      {"predicate": {"custom_model_data":911046}, "model": "furniture/short_bench/short_benchwarped"},
      {"predicate": {"custom_model_data":911047}, "model": "furniture/globe/globe_copper"},
      {"predicate": {"custom_model_data":911048}, "model": "furniture/globe/globe_gold"},
      {"predicate": {"custom_model_data":911049}, "model": "furniture/globe/globe_oxidized_copper"},
      {"predicate": {"custom_model_data":911050}, "model": "furniture/drinks/apple_juice"},
      {"predicate": {"custom_model_data":911051}, "model": "furniture/drinks/lemonade"},
      {"predicate": {"custom_model_data":911052}, "model": "furniture/shelf"},
      {"predicate": {"custom_model_data":911053}, "model": "furniture/crop_plot/oak"},
      {"predicate": {"custom_model_data":911054}, "model": "furniture/crop_plot/birch"},
      {"predicate": {"custom_model_data":911055}, "model": "furniture/crop_plot/spruce"},
      {"predicate": {"custom_model_data":911056}, "model": "furniture/crop_plot/jungle"},
      {"predicate": {"custom_model_data":911057}, "model": "furniture/crop_plot/acacia"},
      {"predicate": {"custom_model_data":911058}, "model": "furniture/crop_plot/darkoak"},
      {"predicate": {"custom_model_data":911059}, "model": "furniture/crop_plot/crimson"},
      {"predicate": {"custom_model_data":911060}, "model": "furniture/crop_plot/warped"},
      {"predicate": {"custom_model_data":911061}, "model": "furniture/crop_plot/stripped/oak"},
      {"predicate": {"custom_model_data":911062}, "model": "furniture/crop_plot/stripped/birch"},
      {"predicate": {"custom_model_data":911063}, "model": "furniture/crop_plot/stripped/spruce"},
      {"predicate": {"custom_model_data":911064}, "model": "furniture/crop_plot/stripped/jungle"},
      {"predicate": {"custom_model_data":911065}, "model": "furniture/crop_plot/stripped/acacia"},
      {"predicate": {"custom_model_data":911066}, "model": "furniture/crop_plot/stripped/darkoak"},
      {"predicate": {"custom_model_data":911067}, "model": "furniture/crop_plot/stripped/crimson"},
      {"predicate": {"custom_model_data":911068}, "model": "furniture/crop_plot/stripped/warped"},
      {"predicate": {"custom_model_data":911069}, "model": "furniture/misc/locker1"},
      {"predicate": {"custom_model_data":911070}, "model": "furniture/misc/half_white_concrete"},
      {"predicate": {"custom_model_data":911071}, "model": "furniture/misc/double_vert_slab/light_blue_terracotta_light_gray_concrete"},
      {"predicate": {"custom_model_data":911072}, "model": "furniture/misc/ceiling_fan1"},
      {"predicate": {"custom_model_data":911073}, "model": "furniture/table/double_student_desk"},
      {"predicate": {"custom_model_data":911074}, "model": "furniture/misc/electrical_box"},
      {"predicate": {"custom_model_data":911075}, "model": "furniture/misc/light1"},
      {"predicate": {"custom_model_data":911076}, "model": "furniture/misc/door_frame"},
      {"predicate": {"custom_model_data":911077}, "model": "furniture/misc/hallway_wall"},
      {"predicate": {"custom_model_data":911078}, "model": "furniture/misc/painting1"},
      {"predicate": {"custom_model_data":911079}, "model": "furniture/misc/painting2"},
      {"predicate": {"custom_model_data":912011}, "model": "furniture/stone_path_1"},
      {"predicate": {"custom_model_data":912012}, "model": "furniture/magic_carpet"}
  ]
}