{
	"credit": "Made with Blockbench",
	"texture_size": [128, 128],
	"textures": {
		"3": "gbspace/oxygen_vent",
		"particle": "gbspace/oxygen_vent"
	},
	"elements": [
		{
			"from": [-0.4, 15, -0.4],
			"to": [16.4, 16, 16.4],
			"rotation": {"angle": 0, "axis": "y", "origin": [8, 23, 8]},
			"faces": {
				"north": {"uv": [8.125, 1.125, 10.25, 1.25], "texture": "#3"},
				"east": {"uv": [8.125, 1.25, 10.25, 1.375], "texture": "#3"},
				"south": {"uv": [8.125, 1.375, 10.25, 1.5], "texture": "#3"},
				"west": {"uv": [8.125, 1.5, 10.25, 1.625], "texture": "#3"},
				"up": {"uv": [2.125, 2.125, 0, 0], "texture": "#3"},
				"down": {"uv": [2.125, 2.125, 0, 4.25], "texture": "#3"}
			}
		},
		{
			"from": [0.6, 16, 0.6],
			"to": [15.4, 16.5, 15.4],
			"rotation": {"angle": 0, "axis": "y", "origin": [8, 24, 8]},
			"faces": {
				"north": {"uv": [5.875, 5.75, 7.75, 5.875], "texture": "#3"},
				"east": {"uv": [8.125, 2.5, 10, 2.625], "texture": "#3"},
				"south": {"uv": [8.125, 2.625, 10, 2.75], "texture": "#3"},
				"west": {"uv": [8.125, 2.75, 10, 2.875], "texture": "#3"},
				"up": {"uv": [5.875, 6.125, 4, 4.25], "texture": "#3"},
				"down": {"uv": [6.125, 0, 4.25, 1.875], "texture": "#3"}
			}
		},
		{
			"from": [-0.4, 0, -0.4],
			"to": [16.4, 1, 16.4],
			"faces": {
				"north": {"uv": [8.125, 1.625, 10.25, 1.75], "texture": "#3"},
				"east": {"uv": [8.125, 2.125, 10.25, 2.25], "texture": "#3"},
				"south": {"uv": [8.125, 2.25, 10.25, 2.375], "texture": "#3"},
				"west": {"uv": [8.125, 2.375, 10.25, 2.5], "texture": "#3"},
				"up": {"uv": [4.25, 4.25, 2.125, 2.125], "texture": "#3"},
				"down": {"uv": [4.25, 0, 2.125, 2.125], "texture": "#3"}
			}
		},
		{
			"from": [0, 1, 0],
			"to": [16, 15, 16],
			"faces": {
				"north": {"uv": [4.25, 1.875, 6.25, 3.625], "texture": "#3"},
				"east": {"uv": [5.875, 5.875, 7.875, 7.625], "texture": "#3"},
				"south": {"uv": [5.875, 3.625, 7.875, 5.375], "texture": "#3"},
				"west": {"uv": [6.125, 0, 8.125, 1.75], "texture": "#3"},
				"up": {"uv": [2, 6.25, 0, 4.25], "texture": "#3"},
				"down": {"uv": [4, 4.25, 2, 6.25], "texture": "#3"}
			}
		},
		{
			"name": "octagon",
			"from": [22.75736, 1, 5],
			"to": [25.24264, 15, 11],
			"rotation": {"angle": 45, "axis": "y", "origin": [24, 1.5, 8]},
			"faces": {
				"north": {"uv": [5.5, 6.125, 5.75, 7.875], "texture": "#3"},
				"east": {"uv": [4, 6.125, 4.75, 7.875], "texture": "#3"},
				"south": {"uv": [3.75, 6.25, 4, 8], "texture": "#3"},
				"west": {"uv": [4.75, 6.125, 5.5, 7.875], "texture": "#3"},
				"up": {"uv": [5.75, 8.625, 5.5, 7.875], "texture": "#3"},
				"down": {"uv": [4, 8, 3.75, 8.75], "texture": "#3"}
			}
		},
		{
			"name": "octagon",
			"from": [22.75736, 1, 5],
			"to": [25.24264, 15, 11],
			"rotation": {"angle": 0, "axis": "y", "origin": [24, 1.5, 8]},
			"faces": {
				"north": {"uv": [7, 1.75, 7.25, 3.5], "texture": "#3"},
				"east": {"uv": [0, 6.25, 0.75, 8], "texture": "#3"},
				"south": {"uv": [7.25, 1.75, 7.5, 3.5], "texture": "#3"},
				"west": {"uv": [0.75, 6.25, 1.5, 8], "texture": "#3"},
				"up": {"uv": [8.5, 5.375, 8.25, 4.625], "texture": "#3"},
				"down": {"uv": [8.5, 5.375, 8.25, 6.125], "texture": "#3"}
			}
		},
		{
			"name": "octagon",
			"from": [21, 1, 6.75736],
			"to": [27, 15, 9.24264],
			"rotation": {"angle": 45, "axis": "y", "origin": [24, 1.5, 8]},
			"faces": {
				"north": {"uv": [1.5, 6.25, 2.25, 8], "texture": "#3"},
				"east": {"uv": [7.5, 1.75, 7.75, 3.5], "texture": "#3"},
				"south": {"uv": [2.25, 6.25, 3, 8], "texture": "#3"},
				"west": {"uv": [5.75, 7.625, 6, 9.375], "texture": "#3"},
				"up": {"uv": [5, 4.25, 4.25, 4], "texture": "#3"},
				"down": {"uv": [5.75, 4, 5, 4.25], "texture": "#3"}
			}
		},
		{
			"name": "octagon",
			"from": [21, 1, 6.75736],
			"to": [27, 15, 9.24264],
			"rotation": {"angle": 0, "axis": "y", "origin": [24, 1.5, 8]},
			"faces": {
				"north": {"uv": [3, 6.25, 3.75, 8], "texture": "#3"},
				"east": {"uv": [6, 7.625, 6.25, 9.375], "texture": "#3"},
				"south": {"uv": [6.25, 1.75, 7, 3.5], "texture": "#3"},
				"west": {"uv": [6.25, 7.625, 6.5, 9.375], "texture": "#3"},
				"up": {"uv": [8.875, 3.125, 8.125, 2.875], "texture": "#3"},
				"down": {"uv": [9, 6.125, 8.25, 6.375], "texture": "#3"}
			}
		},
		{
			"name": "octagon",
			"from": [22.75736, 16, 5],
			"to": [25.24264, 16.5, 11],
			"rotation": {"angle": 45, "axis": "y", "origin": [24, 1.5, 8]},
			"faces": {
				"north": {"uv": [7.625, 3.5, 7.875, 3.625], "texture": "#3"},
				"east": {"uv": [3.75, 9, 4.5, 9.125], "texture": "#3"},
				"south": {"uv": [3.75, 8.75, 4, 8.875], "texture": "#3"},
				"west": {"uv": [4.5, 9, 5.25, 9.125], "texture": "#3"},
				"up": {"uv": [8.5, 7.125, 8.25, 6.375], "texture": "#3"},
				"down": {"uv": [0.25, 8.375, 0, 9.125], "texture": "#3"}
			}
		},
		{
			"name": "octagon",
			"from": [22.75736, 16, 5],
			"to": [25.24264, 16.5, 11],
			"rotation": {"angle": 0, "axis": "y", "origin": [24, 1.5, 8]},
			"faces": {
				"north": {"uv": [7.625, 9.125, 7.875, 9.25], "texture": "#3"},
				"east": {"uv": [6.5, 9, 7.25, 9.125], "texture": "#3"},
				"south": {"uv": [7.875, 9.125, 8.125, 9.25], "texture": "#3"},
				"west": {"uv": [7.25, 9, 8, 9.125], "texture": "#3"},
				"up": {"uv": [0.5, 9.125, 0.25, 8.375], "texture": "#3"},
				"down": {"uv": [0.75, 8.375, 0.5, 9.125], "texture": "#3"}
			}
		},
		{
			"name": "octagon",
			"from": [21, 16, 6.75736],
			"to": [27, 16.5, 9.24264],
			"rotation": {"angle": 45, "axis": "y", "origin": [24, 1.5, 8]},
			"faces": {
				"north": {"uv": [8, 9, 8.75, 9.125], "texture": "#3"},
				"east": {"uv": [8.125, 9.125, 8.375, 9.25], "texture": "#3"},
				"south": {"uv": [8.75, 9, 9.5, 9.125], "texture": "#3"},
				"west": {"uv": [8.375, 9.125, 8.625, 9.25], "texture": "#3"},
				"up": {"uv": [1.5, 8.625, 0.75, 8.375], "texture": "#3"},
				"down": {"uv": [2.25, 8.375, 1.5, 8.625], "texture": "#3"}
			}
		},
		{
			"name": "octagon",
			"from": [21, 16, 6.75736],
			"to": [27, 16.5, 9.24264],
			"rotation": {"angle": 0, "axis": "y", "origin": [24, 1.5, 8]},
			"faces": {
				"north": {"uv": [9, 0, 9.75, 0.125], "texture": "#3"},
				"east": {"uv": [8.625, 9.125, 8.875, 9.25], "texture": "#3"},
				"south": {"uv": [9, 0.125, 9.75, 0.25], "texture": "#3"},
				"west": {"uv": [8.875, 9.125, 9.125, 9.25], "texture": "#3"},
				"up": {"uv": [9.125, 8.625, 8.375, 8.375], "texture": "#3"},
				"down": {"uv": [9.125, 8, 8.375, 8.25], "texture": "#3"}
			}
		},
		{
			"name": "octagon",
			"from": [22.34315, 0, 4],
			"to": [25.65685, 1, 12],
			"rotation": {"angle": 45, "axis": "y", "origin": [24, 0, 8]},
			"faces": {
				"north": {"uv": [0.375, 9.125, 0.75, 9.25], "texture": "#3"},
				"east": {"uv": [6.25, 3.5, 7.25, 3.625], "texture": "#3"},
				"south": {"uv": [0.75, 9.125, 1.125, 9.25], "texture": "#3"},
				"west": {"uv": [8.25, 7.125, 9.25, 7.25], "texture": "#3"},
				"up": {"uv": [6.875, 8.625, 6.5, 7.625], "texture": "#3"},
				"down": {"uv": [7.25, 7.625, 6.875, 8.625], "texture": "#3"}
			}
		},
		{
			"name": "octagon",
			"from": [22.34315, 0, 4],
			"to": [25.65685, 1, 12],
			"rotation": {"angle": 0, "axis": "y", "origin": [24, 0, 8]},
			"faces": {
				"north": {"uv": [1.125, 9.125, 1.5, 9.25], "texture": "#3"},
				"east": {"uv": [8.375, 8.25, 9.375, 8.375], "texture": "#3"},
				"south": {"uv": [1.5, 9.125, 1.875, 9.25], "texture": "#3"},
				"west": {"uv": [8.5, 5.875, 9.5, 6], "texture": "#3"},
				"up": {"uv": [7.625, 8.625, 7.25, 7.625], "texture": "#3"},
				"down": {"uv": [8, 7.625, 7.625, 8.625], "texture": "#3"}
			}
		},
		{
			"name": "octagon",
			"from": [20, 0, 6.34315],
			"to": [28, 1, 9.65685],
			"rotation": {"angle": 45, "axis": "y", "origin": [24, 0, 8]},
			"faces": {
				"north": {"uv": [8.5, 6, 9.5, 6.125], "texture": "#3"},
				"east": {"uv": [1.875, 9.125, 2.25, 9.25], "texture": "#3"},
				"south": {"uv": [8.5, 7, 9.5, 7.125], "texture": "#3"},
				"west": {"uv": [2.25, 9.125, 2.625, 9.25], "texture": "#3"},
				"up": {"uv": [5.25, 4, 4.25, 3.625], "texture": "#3"},
				"down": {"uv": [6.875, 5.375, 5.875, 5.75], "texture": "#3"}
			}
		},
		{
			"name": "octagon",
			"from": [20, 0, 6.34315],
			"to": [28, 1, 9.65685],
			"rotation": {"angle": 0, "axis": "y", "origin": [24, 0, 8]},
			"faces": {
				"north": {"uv": [0.75, 8.625, 1.75, 8.75], "texture": "#3"},
				"east": {"uv": [2.625, 9.125, 3, 9.25], "texture": "#3"},
				"south": {"uv": [6.5, 8.625, 7.5, 8.75], "texture": "#3"},
				"west": {"uv": [3, 9.125, 3.375, 9.25], "texture": "#3"},
				"up": {"uv": [7.875, 5.75, 6.875, 5.375], "texture": "#3"},
				"down": {"uv": [8.75, 1.75, 7.75, 2.125], "texture": "#3"}
			}
		},
		{
			"name": "octagon",
			"from": [22.34315, 15, 4],
			"to": [25.65685, 16, 12],
			"rotation": {"angle": 45, "axis": "y", "origin": [24, 15, 8]},
			"faces": {
				"north": {"uv": [3.375, 9.125, 3.75, 9.25], "texture": "#3"},
				"east": {"uv": [8.375, 8.625, 9.375, 8.75], "texture": "#3"},
				"south": {"uv": [3.75, 9.125, 4.125, 9.25], "texture": "#3"},
				"west": {"uv": [0.75, 8.75, 1.75, 8.875], "texture": "#3"},
				"up": {"uv": [8.125, 3.125, 7.75, 2.125], "texture": "#3"},
				"down": {"uv": [4.375, 7.875, 4, 8.875], "texture": "#3"}
			}
		},
		{
			"name": "octagon",
			"from": [22.34315, 15, 4],
			"to": [25.65685, 16, 12],
			"rotation": {"angle": 0, "axis": "y", "origin": [24, 15, 8]},
			"faces": {
				"north": {"uv": [4.125, 9.125, 4.5, 9.25], "texture": "#3"},
				"east": {"uv": [6.5, 8.75, 7.5, 8.875], "texture": "#3"},
				"south": {"uv": [4.5, 9.125, 4.875, 9.25], "texture": "#3"},
				"west": {"uv": [8.375, 8.75, 9.375, 8.875], "texture": "#3"},
				"up": {"uv": [4.75, 8.875, 4.375, 7.875], "texture": "#3"},
				"down": {"uv": [5.125, 7.875, 4.75, 8.875], "texture": "#3"}
			}
		},
		{
			"name": "octagon",
			"from": [20, 15, 6.34315],
			"to": [28, 16, 9.65685],
			"rotation": {"angle": 45, "axis": "y", "origin": [24, 15, 8]},
			"faces": {
				"north": {"uv": [8.75, 1.75, 9.75, 1.875], "texture": "#3"},
				"east": {"uv": [4.875, 9.125, 5.25, 9.25], "texture": "#3"},
				"south": {"uv": [8.75, 1.875, 9.75, 2], "texture": "#3"},
				"west": {"uv": [6.5, 9.125, 6.875, 9.25], "texture": "#3"},
				"up": {"uv": [8.75, 3.5, 7.75, 3.125], "texture": "#3"},
				"down": {"uv": [8.875, 3.5, 7.875, 3.875], "texture": "#3"}
			}
		},
		{
			"name": "octagon",
			"from": [20, 15, 6.34315],
			"to": [28, 16, 9.65685],
			"rotation": {"angle": 0, "axis": "y", "origin": [24, 15, 8]},
			"faces": {
				"north": {"uv": [8.75, 2, 9.75, 2.125], "texture": "#3"},
				"east": {"uv": [6.875, 9.125, 7.25, 9.25], "texture": "#3"},
				"south": {"uv": [8.75, 3.125, 9.75, 3.25], "texture": "#3"},
				"west": {"uv": [7.25, 9.125, 7.625, 9.25], "texture": "#3"},
				"up": {"uv": [8.875, 4.25, 7.875, 3.875], "texture": "#3"},
				"down": {"uv": [8.875, 4.25, 7.875, 4.625], "texture": "#3"}
			}
		},
		{
			"name": "octagon",
			"from": [22.55025, 5.5, 4.5],
			"to": [25.44975, 6.5, 11.5],
			"rotation": {"angle": 45, "axis": "y", "origin": [24, 6, 8]},
			"faces": {
				"north": {"uv": [7.25, 3.5, 7.625, 3.625], "texture": "#3"},
				"east": {"uv": [8.75, 3.25, 9.625, 3.375], "texture": "#3"},
				"south": {"uv": [1.75, 8.625, 2.125, 8.75], "texture": "#3"},
				"west": {"uv": [8.75, 3.375, 9.625, 3.5], "texture": "#3"},
				"up": {"uv": [5.5, 8.75, 5.125, 7.875], "texture": "#3"},
				"down": {"uv": [8.25, 4.625, 7.875, 5.5], "texture": "#3"}
			}
		},
		{
			"name": "octagon",
			"from": [22.55025, 5.5, 4.5],
			"to": [25.44975, 6.5, 11.5],
			"rotation": {"angle": 0, "axis": "y", "origin": [24, 6, 8]},
			"faces": {
				"north": {"uv": [7.5, 8.625, 7.875, 8.75], "texture": "#3"},
				"east": {"uv": [8.75, 4.625, 9.625, 4.75], "texture": "#3"},
				"south": {"uv": [1.75, 8.75, 2.125, 8.875], "texture": "#3"},
				"west": {"uv": [8.75, 4.75, 9.625, 4.875], "texture": "#3"},
				"up": {"uv": [8.25, 6.375, 7.875, 5.5], "texture": "#3"},
				"down": {"uv": [8.25, 6.375, 7.875, 7.25], "texture": "#3"}
			}
		},
		{
			"name": "octagon",
			"from": [20.5, 5.5, 6.55025],
			"to": [27.5, 6.5, 9.44975],
			"rotation": {"angle": 45, "axis": "y", "origin": [24, 6, 8]},
			"faces": {
				"north": {"uv": [8.75, 4.875, 9.625, 5], "texture": "#3"},
				"east": {"uv": [5.125, 8.75, 5.5, 8.875], "texture": "#3"},
				"south": {"uv": [8.75, 5, 9.625, 5.125], "texture": "#3"},
				"west": {"uv": [7.5, 8.75, 7.875, 8.875], "texture": "#3"},
				"up": {"uv": [8.75, 7.625, 7.875, 7.25], "texture": "#3"},
				"down": {"uv": [0.875, 8, 0, 8.375], "texture": "#3"}
			}
		},
		{
			"name": "octagon",
			"from": [20.5, 5.5, 6.55025],
			"to": [27.5, 6.5, 9.44975],
			"rotation": {"angle": 0, "axis": "y", "origin": [24, 6, 8]},
			"faces": {
				"north": {"uv": [8.75, 5.125, 9.625, 5.25], "texture": "#3"},
				"east": {"uv": [9, 0.25, 9.375, 0.375], "texture": "#3"},
				"south": {"uv": [8.75, 5.25, 9.625, 5.375], "texture": "#3"},
				"west": {"uv": [9, 0.375, 9.375, 0.5], "texture": "#3"},
				"up": {"uv": [1.75, 8.375, 0.875, 8], "texture": "#3"},
				"down": {"uv": [2.625, 8, 1.75, 8.375], "texture": "#3"}
			}
		},
		{
			"name": "octagon",
			"from": [20.5, 6.5, 7.05025],
			"to": [21.5, 9.5, 8.94975],
			"rotation": {"angle": 0, "axis": "y", "origin": [24, 6, 8]},
			"faces": {
				"north": {"uv": [2.5, 8.375, 2.625, 8.75], "texture": "#3"},
				"east": {"uv": [5.25, 3.625, 5.5, 4], "texture": "#3"},
				"south": {"uv": [5.625, 8.625, 5.75, 9], "texture": "#3"},
				"west": {"uv": [5.5, 3.625, 5.75, 4], "texture": "#3"},
				"up": {"uv": [5.875, 7.625, 5.75, 7.375], "texture": "#3"},
				"down": {"uv": [2.25, 8.625, 2.125, 8.875], "texture": "#3"}
			}
		},
		{
			"name": "octagon",
			"from": [16.25, 5.5, 7.05025],
			"to": [16.5, 10.5, 8.94975],
			"rotation": {"angle": 0, "axis": "y", "origin": [19.5, 6, 8]},
			"faces": {
				"north": {"uv": [5.75, 3.625, 5.875, 4.25], "texture": "#3"},
				"east": {"uv": [2.25, 8.375, 2.5, 9], "texture": "#3"},
				"south": {"uv": [5.75, 6.125, 5.875, 6.75], "texture": "#3"},
				"west": {"uv": [8.5, 4.625, 8.75, 5.25], "texture": "#3"},
				"up": {"uv": [8, 8.875, 7.875, 8.625], "texture": "#3"},
				"down": {"uv": [5.375, 9, 5.25, 9.25], "texture": "#3"}
			}
		},
		{
			"name": "octagon",
			"from": [20.05, 5.5, 7.05025],
			"to": [20.3, 10.5, 8.94975],
			"rotation": {"angle": 0, "axis": "y", "origin": [23.3, 6, 8]},
			"faces": {
				"north": {"uv": [5.75, 6.75, 5.875, 7.375], "texture": "#3"},
				"east": {"uv": [8.5, 5.25, 8.75, 5.875], "texture": "#3"},
				"south": {"uv": [5.5, 8.625, 5.625, 9.25], "texture": "#3"},
				"west": {"uv": [8.5, 6.375, 8.75, 7], "texture": "#3"},
				"up": {"uv": [5.5, 9.25, 5.375, 9], "texture": "#3"},
				"down": {"uv": [5.75, 9, 5.625, 9.25], "texture": "#3"}
			}
		},
		{
			"name": "octagon",
			"from": [22.55025, 9.5, 4.5],
			"to": [25.44975, 10.5, 11.5],
			"rotation": {"angle": 45, "axis": "y", "origin": [24, 10, 8]},
			"faces": {
				"north": {"uv": [9, 0.5, 9.375, 0.625], "texture": "#3"},
				"east": {"uv": [8.75, 5.375, 9.625, 5.5], "texture": "#3"},
				"south": {"uv": [9, 0.625, 9.375, 0.75], "texture": "#3"},
				"west": {"uv": [8.75, 5.5, 9.625, 5.625], "texture": "#3"},
				"up": {"uv": [3, 8.875, 2.625, 8], "texture": "#3"},
				"down": {"uv": [3.375, 8, 3, 8.875], "texture": "#3"}
			}
		},
		{
			"name": "octagon",
			"from": [22.55025, 9.5, 4.5],
			"to": [25.44975, 10.5, 11.5],
			"rotation": {"angle": 0, "axis": "y", "origin": [24, 10, 8]},
			"faces": {
				"north": {"uv": [9, 0.75, 9.375, 0.875], "texture": "#3"},
				"east": {"uv": [8.75, 5.625, 9.625, 5.75], "texture": "#3"},
				"south": {"uv": [9, 0.875, 9.375, 1], "texture": "#3"},
				"west": {"uv": [8.75, 5.75, 9.625, 5.875], "texture": "#3"},
				"up": {"uv": [3.75, 8.875, 3.375, 8], "texture": "#3"},
				"down": {"uv": [8.375, 8, 8, 8.875], "texture": "#3"}
			}
		},
		{
			"name": "octagon",
			"from": [20.5, 9.5, 6.55025],
			"to": [27.5, 10.5, 9.44975],
			"rotation": {"angle": 45, "axis": "y", "origin": [24, 10, 8]},
			"faces": {
				"north": {"uv": [8.75, 6.375, 9.625, 6.5], "texture": "#3"},
				"east": {"uv": [9, 1, 9.375, 1.125], "texture": "#3"},
				"south": {"uv": [8.75, 6.5, 9.625, 6.625], "texture": "#3"},
				"west": {"uv": [9, 6.125, 9.375, 6.25], "texture": "#3"},
				"up": {"uv": [8.875, 8, 8, 7.625], "texture": "#3"},
				"down": {"uv": [9, 0, 8.125, 0.375], "texture": "#3"}
			}
		},
		{
			"name": "octagon",
			"from": [20.5, 9.5, 6.55025],
			"to": [27.5, 10.5, 9.44975],
			"rotation": {"angle": 0, "axis": "y", "origin": [24, 10, 8]},
			"faces": {
				"north": {"uv": [8.75, 6.625, 9.625, 6.75], "texture": "#3"},
				"east": {"uv": [9, 6.25, 9.375, 6.375], "texture": "#3"},
				"south": {"uv": [8.75, 6.75, 9.625, 6.875], "texture": "#3"},
				"west": {"uv": [0, 9.125, 0.375, 9.25], "texture": "#3"},
				"up": {"uv": [9, 0.75, 8.125, 0.375], "texture": "#3"},
				"down": {"uv": [9, 0.75, 8.125, 1.125], "texture": "#3"}
			}
		},
		{
			"name": "octagon",
			"from": [15, 9.54289, 7.5],
			"to": [21, 9.95711, 8.5],
			"rotation": {"angle": 45, "axis": "x", "origin": [20.5, 9.75, 8]},
			"faces": {
				"north": {"uv": [8.75, 6.875, 9.5, 7], "texture": "#3"},
				"east": {"uv": [6.125, 1.75, 6.25, 1.875], "texture": "#3"},
				"south": {"uv": [8.75, 7.25, 9.5, 7.375], "texture": "#3"},
				"west": {"uv": [7.75, 5.75, 7.875, 5.875], "texture": "#3"},
				"up": {"uv": [9.5, 7.5, 8.75, 7.375], "texture": "#3"},
				"down": {"uv": [9.5, 7.5, 8.75, 7.625], "texture": "#3"}
			}
		},
		{
			"name": "octagon",
			"from": [15, 9.54289, 7.5],
			"to": [21, 9.95711, 8.5],
			"rotation": {"angle": 0, "axis": "x", "origin": [20.5, 9.75, 8]},
			"faces": {
				"north": {"uv": [0.75, 8.875, 1.5, 9], "texture": "#3"},
				"east": {"uv": [2.5, 8.75, 2.625, 8.875], "texture": "#3"},
				"south": {"uv": [1.5, 8.875, 2.25, 9], "texture": "#3"},
				"west": {"uv": [9.125, 9.125, 9.25, 9.25], "texture": "#3"},
				"up": {"uv": [3.25, 9, 2.5, 8.875], "texture": "#3"},
				"down": {"uv": [4, 8.875, 3.25, 9], "texture": "#3"}
			}
		},
		{
			"name": "octagon",
			"from": [15, 9.25, 7.79289],
			"to": [21, 10.25, 8.20711],
			"rotation": {"angle": 45, "axis": "x", "origin": [20.5, 9.75, 8]},
			"faces": {
				"north": {"uv": [4, 8.875, 4.75, 9], "texture": "#3"},
				"east": {"uv": [9.125, 8, 9.25, 8.125], "texture": "#3"},
				"south": {"uv": [4.75, 8.875, 5.5, 9], "texture": "#3"},
				"west": {"uv": [9.125, 8.125, 9.25, 8.25], "texture": "#3"},
				"up": {"uv": [7.25, 9, 6.5, 8.875], "texture": "#3"},
				"down": {"uv": [8, 8.875, 7.25, 9], "texture": "#3"}
			}
		},
		{
			"name": "octagon",
			"from": [15, 9.25, 7.79289],
			"to": [21, 10.25, 8.20711],
			"rotation": {"angle": 0, "axis": "x", "origin": [20.5, 9.75, 8]},
			"faces": {
				"north": {"uv": [8, 8.875, 8.75, 9], "texture": "#3"},
				"east": {"uv": [9.125, 8.375, 9.25, 8.5], "texture": "#3"},
				"south": {"uv": [8.75, 8.875, 9.5, 9], "texture": "#3"},
				"west": {"uv": [9.125, 8.5, 9.25, 8.625], "texture": "#3"},
				"up": {"uv": [9.625, 3, 8.875, 2.875], "texture": "#3"},
				"down": {"uv": [9.625, 3, 8.875, 3.125], "texture": "#3"}
			}
		},
		{
			"name": "octagon",
			"from": [15, 6.04289, 7.5],
			"to": [21, 6.45711, 8.5],
			"rotation": {"angle": 45, "axis": "x", "origin": [20.5, 6.25, 8]},
			"faces": {
				"north": {"uv": [8.875, 3.5, 9.625, 3.625], "texture": "#3"},
				"east": {"uv": [0, 9.25, 0.125, 9.375], "texture": "#3"},
				"south": {"uv": [8.875, 3.625, 9.625, 3.75], "texture": "#3"},
				"west": {"uv": [0.125, 9.25, 0.25, 9.375], "texture": "#3"},
				"up": {"uv": [9.625, 3.875, 8.875, 3.75], "texture": "#3"},
				"down": {"uv": [9.625, 3.875, 8.875, 4], "texture": "#3"}
			}
		},
		{
			"name": "octagon",
			"from": [15, 6.04289, 7.5],
			"to": [21, 6.45711, 8.5],
			"rotation": {"angle": 0, "axis": "x", "origin": [20.5, 6.25, 8]},
			"faces": {
				"north": {"uv": [8.875, 4, 9.625, 4.125], "texture": "#3"},
				"east": {"uv": [0.25, 9.25, 0.375, 9.375], "texture": "#3"},
				"south": {"uv": [8.875, 4.125, 9.625, 4.25], "texture": "#3"},
				"west": {"uv": [0.375, 9.25, 0.5, 9.375], "texture": "#3"},
				"up": {"uv": [9.625, 4.375, 8.875, 4.25], "texture": "#3"},
				"down": {"uv": [9.625, 4.375, 8.875, 4.5], "texture": "#3"}
			}
		},
		{
			"name": "octagon",
			"from": [15, 5.75, 7.79289],
			"to": [21, 6.75, 8.20711],
			"rotation": {"angle": 45, "axis": "x", "origin": [20.5, 6.25, 8]},
			"faces": {
				"north": {"uv": [8.875, 4.5, 9.625, 4.625], "texture": "#3"},
				"east": {"uv": [0.5, 9.25, 0.625, 9.375], "texture": "#3"},
				"south": {"uv": [8.875, 7.625, 9.625, 7.75], "texture": "#3"},
				"west": {"uv": [0.625, 9.25, 0.75, 9.375], "texture": "#3"},
				"up": {"uv": [9.625, 7.875, 8.875, 7.75], "texture": "#3"},
				"down": {"uv": [9.625, 7.875, 8.875, 8], "texture": "#3"}
			}
		},
		{
			"name": "octagon",
			"from": [15, 5.75, 7.79289],
			"to": [21, 6.75, 8.20711],
			"rotation": {"angle": 0, "axis": "x", "origin": [20.5, 6.25, 8]},
			"faces": {
				"north": {"uv": [0.75, 9, 1.5, 9.125], "texture": "#3"},
				"east": {"uv": [0.75, 9.25, 0.875, 9.375], "texture": "#3"},
				"south": {"uv": [1.5, 9, 2.25, 9.125], "texture": "#3"},
				"west": {"uv": [0.875, 9.25, 1, 9.375], "texture": "#3"},
				"up": {"uv": [3, 9.125, 2.25, 9], "texture": "#3"},
				"down": {"uv": [3.75, 9, 3, 9.125], "texture": "#3"}
			}
		}
	],
	"groups": [
		{
			"name": "group",
			"origin": [8, 8, 8],
			"children": [
				{
					"name": "group",
					"origin": [8, 8, 8],
					"children": [0, 1, 2, 3]
				},
				{
					"name": "group",
					"origin": [8, 8, 8],
					"children": [
						{
							"name": "octagon",
							"origin": [8, 8, 8],
							"children": [4, 5, 6, 7]
						},
						{
							"name": "octagon",
							"origin": [8, 8, 8],
							"children": [8, 9, 10, 11]
						},
						{
							"name": "octagon",
							"origin": [8, 8, 8],
							"children": [12, 13, 14, 15]
						},
						{
							"name": "octagon",
							"origin": [8, 8, 8],
							"children": [16, 17, 18, 19]
						},
						{
							"name": "octagon",
							"origin": [8, 8, 8],
							"children": [20, 21, 22, 23, 24, 25, 26]
						},
						{
							"name": "octagon",
							"origin": [8, 8, 8],
							"children": [27, 28, 29, 30]
						},
						{
							"name": "octagon",
							"origin": [8, 8, 8],
							"children": [31, 32, 33, 34]
						},
						{
							"name": "octagon",
							"origin": [8, 8, 8],
							"children": [35, 36, 37, 38]
						}
					]
				}
			]
		}
	],
	"display": {
		"thirdperson_righthand": {
			"rotation": [75, 45, 0],
			"translation": [0, 2.5, 0],
			"scale": [0.375, 0.375, 0.375]
		},
		"thirdperson_lefthand": {
			"rotation": [75, 45, 0],
			"translation": [0, 2.5, 0],
			"scale": [0.375, 0.375, 0.375]
		},
		"firstperson_righthand": {
			"rotation": [0, 45, 0],
			"scale": [0.4, 0.4, 0.4]
		},
		"firstperson_lefthand": {
			"rotation": [0, 225, 0],
			"scale": [0.4, 0.4, 0.4]
		},
		"ground": {
			"translation": [0, 2, 0],
			"scale": [0.5, 0.5, 0.5]
		},
		"gui": {
			"rotation": [30, 225, 0],
			"scale": [0.625, 0.625, 0.625]
		},
		"head": {
			"translation": [0, -30.5, 0],
			"scale": [1.62, 1.62, 1.62]
		},
		"fixed": {
			"rotation": [0, 180, 0]
		}
	}
}