{
	"credit": "Made by Gameboy612",
	"parent": "item_frame_block",
	"texture_size": [32, 32],
	"textures": {
		"0": "furniture/bin",
		"particle": "furniture/bin"
	},
	"elements": [
		{
			"name": "octagon",
			"from": [6.34315, 12, 11],
			"to": [9.65685, 15, 12],
			"rotation": {"angle": 45, "axis": "y", "origin": [8, 12.5, 8]},
			"faces": {
				"north": {"uv": [0, 0, 1.65685, 1.5], "texture": "#0"},
				"east": {"uv": [0, 0, 0.5, 1.5], "texture": "#0"},
				"south": {"uv": [0, 0, 1.65685, 1.5], "texture": "#0"},
				"west": {"uv": [0, 0, 0.5, 1.5], "texture": "#0"},
				"up": {"uv": [0, 0, 1.65685, 0.5], "texture": "#0"},
				"down": {"uv": [0, 0, 1.65685, 0.5], "texture": "#0"}
			}
		},
		{
			"name": "octagon",
			"from": [6.34315, 12, 11],
			"to": [9.65685, 15, 12],
			"rotation": {"angle": 0, "axis": "y", "origin": [8, 12.5, 8]},
			"faces": {
				"north": {"uv": [0, 0, 1.65685, 1.5], "texture": "#0"},
				"east": {"uv": [0, 0, 0.5, 1.5], "texture": "#0"},
				"south": {"uv": [0, 0, 1.65685, 1.5], "texture": "#0"},
				"west": {"uv": [0, 0, 0.5, 1.5], "texture": "#0"},
				"up": {"uv": [0, 0, 1.65685, 0.5], "texture": "#0"},
				"down": {"uv": [0, 0, 1.65685, 0.5], "texture": "#0"}
			}
		},
		{
			"name": "octagon",
			"from": [4, 12, 6.34315],
			"to": [5, 15, 9.65685],
			"rotation": {"angle": 45, "axis": "y", "origin": [8, 12.5, 8]},
			"faces": {
				"north": {"uv": [0, 0, 0.5, 1.5], "texture": "#0"},
				"east": {"uv": [0, 0, 1.65685, 1.5], "texture": "#0"},
				"south": {"uv": [0, 0, 0.5, 1.5], "texture": "#0"},
				"west": {"uv": [0, 0, 1.65685, 1.5], "texture": "#0"},
				"up": {"uv": [0, 0, 0.5, 1.65685], "texture": "#0"},
				"down": {"uv": [0, 0, 0.5, 1.65685], "texture": "#0"}
			}
		},
		{
			"name": "octagon",
			"from": [4, 12, 6.34315],
			"to": [5, 15, 9.65685],
			"rotation": {"angle": 0, "axis": "y", "origin": [8, 12.5, 8]},
			"faces": {
				"north": {"uv": [0, 0, 0.5, 1.5], "texture": "#0"},
				"east": {"uv": [0, 0, 1.65685, 1.5], "texture": "#0"},
				"south": {"uv": [0, 0, 0.5, 1.5], "texture": "#0"},
				"west": {"uv": [0, 0, 1.65685, 1.5], "texture": "#0"},
				"up": {"uv": [0, 0, 0.5, 1.65685], "texture": "#0"},
				"down": {"uv": [0, 0, 0.5, 1.65685], "texture": "#0"}
			}
		},
		{
			"name": "octagon",
			"from": [11, 12, 6.34315],
			"to": [12, 15, 9.65685],
			"rotation": {"angle": 0, "axis": "y", "origin": [8, 12.5, 8]},
			"faces": {
				"north": {"uv": [0, 0, 0.5, 1.5], "texture": "#0"},
				"east": {"uv": [0, 0, 1.65685, 1.5], "texture": "#0"},
				"south": {"uv": [0, 0, 0.5, 1.5], "texture": "#0"},
				"west": {"uv": [0, 0, 1.65685, 1.5], "texture": "#0"},
				"up": {"uv": [0, 0, 0.5, 1.65685], "texture": "#0"},
				"down": {"uv": [0, 0, 0.5, 1.65685], "texture": "#0"}
			}
		},
		{
			"name": "octagon",
			"from": [6.34315, 15, 8],
			"to": [9.65685, 16, 12],
			"rotation": {"angle": 45, "axis": "y", "origin": [8, 15.5, 8]},
			"faces": {
				"north": {"uv": [0, 0, 1.65685, 0.5], "texture": "#0"},
				"east": {"uv": [0, 0, 2, 0.5], "texture": "#0"},
				"south": {"uv": [0, 0, 1.65685, 0.5], "texture": "#0"},
				"west": {"uv": [0, 0, 2, 0.5], "texture": "#0"},
				"up": {"uv": [0, 0, 1.65685, 2], "texture": "#0"},
				"down": {"uv": [0, 0, 1.65685, 2], "texture": "#0"}
			}
		},
		{
			"name": "octagon",
			"from": [6.34315, 15, 6.5],
			"to": [9.65685, 16, 12],
			"rotation": {"angle": 0, "axis": "y", "origin": [8, 15.5, 8]},
			"faces": {
				"north": {"uv": [0, 0, 1.65685, 0.5], "texture": "#0"},
				"east": {"uv": [0, 0, 2.75, 0.5], "texture": "#0"},
				"south": {"uv": [0, 0, 1.65685, 0.5], "texture": "#0"},
				"west": {"uv": [0, 0, 2.75, 0.5], "texture": "#0"},
				"up": {"uv": [0, 0, 1.65685, 2.75], "texture": "#0"},
				"down": {"uv": [0, 0, 1.65685, 2.75], "texture": "#0"}
			}
		},
		{
			"name": "octagon",
			"from": [4, 15, 6.34315],
			"to": [8, 16, 9.65685],
			"rotation": {"angle": 45, "axis": "y", "origin": [8, 15.5, 8]},
			"faces": {
				"north": {"uv": [0, 0, 2, 0.5], "texture": "#0"},
				"east": {"uv": [0, 0, 1.65685, 0.5], "texture": "#0"},
				"south": {"uv": [0, 0, 2, 0.5], "texture": "#0"},
				"west": {"uv": [0, 0, 1.65685, 0.5], "texture": "#0"},
				"up": {"uv": [0, 0, 2, 1.65685], "texture": "#0"},
				"down": {"uv": [0, 0, 2, 1.65685], "texture": "#0"}
			}
		},
		{
			"name": "octagon",
			"from": [4, 15, 6.34315],
			"to": [12, 16, 9.65685],
			"rotation": {"angle": 0, "axis": "y", "origin": [8, 15.5, 8]},
			"faces": {
				"north": {"uv": [0, 0, 4, 0.5], "texture": "#0"},
				"east": {"uv": [0, 0, 1.65685, 0.5], "texture": "#0"},
				"south": {"uv": [0, 0, 4, 0.5], "texture": "#0"},
				"west": {"uv": [0, 0, 1.65685, 0.5], "texture": "#0"},
				"up": {"uv": [0, 0, 4, 1.65685], "texture": "#0"},
				"down": {"uv": [0, 0, 4, 1.65685], "texture": "#0"}
			}
		},
		{
			"from": [5.5, 11.65178, 6.02678],
			"to": [10.5, 15.25178, 6.52678],
			"rotation": {"angle": 22.5, "axis": "x", "origin": [8, 15.17678, 6.17678]},
			"faces": {
				"north": {"uv": [8, 6, 11, 7.8], "rotation": 180, "texture": "#0"},
				"east": {"uv": [0, 0, 1.8, 0.25], "rotation": 90, "texture": "#0"},
				"south": {"uv": [0, 0, 3, 1.8], "texture": "#0"},
				"west": {"uv": [0, 0, 1.8, 0.25], "rotation": 270, "texture": "#0"},
				"up": {"uv": [0, 0, 3, 0.25], "texture": "#0"},
				"down": {"uv": [0, 0, 3, 0.25], "rotation": 180, "texture": "#0"}
			}
		},
		{
			"from": [5.5, 15.25178, 6.02678],
			"to": [10.5, 16.00178, 6.52678],
			"rotation": {"angle": 22.5, "axis": "x", "origin": [8, 15.17678, 6.17678]},
			"faces": {
				"north": {"uv": [0, 0, 3, 0.375], "rotation": 180, "texture": "#0"},
				"east": {"uv": [0, 0, 0.375, 0.25], "rotation": 90, "texture": "#0"},
				"south": {"uv": [0, 0, 3, 0.375], "texture": "#0"},
				"west": {"uv": [0, 0, 0.375, 0.25], "rotation": 270, "texture": "#0"},
				"up": {"uv": [0, 0, 3, 0.25], "texture": "#0"},
				"down": {"uv": [0, 0, 3, 0.25], "rotation": 180, "texture": "#0"}
			}
		},
		{
			"from": [4.5, 11.65178, 6.02678],
			"to": [5.5, 16.00178, 8.02678],
			"rotation": {"angle": 22.5, "axis": "x", "origin": [8, 15.17678, 6.17678]},
			"faces": {
				"north": {"uv": [0, 0, 0.25, 2.175], "rotation": 180, "texture": "#0"},
				"east": {"uv": [0, 0, 2.175, 1], "rotation": 90, "texture": "#0"},
				"south": {"uv": [0, 0, 0.25, 2.175], "texture": "#0"},
				"west": {"uv": [0, 0, 2.175, 1], "rotation": 270, "texture": "#0"},
				"up": {"uv": [0, 0, 0.25, 1], "texture": "#0"},
				"down": {"uv": [0, 0, 0.25, 1], "rotation": 180, "texture": "#0"}
			}
		},
		{
			"from": [10.5, 11.65178, 6.02678],
			"to": [11.5, 16.00178, 8.02678],
			"rotation": {"angle": 22.5, "axis": "x", "origin": [8, 15.17678, 6.17678]},
			"faces": {
				"north": {"uv": [0, 0, 0.25, 2.175], "rotation": 180, "texture": "#0"},
				"east": {"uv": [0, 0, 2.175, 1], "rotation": 90, "texture": "#0"},
				"south": {"uv": [0, 0, 0.25, 2.175], "texture": "#0"},
				"west": {"uv": [0, 0, 2.175, 1], "rotation": 270, "texture": "#0"},
				"up": {"uv": [0, 0, 0.25, 1], "texture": "#0"},
				"down": {"uv": [0, 0, 0.25, 1], "rotation": 180, "texture": "#0"}
			}
		},
		{
			"name": "octagon",
			"from": [6.13604, 1, 3.5],
			"to": [9.86396, 11, 4.5],
			"rotation": {"angle": 45, "axis": "y", "origin": [8, 0.5, 8]},
			"faces": {
				"north": {"uv": [0, 0, 1.86396, 5], "texture": "#0"},
				"east": {"uv": [0, 0, 0.5, 5], "texture": "#0"},
				"south": {"uv": [0, 0, 1.86396, 5], "texture": "#0"},
				"west": {"uv": [0, 0, 0.5, 5], "texture": "#0"},
				"up": {"uv": [0, 0, 1.86396, 0.5], "texture": "#0"},
				"down": {"uv": [0, 0, 1.86396, 0.5], "texture": "#0"}
			}
		},
		{
			"name": "octagon",
			"from": [6.13604, 1, 3.5],
			"to": [9.86396, 11, 4.5],
			"rotation": {"angle": 0, "axis": "y", "origin": [8, 0.5, 8]},
			"faces": {
				"north": {"uv": [0, 0, 1.86396, 5], "texture": "#0"},
				"east": {"uv": [0, 0, 0.5, 5], "texture": "#0"},
				"south": {"uv": [0, 0, 1.86396, 5], "texture": "#0"},
				"west": {"uv": [0, 0, 0.5, 5], "texture": "#0"},
				"up": {"uv": [0, 0, 1.86396, 0.5], "texture": "#0"},
				"down": {"uv": [0, 0, 1.86396, 0.5], "texture": "#0"}
			}
		},
		{
			"name": "octagon",
			"from": [6.13604, 1, 11.5],
			"to": [9.86396, 11, 12.5],
			"rotation": {"angle": 45, "axis": "y", "origin": [8, 0.5, 8]},
			"faces": {
				"north": {"uv": [0, 0, 1.86396, 5], "texture": "#0"},
				"east": {"uv": [0, 0, 0.5, 5], "texture": "#0"},
				"south": {"uv": [0, 0, 1.86396, 5], "texture": "#0"},
				"west": {"uv": [0, 0, 0.5, 5], "texture": "#0"},
				"up": {"uv": [0, 0, 1.86396, 0.5], "texture": "#0"},
				"down": {"uv": [0, 0, 1.86396, 0.5], "texture": "#0"}
			}
		},
		{
			"name": "octagon",
			"from": [6.13604, 1, 11.5],
			"to": [9.86396, 11, 12.5],
			"rotation": {"angle": 0, "axis": "y", "origin": [8, 0.5, 8]},
			"faces": {
				"north": {"uv": [0, 0, 1.86396, 5], "texture": "#0"},
				"east": {"uv": [0, 0, 0.5, 5], "texture": "#0"},
				"south": {"uv": [0, 0, 1.86396, 5], "texture": "#0"},
				"west": {"uv": [0, 0, 0.5, 5], "texture": "#0"},
				"up": {"uv": [0, 0, 1.86396, 0.5], "texture": "#0"},
				"down": {"uv": [0, 0, 1.86396, 0.5], "texture": "#0"}
			}
		},
		{
			"name": "octagon",
			"from": [3.5, 1, 6.13604],
			"to": [4.5, 11, 9.86396],
			"rotation": {"angle": 45, "axis": "y", "origin": [8, 0.5, 8]},
			"faces": {
				"north": {"uv": [0, 0, 0.5, 5], "texture": "#0"},
				"east": {"uv": [0, 0, 1.86396, 5], "texture": "#0"},
				"south": {"uv": [0, 0, 0.5, 5], "texture": "#0"},
				"west": {"uv": [0, 0, 1.86396, 5], "texture": "#0"},
				"up": {"uv": [0, 0, 0.5, 1.86396], "texture": "#0"},
				"down": {"uv": [0, 0, 0.5, 1.86396], "texture": "#0"}
			}
		},
		{
			"name": "octagon",
			"from": [3.5, 1, 6.13604],
			"to": [4.5, 11, 9.86396],
			"rotation": {"angle": 0, "axis": "y", "origin": [8, 0.5, 8]},
			"faces": {
				"north": {"uv": [0, 0, 0.5, 5], "texture": "#0"},
				"east": {"uv": [0, 0, 1.86396, 5], "texture": "#0"},
				"south": {"uv": [0, 0, 0.5, 5], "texture": "#0"},
				"west": {"uv": [0, 0, 1.86396, 5], "texture": "#0"},
				"up": {"uv": [0, 0, 0.5, 1.86396], "texture": "#0"},
				"down": {"uv": [0, 0, 0.5, 1.86396], "texture": "#0"}
			}
		},
		{
			"name": "octagon",
			"from": [11.5, 1, 6.13604],
			"to": [12.5, 11, 9.86396],
			"rotation": {"angle": 45, "axis": "y", "origin": [8, 0.5, 8]},
			"faces": {
				"north": {"uv": [0, 0, 0.5, 5], "texture": "#0"},
				"east": {"uv": [0, 0, 1.86396, 5], "texture": "#0"},
				"south": {"uv": [0, 0, 0.5, 5], "texture": "#0"},
				"west": {"uv": [0, 0, 1.86396, 5], "texture": "#0"},
				"up": {"uv": [0, 0, 0.5, 1.86396], "texture": "#0"},
				"down": {"uv": [0, 0, 0.5, 1.86396], "texture": "#0"}
			}
		},
		{
			"name": "octagon",
			"from": [11.5, 1, 6.13604],
			"to": [12.5, 11, 9.86396],
			"rotation": {"angle": 0, "axis": "y", "origin": [8, 0.5, 8]},
			"faces": {
				"north": {"uv": [0, 0, 0.5, 5], "texture": "#0"},
				"east": {"uv": [0, 0, 1.86396, 5], "texture": "#0"},
				"south": {"uv": [0, 0, 0.5, 5], "texture": "#0"},
				"west": {"uv": [0, 0, 1.86396, 5], "texture": "#0"},
				"up": {"uv": [0, 0, 0.5, 1.86396], "texture": "#0"},
				"down": {"uv": [0, 0, 0.5, 1.86396], "texture": "#0"}
			}
		},
		{
			"name": "octagon",
			"from": [5.92893, 11, 3],
			"to": [10.07107, 12, 5],
			"rotation": {"angle": 45, "axis": "y", "origin": [8, 11.5, 8]},
			"faces": {
				"north": {"uv": [0, 0, 2.07107, 0.5], "texture": "#0"},
				"east": {"uv": [0, 0, 1, 0.5], "texture": "#0"},
				"south": {"uv": [0, 0, 2.07107, 0.5], "texture": "#0"},
				"west": {"uv": [0, 0, 1, 0.5], "texture": "#0"},
				"up": {"uv": [0, 0, 2.07107, 1], "texture": "#0"},
				"down": {"uv": [0, 0, 2.07107, 1], "texture": "#0"}
			}
		},
		{
			"name": "octagon",
			"from": [5.92893, 11, 3],
			"to": [10.07107, 12, 5],
			"rotation": {"angle": 0, "axis": "y", "origin": [8, 11.5, 8]},
			"faces": {
				"north": {"uv": [0, 0, 2.07107, 0.5], "texture": "#0"},
				"east": {"uv": [0, 0, 1, 0.5], "texture": "#0"},
				"south": {"uv": [0, 0, 2.07107, 0.5], "texture": "#0"},
				"west": {"uv": [0, 0, 1, 0.5], "texture": "#0"},
				"up": {"uv": [0, 0, 2.07107, 1], "texture": "#0"},
				"down": {"uv": [0, 0, 2.07107, 1], "texture": "#0"}
			}
		},
		{
			"name": "octagon",
			"from": [5.92893, 11, 11],
			"to": [10.07107, 12, 13],
			"rotation": {"angle": 45, "axis": "y", "origin": [8, 11.5, 8]},
			"faces": {
				"north": {"uv": [0, 0, 2.07107, 0.5], "texture": "#0"},
				"east": {"uv": [0, 0, 1, 0.5], "texture": "#0"},
				"south": {"uv": [0, 0, 2.07107, 0.5], "texture": "#0"},
				"west": {"uv": [0, 0, 1, 0.5], "texture": "#0"},
				"up": {"uv": [0, 0, 2.07107, 1], "texture": "#0"},
				"down": {"uv": [0, 0, 2.07107, 1], "texture": "#0"}
			}
		},
		{
			"name": "octagon",
			"from": [5.92893, 11, 11],
			"to": [10.07107, 12, 13],
			"rotation": {"angle": 0, "axis": "y", "origin": [8, 11.5, 8]},
			"faces": {
				"north": {"uv": [0, 0, 2.07107, 0.5], "texture": "#0"},
				"east": {"uv": [0, 0, 1, 0.5], "texture": "#0"},
				"south": {"uv": [0, 0, 2.07107, 0.5], "texture": "#0"},
				"west": {"uv": [0, 0, 1, 0.5], "texture": "#0"},
				"up": {"uv": [0, 0, 2.07107, 1], "texture": "#0"},
				"down": {"uv": [0, 0, 2.07107, 1], "texture": "#0"}
			}
		},
		{
			"name": "octagon",
			"from": [3, 11, 5.92893],
			"to": [5, 12, 10.07107],
			"rotation": {"angle": 45, "axis": "y", "origin": [8, 11.5, 8]},
			"faces": {
				"north": {"uv": [0, 0, 1, 0.5], "texture": "#0"},
				"east": {"uv": [0, 0, 2.07107, 0.5], "texture": "#0"},
				"south": {"uv": [0, 0, 1, 0.5], "texture": "#0"},
				"west": {"uv": [0, 0, 2.07107, 0.5], "texture": "#0"},
				"up": {"uv": [0, 0, 1, 2.07107], "texture": "#0"},
				"down": {"uv": [0, 0, 1, 2.07107], "texture": "#0"}
			}
		},
		{
			"name": "octagon",
			"from": [3, 11, 5.92893],
			"to": [5, 12, 10.07107],
			"rotation": {"angle": 0, "axis": "y", "origin": [8, 11.5, 8]},
			"faces": {
				"north": {"uv": [0, 0, 1, 0.5], "texture": "#0"},
				"east": {"uv": [0, 0, 2.07107, 0.5], "texture": "#0"},
				"south": {"uv": [0, 0, 1, 0.5], "texture": "#0"},
				"west": {"uv": [0, 0, 2.07107, 0.5], "texture": "#0"},
				"up": {"uv": [0, 0, 1, 2.07107], "texture": "#0"},
				"down": {"uv": [0, 0, 1, 2.07107], "texture": "#0"}
			}
		},
		{
			"name": "octagon",
			"from": [11, 11, 5.92893],
			"to": [13, 12, 10.07107],
			"rotation": {"angle": 45, "axis": "y", "origin": [8, 11.5, 8]},
			"faces": {
				"north": {"uv": [0, 0, 1, 0.5], "texture": "#0"},
				"east": {"uv": [0, 0, 2.07107, 0.5], "texture": "#0"},
				"south": {"uv": [0, 0, 1, 0.5], "texture": "#0"},
				"west": {"uv": [0, 0, 2.07107, 0.5], "texture": "#0"},
				"up": {"uv": [0, 0, 1, 2.07107], "texture": "#0"},
				"down": {"uv": [0, 0, 1, 2.07107], "texture": "#0"}
			}
		},
		{
			"name": "octagon",
			"from": [11, 11, 5.92893],
			"to": [13, 12, 10.07107],
			"rotation": {"angle": 0, "axis": "y", "origin": [8, 11.5, 8]},
			"faces": {
				"north": {"uv": [0, 0, 1, 0.5], "texture": "#0"},
				"east": {"uv": [0, 0, 2.07107, 0.5], "texture": "#0"},
				"south": {"uv": [0, 0, 1, 0.5], "texture": "#0"},
				"west": {"uv": [0, 0, 2.07107, 0.5], "texture": "#0"},
				"up": {"uv": [0, 0, 1, 2.07107], "texture": "#0"},
				"down": {"uv": [0, 0, 1, 2.07107], "texture": "#0"}
			}
		},
		{
			"name": "octagon",
			"from": [6.13604, 0, 3.5],
			"to": [9.86396, 1, 12.5],
			"rotation": {"angle": 45, "axis": "y", "origin": [8, 0.5, 8]},
			"faces": {
				"north": {"uv": [0, 0, 1.86396, 0.5], "texture": "#0"},
				"east": {"uv": [0, 0, 4.5, 0.5], "texture": "#0"},
				"south": {"uv": [0, 0, 1.86396, 0.5], "texture": "#0"},
				"west": {"uv": [0, 0, 4.5, 0.5], "texture": "#0"},
				"up": {"uv": [0, 0, 1.86396, 4.5], "texture": "#0"},
				"down": {"uv": [0, 0, 1.86396, 4.5], "texture": "#0"}
			}
		},
		{
			"name": "octagon",
			"from": [6.13604, 0, 3.5],
			"to": [9.86396, 1, 12.5],
			"rotation": {"angle": 0, "axis": "y", "origin": [8, 0.5, 8]},
			"faces": {
				"north": {"uv": [0, 0, 1.86396, 0.5], "texture": "#0"},
				"east": {"uv": [0, 0, 4.5, 0.5], "texture": "#0"},
				"south": {"uv": [0, 0, 1.86396, 0.5], "texture": "#0"},
				"west": {"uv": [0, 0, 4.5, 0.5], "texture": "#0"},
				"up": {"uv": [0, 0, 1.86396, 4.5], "texture": "#0"},
				"down": {"uv": [0, 0, 1.86396, 4.5], "texture": "#0"}
			}
		},
		{
			"name": "octagon",
			"from": [3.5, 0, 6.13604],
			"to": [12.5, 1, 9.86396],
			"rotation": {"angle": 45, "axis": "y", "origin": [8, 0.5, 8]},
			"faces": {
				"north": {"uv": [0, 0, 4.5, 0.5], "texture": "#0"},
				"east": {"uv": [0, 0, 1.86396, 0.5], "texture": "#0"},
				"south": {"uv": [0, 0, 4.5, 0.5], "texture": "#0"},
				"west": {"uv": [0, 0, 1.86396, 0.5], "texture": "#0"},
				"up": {"uv": [0, 0, 4.5, 1.86396], "texture": "#0"},
				"down": {"uv": [0, 0, 4.5, 1.86396], "texture": "#0"}
			}
		},
		{
			"name": "octagon",
			"from": [3.5, 0, 6.13604],
			"to": [12.5, 1, 9.86396],
			"rotation": {"angle": 0, "axis": "y", "origin": [8, 0.5, 8]},
			"faces": {
				"north": {"uv": [0, 0, 4.5, 0.5], "texture": "#0"},
				"east": {"uv": [0, 0, 1.86396, 0.5], "texture": "#0"},
				"south": {"uv": [0, 0, 4.5, 0.5], "texture": "#0"},
				"west": {"uv": [0, 0, 1.86396, 0.5], "texture": "#0"},
				"up": {"uv": [0, 0, 4.5, 1.86396], "texture": "#0"},
				"down": {"uv": [0, 0, 4.5, 1.86396], "texture": "#0"}
			}
		},
		{
			"name": "octagon",
			"from": [6.03249, 7, 3.25],
			"to": [9.96751, 11, 3.25],
			"rotation": {"angle": 45, "axis": "y", "origin": [8, 10.5, 8]},
			"faces": {
				"north": {"uv": [9, 0, 10.96751, 2], "texture": "#0"},
				"east": {"uv": [0, 0, 0, 2], "texture": "#0"},
				"south": {"uv": [0, 0, 1.96751, 2], "texture": "#0"},
				"west": {"uv": [0, 0, 0, 2], "texture": "#0"},
				"up": {"uv": [0, 0, 1.96751, 0], "texture": "#0"},
				"down": {"uv": [0, 0, 1.96751, 0], "texture": "#0"}
			}
		},
		{
			"name": "octagon",
			"from": [6.03249, 7, 3.25],
			"to": [9.96751, 11, 3.25],
			"rotation": {"angle": 0, "axis": "y", "origin": [8, 10.5, 8]},
			"faces": {
				"north": {"uv": [8, 0, 9.96751, 2], "texture": "#0"},
				"east": {"uv": [0, 0, 0, 2], "texture": "#0"},
				"south": {"uv": [0, 0, 1.96751, 2], "texture": "#0"},
				"west": {"uv": [0, 0, 0, 2], "texture": "#0"},
				"up": {"uv": [0, 0, 1.96751, 0], "texture": "#0"},
				"down": {"uv": [0, 0, 1.96751, 0], "texture": "#0"}
			}
		},
		{
			"name": "octagon",
			"from": [6.03249, 7, 12.75],
			"to": [9.96751, 11, 12.75],
			"rotation": {"angle": 45, "axis": "y", "origin": [8, 10.5, 8]},
			"faces": {
				"north": {"uv": [0, 0, 1.96751, 2], "texture": "#0"},
				"east": {"uv": [0, 0, 0, 2], "texture": "#0"},
				"south": {"uv": [14.03249, 0, 16, 2], "texture": "#0"},
				"west": {"uv": [0, 0, 0, 2], "texture": "#0"},
				"up": {"uv": [0, 0, 1.96751, 0], "texture": "#0"},
				"down": {"uv": [0, 0, 1.96751, 0], "texture": "#0"}
			}
		},
		{
			"name": "octagon",
			"from": [6.03249, 7, 12.75],
			"to": [9.96751, 11, 12.75],
			"rotation": {"angle": 0, "axis": "y", "origin": [8, 10.5, 8]},
			"faces": {
				"north": {"uv": [0, 0, 1.96751, 2], "texture": "#0"},
				"east": {"uv": [0, 0, 0, 2], "texture": "#0"},
				"south": {"uv": [12.5, 0, 14.46751, 2], "texture": "#0"},
				"west": {"uv": [0, 0, 0, 2], "texture": "#0"},
				"up": {"uv": [0, 0, 1.96751, 0], "texture": "#0"},
				"down": {"uv": [0, 0, 1.96751, 0], "texture": "#0"}
			}
		},
		{
			"name": "octagon",
			"from": [3.25, 7, 6.03249],
			"to": [3.25, 11, 9.96751],
			"rotation": {"angle": 45, "axis": "y", "origin": [8, 10.5, 8]},
			"faces": {
				"north": {"uv": [0, 0, 0, 2], "texture": "#0"},
				"east": {"uv": [0, 0, 1.96751, 2], "texture": "#0"},
				"south": {"uv": [0, 0, 0, 2], "texture": "#0"},
				"west": {"uv": [12, 0, 13.96751, 2], "texture": "#0"},
				"up": {"uv": [0, 0, 0, 1.96751], "texture": "#0"},
				"down": {"uv": [0, 0, 0, 1.96751], "texture": "#0"}
			}
		},
		{
			"name": "octagon",
			"from": [3.25, 7, 6.03249],
			"to": [3.25, 11, 9.96751],
			"rotation": {"angle": 0, "axis": "y", "origin": [8, 10.5, 8]},
			"faces": {
				"north": {"uv": [0, 0, 0, 2], "texture": "#0"},
				"east": {"uv": [0, 0, 1.96751, 2], "texture": "#0"},
				"south": {"uv": [0, 0, 0, 2], "texture": "#0"},
				"west": {"uv": [11, 0, 12.96751, 2], "texture": "#0"},
				"up": {"uv": [0, 0, 0, 1.96751], "texture": "#0"},
				"down": {"uv": [0, 0, 0, 1.96751], "texture": "#0"}
			}
		},
		{
			"name": "octagon",
			"from": [12.75, 7, 6.03249],
			"to": [12.75, 11, 9.96751],
			"rotation": {"angle": 45, "axis": "y", "origin": [8, 10.5, 8]},
			"faces": {
				"north": {"uv": [0, 0, 0, 2], "texture": "#0"},
				"east": {"uv": [12, 0, 13.96751, 2], "texture": "#0"},
				"south": {"uv": [0, 0, 0, 2], "texture": "#0"},
				"west": {"uv": [0, 0, 1.96751, 2], "texture": "#0"},
				"up": {"uv": [0, 0, 0, 1.96751], "texture": "#0"},
				"down": {"uv": [0, 0, 0, 1.96751], "texture": "#0"}
			}
		},
		{
			"name": "octagon",
			"from": [12.75, 7, 6.03249],
			"to": [12.75, 11, 9.96751],
			"rotation": {"angle": 0, "axis": "y", "origin": [8, 10.5, 8]},
			"faces": {
				"north": {"uv": [0, 0, 0, 2], "texture": "#0"},
				"east": {"uv": [13, 0, 14.96751, 2], "texture": "#0"},
				"south": {"uv": [0, 0, 0, 2], "texture": "#0"},
				"west": {"uv": [0, 0, 1.96751, 2], "texture": "#0"},
				"up": {"uv": [0, 0, 0, 1.96751], "texture": "#0"},
				"down": {"uv": [0, 0, 0, 1.96751], "texture": "#0"}
			}
		}
	],
	"groups": [
		{
			"name": "group",
			"origin": [8, 8, 8],
			"color": 0,
			"nbt": "{}",
			"armAnimationEnabled": false,
			"children": [
				{
					"name": "top",
					"origin": [8, 8, 8],
					"color": 0,
					"nbt": "{}",
					"armAnimationEnabled": false,
					"children": [
						{
							"name": "octagon",
							"origin": [8, 8, 8],
							"color": 0,
							"nbt": "{}",
							"armAnimationEnabled": false,
							"children": [0, 1, 2, 3, 4]
						},
						{
							"name": "octagon",
							"origin": [8, 8, 8],
							"color": 0,
							"nbt": "{}",
							"armAnimationEnabled": false,
							"children": [5, 6, 7, 8]
						},
						{
							"name": "group",
							"origin": [8, 15.17678, 6.17678],
							"color": 0,
							"nbt": "{}",
							"armAnimationEnabled": false,
							"children": [9, 10, 11, 12]
						}
					]
				},
				{
					"name": "bottom",
					"origin": [8, 8, 8],
					"color": 0,
					"nbt": "{}",
					"armAnimationEnabled": false,
					"children": [
						{
							"name": "octagon",
							"origin": [8, 8, 8],
							"color": 0,
							"nbt": "{}",
							"armAnimationEnabled": false,
							"children": [13, 14, 15, 16, 17, 18, 19, 20]
						},
						{
							"name": "octagon",
							"origin": [8, 8, 8],
							"color": 0,
							"nbt": "{}",
							"armAnimationEnabled": false,
							"children": [21, 22, 23, 24, 25, 26, 27, 28]
						},
						{
							"name": "octagon",
							"origin": [8, 8, 8],
							"color": 0,
							"nbt": "{}",
							"armAnimationEnabled": false,
							"children": [29, 30, 31, 32]
						}
					]
				},
				{
					"name": "rubbish_bag",
					"origin": [8, 8, 8],
					"color": 0,
					"nbt": "{}",
					"armAnimationEnabled": false,
					"children": [33, 34, 35, 36, 37, 38, 39, 40]
				}
			]
		}
	],
	"display": {
		"fixed": {
			"rotation": [90, -180, -180],
			"translation": [0, 0, -24],
			"scale": [3, 3, 3]
		}
		
	}
}