{
	"parent": "item_frame_block",
	"textures": {
		"1": "furniture/misc/color/2",
		"2": "furniture/misc/color/8",
		"particle": "ref/3"
	},
	"elements": [
		{
			"from": [-16, 0, 0],
			"to": [32, 16, 1],
			"faces": {
				"north": {"uv": [0, 0, 16, 16], "texture": "#2"},
				"east": {"uv": [0, 0, 1, 16], "texture": "#2"},
				"south": {"uv": [0, 0, 16, 16], "texture": "#2"},
				"west": {"uv": [0, 0, 1, 16], "texture": "#2"},
				"up": {"uv": [0, 0, 16, 1], "texture": "#2"},
				"down": {"uv": [0, 0, 16, 1], "texture": "#2"}
			}
		},
		{
			"from": [26, 3, -1],
			"to": [28, 10, 0],
			"rotation": {"angle": 0, "axis": "y", "origin": [27, 9, -0.5]},
			"faces": {
				"north": {"uv": [0, 0, 2, 7], "texture": "#1"},
				"east": {"uv": [0, 0, 1, 7], "texture": "#1"},
				"south": {"uv": [0, 0, 2, 7], "texture": "#1"},
				"west": {"uv": [0, 0, 1, 7], "texture": "#1"},
				"up": {"uv": [0, 0, 2, 1], "texture": "#1"},
				"down": {"uv": [0, 0, 2, 1], "texture": "#1"}
			}
		},
		{
			"from": [26, 9, -1],
			"to": [28, 14, 0],
			"rotation": {"angle": -45, "axis": "z", "origin": [27, 9, -0.5]},
			"faces": {
				"north": {"uv": [0, 0, 2, 5], "rotation": 180, "texture": "#1"},
				"east": {"uv": [0, 0, 1, 5], "rotation": 180, "texture": "#1"},
				"south": {"uv": [0, 0, 2, 5], "rotation": 180, "texture": "#1"},
				"west": {"uv": [0, 0, 1, 5], "rotation": 180, "texture": "#1"},
				"up": {"uv": [0, 0, 2, 1], "rotation": 180, "texture": "#1"},
				"down": {"uv": [0, 0, 2, 1], "rotation": 180, "texture": "#1"}
			}
		},
		{
			"from": [29.23505, 11.8399, -1],
			"to": [31.23505, 14.05, 0],
			"rotation": {"angle": 0, "axis": "z", "origin": [31.225, 11.825, -0.5]},
			"faces": {
				"north": {"uv": [0, 0, 2, 2.2101], "rotation": 180, "texture": "#1"},
				"east": {"uv": [0, 0, 1, 2.2101], "rotation": 180, "texture": "#1"},
				"south": {"uv": [0, 0, 2, 2.2101], "rotation": 180, "texture": "#1"},
				"west": {"uv": [0, 0, 1, 2.2101], "rotation": 180, "texture": "#1"},
				"up": {"uv": [0, 0, 2, 1], "rotation": 180, "texture": "#1"},
				"down": {"uv": [0, 0, 2, 1], "rotation": 180, "texture": "#1"}
			}
		},
		{
			"from": [22.73505, 11.8399, -1],
			"to": [24.73505, 14.05, 0],
			"rotation": {"angle": 0, "axis": "z", "origin": [31.225, 11.825, -0.5]},
			"faces": {
				"north": {"uv": [0, 0, 2, 2.2101], "rotation": 180, "texture": "#1"},
				"east": {"uv": [0, 0, 1, 2.2101], "rotation": 180, "texture": "#1"},
				"south": {"uv": [0, 0, 2, 2.2101], "rotation": 180, "texture": "#1"},
				"west": {"uv": [0, 0, 1, 2.2101], "rotation": 180, "texture": "#1"},
				"up": {"uv": [0, 0, 2, 1], "rotation": 180, "texture": "#1"},
				"down": {"uv": [0, 0, 2, 1], "rotation": 180, "texture": "#1"}
			}
		},
		{
			"from": [26, 9, -1],
			"to": [28, 14, 0],
			"rotation": {"angle": 45, "axis": "z", "origin": [27, 9, -0.5]},
			"faces": {
				"north": {"uv": [0, 0, 2, 5], "rotation": 180, "texture": "#1"},
				"east": {"uv": [0, 0, 1, 5], "rotation": 180, "texture": "#1"},
				"south": {"uv": [0, 0, 2, 5], "rotation": 180, "texture": "#1"},
				"west": {"uv": [0, 0, 1, 5], "rotation": 180, "texture": "#1"},
				"up": {"uv": [0, 0, 2, 1], "rotation": 180, "texture": "#1"},
				"down": {"uv": [0, 0, 2, 1], "rotation": 180, "texture": "#1"}
			}
		},
		{
			"from": [19, 5, -1],
			"to": [21, 14, 0],
			"rotation": {"angle": 0, "axis": "y", "origin": [21, 5, -0.5]},
			"faces": {
				"north": {"uv": [0, 0, 2, 9], "texture": "#1"},
				"east": {"uv": [0, 0, 1, 9], "texture": "#1"},
				"south": {"uv": [0, 0, 2, 9], "texture": "#1"},
				"west": {"uv": [0, 0, 1, 9], "texture": "#1"},
				"up": {"uv": [0, 0, 2, 1], "texture": "#1"},
				"down": {"uv": [0, 0, 2, 1], "texture": "#1"}
			}
		},
		{
			"from": [18.15, 5, -1],
			"to": [21, 7, 0],
			"rotation": {"angle": 45, "axis": "z", "origin": [21, 5, -0.5]},
			"faces": {
				"north": {"uv": [0, 0, 2, 2.85], "rotation": 90, "texture": "#1"},
				"east": {"uv": [0, 0, 2, 1], "rotation": 270, "texture": "#1"},
				"south": {"uv": [0, 0, 2, 2.85], "rotation": 270, "texture": "#1"},
				"west": {"uv": [0, 0, 2, 1], "rotation": 270, "texture": "#1"},
				"up": {"uv": [0, 0, 1, 2.85], "rotation": 270, "texture": "#1"},
				"down": {"uv": [0, 0, 1, 2.85], "rotation": 270, "texture": "#1"}
			}
		},
		{
			"from": [8.425, 18.45, -1],
			"to": [11.275, 20.45, 0],
			"rotation": {"angle": -45, "axis": "z", "origin": [-5, 5, -0.5]},
			"faces": {
				"north": {"uv": [0, 7, 2, 9.85], "rotation": 90, "texture": "#1"},
				"east": {"uv": [0, 1, 2, 2], "rotation": 270, "texture": "#1"},
				"south": {"uv": [0, 7, 2, 9.85], "rotation": 270, "texture": "#1"},
				"west": {"uv": [0, 1, 2, 2], "rotation": 270, "texture": "#1"},
				"up": {"uv": [0, 7, 1, 9.85], "rotation": 270, "texture": "#1"},
				"down": {"uv": [0, 7, 1, 9.85], "rotation": 270, "texture": "#1"}
			}
		},
		{
			"from": [14, 5, -1],
			"to": [16, 14, 0],
			"rotation": {"angle": 0, "axis": "y", "origin": [27, 9, -0.5]},
			"faces": {
				"north": {"uv": [0, 0, 2, 9], "texture": "#1"},
				"east": {"uv": [0, 0, 1, 9], "texture": "#1"},
				"south": {"uv": [0, 0, 2, 9], "texture": "#1"},
				"west": {"uv": [0, 0, 1, 9], "texture": "#1"},
				"up": {"uv": [0, 0, 2, 1], "texture": "#1"},
				"down": {"uv": [0, 0, 2, 1], "texture": "#1"}
			}
		},
		{
			"from": [16, 3, -1],
			"to": [19, 5, 0],
			"rotation": {"angle": 0, "axis": "y", "origin": [27, 9, -0.5]},
			"faces": {
				"north": {"uv": [0, 0, 3, 2], "texture": "#1"},
				"east": {"uv": [0, 0, 1, 2], "texture": "#1"},
				"south": {"uv": [0, 0, 3, 2], "texture": "#1"},
				"west": {"uv": [0, 0, 1, 2], "texture": "#1"},
				"up": {"uv": [0, 0, 3, 1], "texture": "#1"},
				"down": {"uv": [0, 0, 3, 1], "texture": "#1"}
			}
		},
		{
			"from": [9, 3, -1],
			"to": [11, 14, 0],
			"rotation": {"angle": 0, "axis": "y", "origin": [21, 5, -0.5]},
			"faces": {
				"north": {"uv": [0, 0, 2, 11], "texture": "#1"},
				"east": {"uv": [0, 0, 1, 11], "texture": "#1"},
				"south": {"uv": [0, 0, 2, 11], "texture": "#1"},
				"west": {"uv": [0, 0, 1, 11], "texture": "#1"},
				"up": {"uv": [0, 0, 2, 1], "texture": "#1"},
				"down": {"uv": [0, 0, 2, 1], "texture": "#1"}
			}
		},
		{
			"from": [5, 11, -1],
			"to": [9, 14, 0],
			"rotation": {"angle": 0, "axis": "y", "origin": [21, 5, -0.5]},
			"faces": {
				"north": {"uv": [0, 0, 4, 3], "texture": "#1"},
				"east": {"uv": [0, 0, 1, 3], "texture": "#1"},
				"south": {"uv": [0, 0, 4, 3], "texture": "#1"},
				"west": {"uv": [0, 0, 1, 3], "texture": "#1"},
				"up": {"uv": [0, 0, 4, 1], "texture": "#1"},
				"down": {"uv": [0, 0, 4, 1], "texture": "#1"}
			}
		},
		{
			"from": [5, 7, -1],
			"to": [9, 10, 0],
			"rotation": {"angle": 0, "axis": "y", "origin": [21, 5, -0.5]},
			"faces": {
				"north": {"uv": [0, 0, 4, 3], "texture": "#1"},
				"east": {"uv": [0, 0, 1, 3], "texture": "#1"},
				"south": {"uv": [0, 0, 4, 3], "texture": "#1"},
				"west": {"uv": [0, 0, 1, 3], "texture": "#1"},
				"up": {"uv": [0, 0, 4, 1], "texture": "#1"},
				"down": {"uv": [0, 0, 4, 1], "texture": "#1"}
			}
		},
		{
			"from": [5, 3, -1],
			"to": [9, 6, 0],
			"rotation": {"angle": 0, "axis": "y", "origin": [21, 5, -0.5]},
			"faces": {
				"north": {"uv": [0, 0, 4, 3], "texture": "#1"},
				"east": {"uv": [0, 0, 1, 3], "texture": "#1"},
				"south": {"uv": [0, 0, 4, 3], "texture": "#1"},
				"west": {"uv": [0, 0, 1, 3], "texture": "#1"},
				"up": {"uv": [0, 0, 4, 1], "texture": "#1"},
				"down": {"uv": [0, 0, 4, 1], "texture": "#1"}
			}
		},
		{
			"from": [0, 3, -1],
			"to": [2, 14, 0],
			"rotation": {"angle": 0, "axis": "y", "origin": [21, 5, -0.5]},
			"faces": {
				"north": {"uv": [0, 0, 2, 11], "texture": "#1"},
				"east": {"uv": [0, 0, 1, 11], "texture": "#1"},
				"south": {"uv": [0, 0, 2, 11], "texture": "#1"},
				"west": {"uv": [0, 0, 1, 11], "texture": "#1"},
				"up": {"uv": [0, 0, 2, 1], "texture": "#1"},
				"down": {"uv": [0, 0, 2, 1], "texture": "#1"}
			}
		},
		{
			"from": [0, 3, -1],
			"to": [2, 14, 0],
			"rotation": {"angle": -22.5, "axis": "z", "origin": [0, 14, -0.5]},
			"faces": {
				"north": {"uv": [0, 0, 2, 11], "texture": "#1"},
				"east": {"uv": [0, 0, 1, 11], "texture": "#1"},
				"south": {"uv": [0, 0, 2, 11], "texture": "#1"},
				"west": {"uv": [0, 0, 1, 11], "texture": "#1"},
				"up": {"uv": [0, 0, 2, 1], "texture": "#1"},
				"down": {"uv": [0, 0, 2, 1], "texture": "#1"}
			}
		},
		{
			"from": [-4.25, 3, -1],
			"to": [-2.25, 14, 0],
			"rotation": {"angle": 0, "axis": "y", "origin": [21, 5, -0.5]},
			"faces": {
				"north": {"uv": [0, 0, 2, 11], "texture": "#1"},
				"east": {"uv": [0, 0, 1, 11], "texture": "#1"},
				"south": {"uv": [0, 0, 2, 11], "texture": "#1"},
				"west": {"uv": [0, 0, 1, 11], "texture": "#1"},
				"up": {"uv": [0, 0, 2, 1], "texture": "#1"},
				"down": {"uv": [0, 0, 2, 1], "texture": "#1"}
			}
		}
	],
	"groups": [0,
		{
			"name": "y",
			"origin": [27, 9, -0.5],
			"color": 0,
			"children": [1, 2, 3, 4, 5]
		},
		{
			"name": "u",
			"origin": [8, 8, 8],
			"color": 0,
			"children": [6, 7, 8, 9, 10]
		},
		{
			"name": "e",
			"origin": [8, 8, 8],
			"color": 0,
			"children": [11, 12, 13, 14]
		},
		{
			"name": "n",
			"origin": [8, 8, 8],
			"color": 0,
			"children": [15, 16, 17]
		}
	]
}