{
	"credit": "Made by Gameboy612",
	"parent": "item_frame_block",
	"textures": {
		"0": "block/white_candle",
		"1": "block/orange_concrete",
		"particle": "block/white_candle"
	},
	"elements": [
		{
			"from": [-16, -16, 30],
			"to": [32, -14, 32],
			"rotation": {"angle": 0, "axis": "y", "origin": [16, 0, 0]},
			"faces": {
				"north": {"uv": [2, 10, 0, 13], "texture": "#0"},
				"east": {"uv": [1, 15, 0, 9], "texture": "#0"},
				"south": {"uv": [2, 15, 0, 8], "texture": "#0"},
				"west": {"uv": [2, 15, 0, 8], "texture": "#0"},
				"up": {"uv": [2, 15, 0, 8], "texture": "#0"},
				"down": {"uv": [2, 14, 0, 9], "texture": "#0"}
			}
		},
		{
			"from": [-16, 21, 7],
			"to": [32, 23, 9],
			"rotation": {"angle": 0, "axis": "y", "origin": [16, 0, 0]},
			"faces": {
				"north": {"uv": [2, 10, 0, 13], "texture": "#0"},
				"east": {"uv": [1, 15, 0, 9], "texture": "#0"},
				"south": {"uv": [2, 15, 0, 8], "texture": "#0"},
				"west": {"uv": [0, 15, 2, 8], "texture": "#0"},
				"up": {"uv": [2, 15, 0, 8], "texture": "#0"},
				"down": {"uv": [2, 14, 0, 9], "texture": "#0"}
			}
		},
		{
			"from": [30, 21, 8],
			"to": [32, 23, 15],
			"rotation": {"angle": 0, "axis": "y", "origin": [16, 0, 0]},
			"faces": {
				"north": {"uv": [2, 10, 0, 13], "texture": "#0"},
				"east": {"uv": [1, 15, 0, 9], "texture": "#0"},
				"south": {"uv": [1, 15, 0, 8], "texture": "#0"},
				"west": {"uv": [1, 15, 0, 8], "texture": "#0"},
				"up": {"uv": [1, 15, 0, 13], "texture": "#0"},
				"down": {"uv": [1, 14, 0, 15], "texture": "#0"}
			}
		},
		{
			"from": [30, 19, 14],
			"to": [32, 22, 21],
			"rotation": {"angle": 0, "axis": "y", "origin": [16, 0, 0]},
			"faces": {
				"north": {"uv": [2, 10, 0, 14], "texture": "#0"},
				"east": {"uv": [1, 15, 0, 10], "texture": "#0"},
				"south": {"uv": [1, 15, 0, 9], "texture": "#0"},
				"west": {"uv": [1, 15, 0, 9], "texture": "#0"},
				"up": {"uv": [1, 15, 0, 13], "texture": "#0"},
				"down": {"uv": [1, 14, 0, 13], "texture": "#0"}
			}
		},
		{
			"from": [30, 18, 20],
			"to": [32, 20, 25],
			"rotation": {"angle": 0, "axis": "y", "origin": [16, 0, 0]},
			"faces": {
				"north": {"uv": [2, 10, 0, 13], "texture": "#0"},
				"east": {"uv": [1, 15, 0, 9], "texture": "#0"},
				"south": {"uv": [1, 15, 0, 8], "texture": "#0"},
				"west": {"uv": [1, 15, 0, 8], "texture": "#0"},
				"up": {"uv": [1, 15, 0, 11], "texture": "#0"},
				"down": {"uv": [1, 14, 0, 12], "texture": "#0"}
			}
		},
		{
			"from": [30, 16, 24],
			"to": [32, 19, 28],
			"rotation": {"angle": 0, "axis": "y", "origin": [16, 0, 0]},
			"faces": {
				"north": {"uv": [2, 10, 0, 14], "texture": "#0"},
				"east": {"uv": [1, 15, 0, 10], "texture": "#0"},
				"south": {"uv": [1, 15, 0, 9], "texture": "#0"},
				"west": {"uv": [0, 15, 1, 9], "texture": "#0"},
				"up": {"uv": [1, 15, 0, 10], "texture": "#0"},
				"down": {"uv": [1, 14, 0, 11], "texture": "#0"}
			}
		},
		{
			"from": [30, -16, 30],
			"to": [32, -2, 32],
			"rotation": {"angle": 0, "axis": "y", "origin": [16, 0, 0]},
			"faces": {
				"north": {"uv": [2, 14, 0, 12], "texture": "#0"},
				"east": {"uv": [1, 15, 0, 16], "texture": "#0"},
				"south": {"uv": [1, 16, 0, 15], "texture": "#0"},
				"west": {"uv": [1, 15, 0, 16], "texture": "#0"},
				"up": {"uv": [1, 15, 0, 8], "texture": "#0"},
				"down": {"uv": [1, 14, 0, 9], "texture": "#0"}
			}
		},
		{
			"from": [30, -4, 29],
			"to": [32, 8, 31],
			"rotation": {"angle": 0, "axis": "y", "origin": [16, 0, 0]},
			"faces": {
				"north": {"uv": [2, 14, 0, 12], "texture": "#0"},
				"east": {"uv": [1, 15, 0, 16], "texture": "#0"},
				"south": {"uv": [1, 16, 0, 15], "texture": "#0"},
				"west": {"uv": [1, 15, 0, 16], "texture": "#0"},
				"up": {"uv": [0, 15, 1, 8], "texture": "#0"},
				"down": {"uv": [1, 14, 0, 9], "texture": "#0"}
			}
		},
		{
			"from": [30, 6, 28],
			"to": [32, 14, 30],
			"rotation": {"angle": 0, "axis": "y", "origin": [16, 0, 0]},
			"faces": {
				"north": {"uv": [1, 16, 0, 8], "texture": "#0"},
				"east": {"uv": [1, 15, 0, 14], "texture": "#0"},
				"south": {"uv": [1, 16, 0, 14], "texture": "#0"},
				"west": {"uv": [0, 15, 1, 14], "texture": "#0"},
				"up": {"uv": [1, 15, 0, 8], "texture": "#0"},
				"down": {"uv": [1, 16, 0, 9], "texture": "#0"}
			}
		},
		{
			"from": [30, 12, 27],
			"to": [32, 19, 29],
			"rotation": {"angle": 0, "axis": "y", "origin": [16, 0, 0]},
			"faces": {
				"north": {"uv": [1, 16, 0, 7], "texture": "#0"},
				"east": {"uv": [1, 15, 0, 14], "texture": "#0"},
				"south": {"uv": [1, 16, 0, 13], "texture": "#0"},
				"west": {"uv": [1, 15, 0, 13], "texture": "#0"},
				"up": {"uv": [1, 15, 0, 8], "texture": "#0"},
				"down": {"uv": [1, 16, 0, 9], "texture": "#0"}
			}
		},
		{
			"from": [30, -16, 8],
			"to": [32, 23, 12],
			"rotation": {"angle": 0, "axis": "y", "origin": [16, 0, 0]},
			"faces": {
				"north": {"uv": [2, 12, 0, 13], "texture": "#0"},
				"east": {"uv": [2, 11, 1, 7], "texture": "#0"},
				"south": {"uv": [1, 14, 0, 13], "texture": "#0"},
				"west": {"uv": [2, 14, 1, 15], "texture": "#0"},
				"up": {"uv": [0, 13, 1, 8], "texture": "#0"},
				"down": {"uv": [1, 12, 0, 9], "texture": "#0"}
			}
		},
		{
			"from": [30, -16, 8],
			"to": [32, -14, 32],
			"rotation": {"angle": 0, "axis": "y", "origin": [16, 0, 0]},
			"faces": {
				"north": {"uv": [2, 10, 0, 13], "texture": "#0"},
				"east": {"uv": [2, 15, 0, 9], "texture": "#0"},
				"south": {"uv": [1, 15, 0, 8], "texture": "#0"},
				"west": {"uv": [2, 15, 0, 8], "texture": "#0"},
				"up": {"uv": [1, 15, 0, 16], "texture": "#0"},
				"down": {"uv": [1, 16, 0, 14], "texture": "#0"}
			}
		},
		{
			"from": [27, -14, 30],
			"to": [28, -2, 31],
			"rotation": {"angle": 0, "axis": "y", "origin": [16, 0, 0]},
			"faces": {
				"north": {"uv": [1, 0, 0, 12], "texture": "#1"},
				"east": {"uv": [1, 0, 0, 12], "texture": "#1"},
				"south": {"uv": [1, 0, 0, 12], "texture": "#1"},
				"west": {"uv": [1, 0, 0, 12], "texture": "#1"},
				"up": {"uv": [1, 0, 0, 1], "texture": "#1"},
				"down": {"uv": [1, 0, 0, 1], "texture": "#1"}
			}
		},
		{
			"from": [-15, -3, 29],
			"to": [-14, 6, 30],
			"rotation": {"angle": 0, "axis": "y", "origin": [16, 0, 0]},
			"faces": {
				"north": {"uv": [1, 0, 0, 9], "texture": "#1"},
				"east": {"uv": [1, 0, 0, 9], "texture": "#1"},
				"south": {"uv": [1, 0, 0, 9], "texture": "#1"},
				"west": {"uv": [1, 0, 0, 9], "texture": "#1"},
				"up": {"uv": [1, 0, 0, 1], "texture": "#1"},
				"down": {"uv": [1, 0, 0, 1], "texture": "#1"}
			}
		},
		{
			"from": [-12, -3, 29],
			"to": [-11, 6, 30],
			"rotation": {"angle": 0, "axis": "y", "origin": [16, 0, 0]},
			"faces": {
				"north": {"uv": [1, 0, 0, 9], "texture": "#1"},
				"east": {"uv": [1, 0, 0, 9], "texture": "#1"},
				"south": {"uv": [1, 0, 0, 9], "texture": "#1"},
				"west": {"uv": [1, 0, 0, 9], "texture": "#1"},
				"up": {"uv": [1, 0, 0, 1], "texture": "#1"},
				"down": {"uv": [1, 0, 0, 1], "texture": "#1"}
			}
		},
		{
			"from": [-9, -3, 29],
			"to": [-8, 6, 30],
			"rotation": {"angle": 0, "axis": "y", "origin": [16, 0, 0]},
			"faces": {
				"north": {"uv": [1, 0, 0, 9], "texture": "#1"},
				"east": {"uv": [1, 0, 0, 9], "texture": "#1"},
				"south": {"uv": [1, 0, 0, 9], "texture": "#1"},
				"west": {"uv": [1, 0, 0, 9], "texture": "#1"},
				"up": {"uv": [1, 0, 0, 1], "texture": "#1"},
				"down": {"uv": [1, 0, 0, 1], "texture": "#1"}
			}
		},
		{
			"from": [-6, -3, 29],
			"to": [-5, 6, 30],
			"rotation": {"angle": 0, "axis": "y", "origin": [16, 0, 0]},
			"faces": {
				"north": {"uv": [1, 0, 0, 9], "texture": "#1"},
				"east": {"uv": [1, 0, 0, 9], "texture": "#1"},
				"south": {"uv": [1, 0, 0, 9], "texture": "#1"},
				"west": {"uv": [1, 0, 0, 9], "texture": "#1"},
				"up": {"uv": [1, 0, 0, 1], "texture": "#1"},
				"down": {"uv": [1, 0, 0, 1], "texture": "#1"}
			}
		},
		{
			"from": [-3, -3, 29],
			"to": [-2, 6, 30],
			"rotation": {"angle": 0, "axis": "y", "origin": [16, 0, 0]},
			"faces": {
				"north": {"uv": [1, 0, 0, 9], "texture": "#1"},
				"east": {"uv": [1, 0, 0, 9], "texture": "#1"},
				"south": {"uv": [1, 0, 0, 9], "texture": "#1"},
				"west": {"uv": [1, 0, 0, 9], "texture": "#1"},
				"up": {"uv": [1, 0, 0, 1], "texture": "#1"},
				"down": {"uv": [1, 0, 0, 1], "texture": "#1"}
			}
		},
		{
			"from": [0, -3, 29],
			"to": [1, 6, 30],
			"rotation": {"angle": 0, "axis": "y", "origin": [16, 0, 0]},
			"faces": {
				"north": {"uv": [1, 0, 0, 9], "texture": "#1"},
				"east": {"uv": [1, 0, 0, 9], "texture": "#1"},
				"south": {"uv": [1, 0, 0, 9], "texture": "#1"},
				"west": {"uv": [1, 0, 0, 9], "texture": "#1"},
				"up": {"uv": [1, 0, 0, 1], "texture": "#1"},
				"down": {"uv": [1, 0, 0, 1], "texture": "#1"}
			}
		},
		{
			"from": [3, -3, 29],
			"to": [4, 6, 30],
			"rotation": {"angle": 0, "axis": "y", "origin": [16, 0, 0]},
			"faces": {
				"north": {"uv": [1, 0, 0, 9], "texture": "#1"},
				"east": {"uv": [1, 0, 0, 9], "texture": "#1"},
				"south": {"uv": [1, 0, 0, 9], "texture": "#1"},
				"west": {"uv": [1, 0, 0, 9], "texture": "#1"},
				"up": {"uv": [1, 0, 0, 1], "texture": "#1"},
				"down": {"uv": [1, 0, 0, 1], "texture": "#1"}
			}
		},
		{
			"from": [6, -3, 29],
			"to": [7, 6, 30],
			"rotation": {"angle": 0, "axis": "y", "origin": [16, 0, 0]},
			"faces": {
				"north": {"uv": [1, 0, 0, 9], "texture": "#1"},
				"east": {"uv": [1, 0, 0, 9], "texture": "#1"},
				"south": {"uv": [1, 0, 0, 9], "texture": "#1"},
				"west": {"uv": [1, 0, 0, 9], "texture": "#1"},
				"up": {"uv": [1, 0, 0, 1], "texture": "#1"},
				"down": {"uv": [1, 0, 0, 1], "texture": "#1"}
			}
		},
		{
			"from": [9, -3, 29],
			"to": [10, 6, 30],
			"rotation": {"angle": 0, "axis": "y", "origin": [16, 0, 0]},
			"faces": {
				"north": {"uv": [1, 0, 0, 9], "texture": "#1"},
				"east": {"uv": [1, 0, 0, 9], "texture": "#1"},
				"south": {"uv": [1, 0, 0, 9], "texture": "#1"},
				"west": {"uv": [1, 0, 0, 9], "texture": "#1"},
				"up": {"uv": [1, 0, 0, 1], "texture": "#1"},
				"down": {"uv": [1, 0, 0, 1], "texture": "#1"}
			}
		},
		{
			"from": [12, -3, 29],
			"to": [13, 6, 30],
			"rotation": {"angle": 0, "axis": "y", "origin": [16, 0, 0]},
			"faces": {
				"north": {"uv": [1, 0, 0, 9], "texture": "#1"},
				"east": {"uv": [1, 0, 0, 9], "texture": "#1"},
				"south": {"uv": [1, 0, 0, 9], "texture": "#1"},
				"west": {"uv": [1, 0, 0, 9], "texture": "#1"},
				"up": {"uv": [1, 0, 0, 1], "texture": "#1"},
				"down": {"uv": [1, 0, 0, 1], "texture": "#1"}
			}
		},
		{
			"from": [15, -3, 29],
			"to": [16, 6, 30],
			"rotation": {"angle": 0, "axis": "y", "origin": [16, 0, 0]},
			"faces": {
				"north": {"uv": [1, 0, 0, 9], "texture": "#1"},
				"east": {"uv": [1, 0, 0, 9], "texture": "#1"},
				"south": {"uv": [1, 0, 0, 9], "texture": "#1"},
				"west": {"uv": [1, 0, 0, 9], "texture": "#1"},
				"up": {"uv": [1, 0, 0, 1], "texture": "#1"},
				"down": {"uv": [1, 0, 0, 1], "texture": "#1"}
			}
		},
		{
			"from": [18, -3, 29],
			"to": [19, 6, 30],
			"rotation": {"angle": 0, "axis": "y", "origin": [16, 0, 0]},
			"faces": {
				"north": {"uv": [1, 0, 0, 9], "texture": "#1"},
				"east": {"uv": [1, 0, 0, 9], "texture": "#1"},
				"south": {"uv": [1, 0, 0, 9], "texture": "#1"},
				"west": {"uv": [1, 0, 0, 9], "texture": "#1"},
				"up": {"uv": [1, 0, 0, 1], "texture": "#1"},
				"down": {"uv": [1, 0, 0, 1], "texture": "#1"}
			}
		},
		{
			"from": [21, -3, 29],
			"to": [22, 6, 30],
			"rotation": {"angle": 0, "axis": "y", "origin": [16, 0, 0]},
			"faces": {
				"north": {"uv": [1, 0, 0, 9], "texture": "#1"},
				"east": {"uv": [1, 0, 0, 9], "texture": "#1"},
				"south": {"uv": [1, 0, 0, 9], "texture": "#1"},
				"west": {"uv": [1, 0, 0, 9], "texture": "#1"},
				"up": {"uv": [1, 0, 0, 1], "texture": "#1"},
				"down": {"uv": [1, 0, 0, 1], "texture": "#1"}
			}
		},
		{
			"from": [24, -3, 29],
			"to": [25, 6, 30],
			"rotation": {"angle": 0, "axis": "y", "origin": [16, 0, 0]},
			"faces": {
				"north": {"uv": [1, 0, 0, 9], "texture": "#1"},
				"east": {"uv": [1, 0, 0, 9], "texture": "#1"},
				"south": {"uv": [1, 0, 0, 9], "texture": "#1"},
				"west": {"uv": [1, 0, 0, 9], "texture": "#1"},
				"up": {"uv": [1, 0, 0, 1], "texture": "#1"},
				"down": {"uv": [1, 0, 0, 1], "texture": "#1"}
			}
		},
		{
			"from": [27, -3, 29],
			"to": [28, 6, 30],
			"rotation": {"angle": 0, "axis": "y", "origin": [16, 0, 0]},
			"faces": {
				"north": {"uv": [1, 0, 0, 9], "texture": "#1"},
				"east": {"uv": [1, 0, 0, 9], "texture": "#1"},
				"south": {"uv": [1, 0, 0, 9], "texture": "#1"},
				"west": {"uv": [1, 0, 0, 9], "texture": "#1"},
				"up": {"uv": [1, 0, 0, 1], "texture": "#1"},
				"down": {"uv": [1, 0, 0, 1], "texture": "#1"}
			}
		},
		{
			"from": [27, 6, 28],
			"to": [28, 13, 29],
			"rotation": {"angle": 0, "axis": "y", "origin": [16, 0, 0]},
			"faces": {
				"north": {"uv": [1, 0, 0, 7], "texture": "#1"},
				"east": {"uv": [1, 0, 0, 7], "texture": "#1"},
				"south": {"uv": [1, 0, 0, 7], "texture": "#1"},
				"west": {"uv": [1, 0, 0, 7], "texture": "#1"},
				"up": {"uv": [1, 0, 0, 1], "texture": "#1"},
				"down": {"uv": [1, 0, 0, 1], "texture": "#1"}
			}
		},
		{
			"from": [27, 13, 27],
			"to": [28, 18, 28],
			"rotation": {"angle": 0, "axis": "y", "origin": [16, 0, 0]},
			"faces": {
				"north": {"uv": [1, 0, 0, 5], "texture": "#1"},
				"east": {"uv": [1, 0, 0, 5], "texture": "#1"},
				"south": {"uv": [1, 0, 0, 5], "texture": "#1"},
				"west": {"uv": [1, 0, 0, 5], "texture": "#1"},
				"up": {"uv": [1, 0, 0, 1], "texture": "#1"},
				"down": {"uv": [1, 0, 0, 1], "texture": "#1"}
			}
		},
		{
			"from": [24, 13, 27],
			"to": [25, 18, 28],
			"rotation": {"angle": 0, "axis": "y", "origin": [16, 0, 0]},
			"faces": {
				"north": {"uv": [1, 0, 0, 5], "texture": "#1"},
				"east": {"uv": [1, 0, 0, 5], "texture": "#1"},
				"south": {"uv": [1, 0, 0, 5], "texture": "#1"},
				"west": {"uv": [1, 0, 0, 5], "texture": "#1"},
				"up": {"uv": [1, 0, 0, 1], "texture": "#1"},
				"down": {"uv": [1, 0, 0, 1], "texture": "#1"}
			}
		},
		{
			"from": [21, 13, 27],
			"to": [22, 18, 28],
			"rotation": {"angle": 0, "axis": "y", "origin": [16, 0, 0]},
			"faces": {
				"north": {"uv": [1, 0, 0, 5], "texture": "#1"},
				"east": {"uv": [1, 0, 0, 5], "texture": "#1"},
				"south": {"uv": [1, 0, 0, 5], "texture": "#1"},
				"west": {"uv": [1, 0, 0, 5], "texture": "#1"},
				"up": {"uv": [1, 0, 0, 1], "texture": "#1"},
				"down": {"uv": [1, 0, 0, 1], "texture": "#1"}
			}
		},
		{
			"from": [18, 13, 27],
			"to": [19, 18, 28],
			"rotation": {"angle": 0, "axis": "y", "origin": [16, 0, 0]},
			"faces": {
				"north": {"uv": [1, 0, 0, 5], "texture": "#1"},
				"east": {"uv": [1, 0, 0, 5], "texture": "#1"},
				"south": {"uv": [1, 0, 0, 5], "texture": "#1"},
				"west": {"uv": [1, 0, 0, 5], "texture": "#1"},
				"up": {"uv": [1, 0, 0, 1], "texture": "#1"},
				"down": {"uv": [1, 0, 0, 1], "texture": "#1"}
			}
		},
		{
			"from": [15, 13, 27],
			"to": [16, 18, 28],
			"rotation": {"angle": 0, "axis": "y", "origin": [16, 0, 0]},
			"faces": {
				"north": {"uv": [1, 0, 0, 5], "texture": "#1"},
				"east": {"uv": [1, 0, 0, 5], "texture": "#1"},
				"south": {"uv": [1, 0, 0, 5], "texture": "#1"},
				"west": {"uv": [1, 0, 0, 5], "texture": "#1"},
				"up": {"uv": [1, 0, 0, 1], "texture": "#1"},
				"down": {"uv": [1, 0, 0, 1], "texture": "#1"}
			}
		},
		{
			"from": [12, 13, 27],
			"to": [13, 18, 28],
			"rotation": {"angle": 0, "axis": "y", "origin": [16, 0, 0]},
			"faces": {
				"north": {"uv": [1, 0, 0, 5], "texture": "#1"},
				"east": {"uv": [1, 0, 0, 5], "texture": "#1"},
				"south": {"uv": [1, 0, 0, 5], "texture": "#1"},
				"west": {"uv": [1, 0, 0, 5], "texture": "#1"},
				"up": {"uv": [1, 0, 0, 1], "texture": "#1"},
				"down": {"uv": [1, 0, 0, 1], "texture": "#1"}
			}
		},
		{
			"from": [9, 13, 27],
			"to": [10, 18, 28],
			"rotation": {"angle": 0, "axis": "y", "origin": [16, 0, 0]},
			"faces": {
				"north": {"uv": [1, 0, 0, 5], "texture": "#1"},
				"east": {"uv": [1, 0, 0, 5], "texture": "#1"},
				"south": {"uv": [1, 0, 0, 5], "texture": "#1"},
				"west": {"uv": [1, 0, 0, 5], "texture": "#1"},
				"up": {"uv": [1, 0, 0, 1], "texture": "#1"},
				"down": {"uv": [1, 0, 0, 1], "texture": "#1"}
			}
		},
		{
			"from": [6, 13, 27],
			"to": [7, 18, 28],
			"rotation": {"angle": 0, "axis": "y", "origin": [16, 0, 0]},
			"faces": {
				"north": {"uv": [1, 0, 0, 5], "texture": "#1"},
				"east": {"uv": [1, 0, 0, 5], "texture": "#1"},
				"south": {"uv": [1, 0, 0, 5], "texture": "#1"},
				"west": {"uv": [1, 0, 0, 5], "texture": "#1"},
				"up": {"uv": [1, 0, 0, 1], "texture": "#1"},
				"down": {"uv": [1, 0, 0, 1], "texture": "#1"}
			}
		},
		{
			"from": [3, 13, 27],
			"to": [4, 18, 28],
			"rotation": {"angle": 0, "axis": "y", "origin": [16, 0, 0]},
			"faces": {
				"north": {"uv": [1, 0, 0, 5], "texture": "#1"},
				"east": {"uv": [1, 0, 0, 5], "texture": "#1"},
				"south": {"uv": [1, 0, 0, 5], "texture": "#1"},
				"west": {"uv": [1, 0, 0, 5], "texture": "#1"},
				"up": {"uv": [1, 0, 0, 1], "texture": "#1"},
				"down": {"uv": [1, 0, 0, 1], "texture": "#1"}
			}
		},
		{
			"from": [0, 13, 27],
			"to": [1, 18, 28],
			"rotation": {"angle": 0, "axis": "y", "origin": [16, 0, 0]},
			"faces": {
				"north": {"uv": [1, 0, 0, 5], "texture": "#1"},
				"east": {"uv": [1, 0, 0, 5], "texture": "#1"},
				"south": {"uv": [1, 0, 0, 5], "texture": "#1"},
				"west": {"uv": [1, 0, 0, 5], "texture": "#1"},
				"up": {"uv": [1, 0, 0, 1], "texture": "#1"},
				"down": {"uv": [1, 0, 0, 1], "texture": "#1"}
			}
		},
		{
			"from": [-3, 13, 27],
			"to": [-2, 18, 28],
			"rotation": {"angle": 0, "axis": "y", "origin": [16, 0, 0]},
			"faces": {
				"north": {"uv": [1, 0, 0, 5], "texture": "#1"},
				"east": {"uv": [1, 0, 0, 5], "texture": "#1"},
				"south": {"uv": [1, 0, 0, 5], "texture": "#1"},
				"west": {"uv": [1, 0, 0, 5], "texture": "#1"},
				"up": {"uv": [1, 0, 0, 1], "texture": "#1"},
				"down": {"uv": [1, 0, 0, 1], "texture": "#1"}
			}
		},
		{
			"from": [-6, 13, 27],
			"to": [-5, 18, 28],
			"rotation": {"angle": 0, "axis": "y", "origin": [16, 0, 0]},
			"faces": {
				"north": {"uv": [1, 0, 0, 5], "texture": "#1"},
				"east": {"uv": [1, 0, 0, 5], "texture": "#1"},
				"south": {"uv": [1, 0, 0, 5], "texture": "#1"},
				"west": {"uv": [1, 0, 0, 5], "texture": "#1"},
				"up": {"uv": [1, 0, 0, 1], "texture": "#1"},
				"down": {"uv": [1, 0, 0, 1], "texture": "#1"}
			}
		},
		{
			"from": [-9, 13, 27],
			"to": [-8, 18, 28],
			"rotation": {"angle": 0, "axis": "y", "origin": [16, 0, 0]},
			"faces": {
				"north": {"uv": [1, 0, 0, 5], "texture": "#1"},
				"east": {"uv": [1, 0, 0, 5], "texture": "#1"},
				"south": {"uv": [1, 0, 0, 5], "texture": "#1"},
				"west": {"uv": [1, 0, 0, 5], "texture": "#1"},
				"up": {"uv": [1, 0, 0, 1], "texture": "#1"},
				"down": {"uv": [1, 0, 0, 1], "texture": "#1"}
			}
		},
		{
			"from": [-12, 13, 27],
			"to": [-11, 18, 28],
			"rotation": {"angle": 0, "axis": "y", "origin": [16, 0, 0]},
			"faces": {
				"north": {"uv": [1, 0, 0, 5], "texture": "#1"},
				"east": {"uv": [1, 0, 0, 5], "texture": "#1"},
				"south": {"uv": [1, 0, 0, 5], "texture": "#1"},
				"west": {"uv": [1, 0, 0, 5], "texture": "#1"},
				"up": {"uv": [1, 0, 0, 1], "texture": "#1"},
				"down": {"uv": [1, 0, 0, 1], "texture": "#1"}
			}
		},
		{
			"from": [-15, 13, 27],
			"to": [-14, 18, 28],
			"rotation": {"angle": 0, "axis": "y", "origin": [16, 0, 0]},
			"faces": {
				"north": {"uv": [1, 0, 0, 5], "texture": "#1"},
				"east": {"uv": [1, 0, 0, 5], "texture": "#1"},
				"south": {"uv": [1, 0, 0, 5], "texture": "#1"},
				"west": {"uv": [1, 0, 0, 5], "texture": "#1"},
				"up": {"uv": [1, 0, 0, 1], "texture": "#1"},
				"down": {"uv": [1, 0, 0, 1], "texture": "#1"}
			}
		},
		{
			"from": [24, 6, 28],
			"to": [25, 13, 29],
			"rotation": {"angle": 0, "axis": "y", "origin": [16, 0, 0]},
			"faces": {
				"north": {"uv": [1, 0, 0, 7], "texture": "#1"},
				"east": {"uv": [1, 0, 0, 7], "texture": "#1"},
				"south": {"uv": [1, 0, 0, 7], "texture": "#1"},
				"west": {"uv": [1, 0, 0, 7], "texture": "#1"},
				"up": {"uv": [1, 0, 0, 1], "texture": "#1"},
				"down": {"uv": [1, 0, 0, 1], "texture": "#1"}
			}
		},
		{
			"from": [21, 6, 28],
			"to": [22, 13, 29],
			"rotation": {"angle": 0, "axis": "y", "origin": [16, 0, 0]},
			"faces": {
				"north": {"uv": [1, 0, 0, 7], "texture": "#1"},
				"east": {"uv": [1, 0, 0, 7], "texture": "#1"},
				"south": {"uv": [1, 0, 0, 7], "texture": "#1"},
				"west": {"uv": [1, 0, 0, 7], "texture": "#1"},
				"up": {"uv": [1, 0, 0, 1], "texture": "#1"},
				"down": {"uv": [1, 0, 0, 1], "texture": "#1"}
			}
		},
		{
			"from": [18, 6, 28],
			"to": [19, 13, 29],
			"rotation": {"angle": 0, "axis": "y", "origin": [16, 0, 0]},
			"faces": {
				"north": {"uv": [1, 0, 0, 7], "texture": "#1"},
				"east": {"uv": [1, 0, 0, 7], "texture": "#1"},
				"south": {"uv": [1, 0, 0, 7], "texture": "#1"},
				"west": {"uv": [1, 0, 0, 7], "texture": "#1"},
				"up": {"uv": [1, 0, 0, 1], "texture": "#1"},
				"down": {"uv": [1, 0, 0, 1], "texture": "#1"}
			}
		},
		{
			"from": [15, 6, 28],
			"to": [16, 13, 29],
			"rotation": {"angle": 0, "axis": "y", "origin": [16, 0, 0]},
			"faces": {
				"north": {"uv": [1, 0, 0, 7], "texture": "#1"},
				"east": {"uv": [1, 0, 0, 7], "texture": "#1"},
				"south": {"uv": [1, 0, 0, 7], "texture": "#1"},
				"west": {"uv": [1, 0, 0, 7], "texture": "#1"},
				"up": {"uv": [1, 0, 0, 1], "texture": "#1"},
				"down": {"uv": [1, 0, 0, 1], "texture": "#1"}
			}
		},
		{
			"from": [12, 6, 28],
			"to": [13, 13, 29],
			"rotation": {"angle": 0, "axis": "y", "origin": [16, 0, 0]},
			"faces": {
				"north": {"uv": [1, 0, 0, 7], "texture": "#1"},
				"east": {"uv": [1, 0, 0, 7], "texture": "#1"},
				"south": {"uv": [1, 0, 0, 7], "texture": "#1"},
				"west": {"uv": [1, 0, 0, 7], "texture": "#1"},
				"up": {"uv": [1, 0, 0, 1], "texture": "#1"},
				"down": {"uv": [1, 0, 0, 1], "texture": "#1"}
			}
		},
		{
			"from": [9, 6, 28],
			"to": [10, 13, 29],
			"rotation": {"angle": 0, "axis": "y", "origin": [16, 0, 0]},
			"faces": {
				"north": {"uv": [1, 0, 0, 7], "texture": "#1"},
				"east": {"uv": [1, 0, 0, 7], "texture": "#1"},
				"south": {"uv": [1, 0, 0, 7], "texture": "#1"},
				"west": {"uv": [1, 0, 0, 7], "texture": "#1"},
				"up": {"uv": [1, 0, 0, 1], "texture": "#1"},
				"down": {"uv": [1, 0, 0, 1], "texture": "#1"}
			}
		},
		{
			"from": [6, 6, 28],
			"to": [7, 13, 29],
			"rotation": {"angle": 0, "axis": "y", "origin": [16, 0, 0]},
			"faces": {
				"north": {"uv": [1, 0, 0, 7], "texture": "#1"},
				"east": {"uv": [1, 0, 0, 7], "texture": "#1"},
				"south": {"uv": [1, 0, 0, 7], "texture": "#1"},
				"west": {"uv": [1, 0, 0, 7], "texture": "#1"},
				"up": {"uv": [1, 0, 0, 1], "texture": "#1"},
				"down": {"uv": [1, 0, 0, 1], "texture": "#1"}
			}
		},
		{
			"from": [3, 6, 28],
			"to": [4, 13, 29],
			"rotation": {"angle": 0, "axis": "y", "origin": [16, 0, 0]},
			"faces": {
				"north": {"uv": [1, 0, 0, 7], "texture": "#1"},
				"east": {"uv": [1, 0, 0, 7], "texture": "#1"},
				"south": {"uv": [1, 0, 0, 7], "texture": "#1"},
				"west": {"uv": [1, 0, 0, 7], "texture": "#1"},
				"up": {"uv": [1, 0, 0, 1], "texture": "#1"},
				"down": {"uv": [1, 0, 0, 1], "texture": "#1"}
			}
		},
		{
			"from": [0, 6, 28],
			"to": [1, 13, 29],
			"rotation": {"angle": 0, "axis": "y", "origin": [16, 0, 0]},
			"faces": {
				"north": {"uv": [1, 0, 0, 7], "texture": "#1"},
				"east": {"uv": [1, 0, 0, 7], "texture": "#1"},
				"south": {"uv": [1, 0, 0, 7], "texture": "#1"},
				"west": {"uv": [1, 0, 0, 7], "texture": "#1"},
				"up": {"uv": [1, 0, 0, 1], "texture": "#1"},
				"down": {"uv": [1, 0, 0, 1], "texture": "#1"}
			}
		},
		{
			"from": [-3, 6, 28],
			"to": [-2, 13, 29],
			"rotation": {"angle": 0, "axis": "y", "origin": [16, 0, 0]},
			"faces": {
				"north": {"uv": [1, 0, 0, 7], "texture": "#1"},
				"east": {"uv": [1, 0, 0, 7], "texture": "#1"},
				"south": {"uv": [1, 0, 0, 7], "texture": "#1"},
				"west": {"uv": [1, 0, 0, 7], "texture": "#1"},
				"up": {"uv": [1, 0, 0, 1], "texture": "#1"},
				"down": {"uv": [1, 0, 0, 1], "texture": "#1"}
			}
		},
		{
			"from": [-6, 6, 28],
			"to": [-5, 13, 29],
			"rotation": {"angle": 0, "axis": "y", "origin": [16, 0, 0]},
			"faces": {
				"north": {"uv": [1, 0, 0, 7], "texture": "#1"},
				"east": {"uv": [1, 0, 0, 7], "texture": "#1"},
				"south": {"uv": [1, 0, 0, 7], "texture": "#1"},
				"west": {"uv": [1, 0, 0, 7], "texture": "#1"},
				"up": {"uv": [1, 0, 0, 1], "texture": "#1"},
				"down": {"uv": [1, 0, 0, 1], "texture": "#1"}
			}
		},
		{
			"from": [-9, 6, 28],
			"to": [-8, 13, 29],
			"rotation": {"angle": 0, "axis": "y", "origin": [16, 0, 0]},
			"faces": {
				"north": {"uv": [1, 0, 0, 7], "texture": "#1"},
				"east": {"uv": [1, 0, 0, 7], "texture": "#1"},
				"south": {"uv": [1, 0, 0, 7], "texture": "#1"},
				"west": {"uv": [1, 0, 0, 7], "texture": "#1"},
				"up": {"uv": [1, 0, 0, 1], "texture": "#1"},
				"down": {"uv": [1, 0, 0, 1], "texture": "#1"}
			}
		},
		{
			"from": [-12, 6, 28],
			"to": [-11, 13, 29],
			"rotation": {"angle": 0, "axis": "y", "origin": [16, 0, 0]},
			"faces": {
				"north": {"uv": [1, 0, 0, 7], "texture": "#1"},
				"east": {"uv": [1, 0, 0, 7], "texture": "#1"},
				"south": {"uv": [1, 0, 0, 7], "texture": "#1"},
				"west": {"uv": [1, 0, 0, 7], "texture": "#1"},
				"up": {"uv": [1, 0, 0, 1], "texture": "#1"},
				"down": {"uv": [1, 0, 0, 1], "texture": "#1"}
			}
		},
		{
			"from": [-15, 6, 28],
			"to": [-14, 13, 29],
			"rotation": {"angle": 0, "axis": "y", "origin": [16, 0, 0]},
			"faces": {
				"north": {"uv": [1, 0, 0, 7], "texture": "#1"},
				"east": {"uv": [1, 0, 0, 7], "texture": "#1"},
				"south": {"uv": [1, 0, 0, 7], "texture": "#1"},
				"west": {"uv": [1, 0, 0, 7], "texture": "#1"},
				"up": {"uv": [1, 0, 0, 1], "texture": "#1"},
				"down": {"uv": [1, 0, 0, 1], "texture": "#1"}
			}
		},
		{
			"from": [24, -14, 30],
			"to": [25, -2, 31],
			"rotation": {"angle": 0, "axis": "y", "origin": [16, 0, 0]},
			"faces": {
				"north": {"uv": [1, 0, 0, 12], "texture": "#1"},
				"east": {"uv": [1, 0, 0, 12], "texture": "#1"},
				"south": {"uv": [1, 0, 0, 12], "texture": "#1"},
				"west": {"uv": [1, 0, 0, 12], "texture": "#1"},
				"up": {"uv": [1, 0, 0, 1], "texture": "#1"},
				"down": {"uv": [1, 0, 0, 1], "texture": "#1"}
			}
		},
		{
			"from": [21, -14, 30],
			"to": [22, -2, 31],
			"rotation": {"angle": 0, "axis": "y", "origin": [16, 0, 0]},
			"faces": {
				"north": {"uv": [1, 0, 0, 12], "texture": "#1"},
				"east": {"uv": [1, 0, 0, 12], "texture": "#1"},
				"south": {"uv": [1, 0, 0, 12], "texture": "#1"},
				"west": {"uv": [1, 0, 0, 12], "texture": "#1"},
				"up": {"uv": [1, 0, 0, 1], "texture": "#1"},
				"down": {"uv": [1, 0, 0, 1], "texture": "#1"}
			}
		},
		{
			"from": [18, -14, 30],
			"to": [19, -2, 31],
			"rotation": {"angle": 0, "axis": "y", "origin": [16, 0, 0]},
			"faces": {
				"north": {"uv": [1, 0, 0, 12], "texture": "#1"},
				"east": {"uv": [1, 0, 0, 12], "texture": "#1"},
				"south": {"uv": [1, 0, 0, 12], "texture": "#1"},
				"west": {"uv": [1, 0, 0, 12], "texture": "#1"},
				"up": {"uv": [1, 0, 0, 1], "texture": "#1"},
				"down": {"uv": [1, 0, 0, 1], "texture": "#1"}
			}
		},
		{
			"from": [15, -14, 30],
			"to": [16, -2, 31],
			"rotation": {"angle": 0, "axis": "y", "origin": [16, 0, 0]},
			"faces": {
				"north": {"uv": [1, 0, 0, 12], "texture": "#1"},
				"east": {"uv": [1, 0, 0, 12], "texture": "#1"},
				"south": {"uv": [1, 0, 0, 12], "texture": "#1"},
				"west": {"uv": [1, 0, 0, 12], "texture": "#1"},
				"up": {"uv": [1, 0, 0, 1], "texture": "#1"},
				"down": {"uv": [1, 0, 0, 1], "texture": "#1"}
			}
		},
		{
			"from": [12, -14, 30],
			"to": [13, -2, 31],
			"rotation": {"angle": 0, "axis": "y", "origin": [16, 0, 0]},
			"faces": {
				"north": {"uv": [1, 0, 0, 12], "texture": "#1"},
				"east": {"uv": [1, 0, 0, 12], "texture": "#1"},
				"south": {"uv": [1, 0, 0, 12], "texture": "#1"},
				"west": {"uv": [1, 0, 0, 12], "texture": "#1"},
				"up": {"uv": [1, 0, 0, 1], "texture": "#1"},
				"down": {"uv": [1, 0, 0, 1], "texture": "#1"}
			}
		},
		{
			"from": [9, -14, 30],
			"to": [10, -2, 31],
			"rotation": {"angle": 0, "axis": "y", "origin": [16, 0, 0]},
			"faces": {
				"north": {"uv": [1, 0, 0, 12], "texture": "#1"},
				"east": {"uv": [1, 0, 0, 12], "texture": "#1"},
				"south": {"uv": [1, 0, 0, 12], "texture": "#1"},
				"west": {"uv": [1, 0, 0, 12], "texture": "#1"},
				"up": {"uv": [1, 0, 0, 1], "texture": "#1"},
				"down": {"uv": [1, 0, 0, 1], "texture": "#1"}
			}
		},
		{
			"from": [6, -14, 30],
			"to": [7, -2, 31],
			"rotation": {"angle": 0, "axis": "y", "origin": [16, 0, 0]},
			"faces": {
				"north": {"uv": [1, 0, 0, 12], "texture": "#1"},
				"east": {"uv": [1, 0, 0, 12], "texture": "#1"},
				"south": {"uv": [1, 0, 0, 12], "texture": "#1"},
				"west": {"uv": [1, 0, 0, 12], "texture": "#1"},
				"up": {"uv": [1, 0, 0, 1], "texture": "#1"},
				"down": {"uv": [1, 0, 0, 1], "texture": "#1"}
			}
		},
		{
			"from": [3, -14, 30],
			"to": [4, -2, 31],
			"rotation": {"angle": 0, "axis": "y", "origin": [16, 0, 0]},
			"faces": {
				"north": {"uv": [1, 0, 0, 12], "texture": "#1"},
				"east": {"uv": [1, 0, 0, 12], "texture": "#1"},
				"south": {"uv": [1, 0, 0, 12], "texture": "#1"},
				"west": {"uv": [1, 0, 0, 12], "texture": "#1"},
				"up": {"uv": [1, 0, 0, 1], "texture": "#1"},
				"down": {"uv": [1, 0, 0, 1], "texture": "#1"}
			}
		},
		{
			"from": [0, -14, 30],
			"to": [1, -2, 31],
			"rotation": {"angle": 0, "axis": "y", "origin": [16, 0, 0]},
			"faces": {
				"north": {"uv": [1, 0, 0, 12], "texture": "#1"},
				"east": {"uv": [1, 0, 0, 12], "texture": "#1"},
				"south": {"uv": [1, 0, 0, 12], "texture": "#1"},
				"west": {"uv": [1, 0, 0, 12], "texture": "#1"},
				"up": {"uv": [1, 0, 0, 1], "texture": "#1"},
				"down": {"uv": [1, 0, 0, 1], "texture": "#1"}
			}
		},
		{
			"from": [-3, -14, 30],
			"to": [-2, -2, 31],
			"rotation": {"angle": 0, "axis": "y", "origin": [16, 0, 0]},
			"faces": {
				"north": {"uv": [1, 0, 0, 12], "texture": "#1"},
				"east": {"uv": [1, 0, 0, 12], "texture": "#1"},
				"south": {"uv": [1, 0, 0, 12], "texture": "#1"},
				"west": {"uv": [1, 0, 0, 12], "texture": "#1"},
				"up": {"uv": [1, 0, 0, 1], "texture": "#1"},
				"down": {"uv": [1, 0, 0, 1], "texture": "#1"}
			}
		},
		{
			"from": [-6, -14, 30],
			"to": [-5, -2, 31],
			"rotation": {"angle": 0, "axis": "y", "origin": [16, 0, 0]},
			"faces": {
				"north": {"uv": [1, 0, 0, 12], "texture": "#1"},
				"east": {"uv": [1, 0, 0, 12], "texture": "#1"},
				"south": {"uv": [1, 0, 0, 12], "texture": "#1"},
				"west": {"uv": [1, 0, 0, 12], "texture": "#1"},
				"up": {"uv": [1, 0, 0, 1], "texture": "#1"},
				"down": {"uv": [1, 0, 0, 1], "texture": "#1"}
			}
		},
		{
			"from": [-9, -14, 30],
			"to": [-8, -2, 31],
			"rotation": {"angle": 0, "axis": "y", "origin": [16, 0, 0]},
			"faces": {
				"north": {"uv": [1, 0, 0, 12], "texture": "#1"},
				"east": {"uv": [1, 0, 0, 12], "texture": "#1"},
				"south": {"uv": [1, 0, 0, 12], "texture": "#1"},
				"west": {"uv": [1, 0, 0, 12], "texture": "#1"},
				"up": {"uv": [1, 0, 0, 1], "texture": "#1"},
				"down": {"uv": [1, 0, 0, 1], "texture": "#1"}
			}
		},
		{
			"from": [-12, -14, 30],
			"to": [-11, -2, 31],
			"rotation": {"angle": 0, "axis": "y", "origin": [16, 0, 0]},
			"faces": {
				"north": {"uv": [1, 0, 0, 12], "texture": "#1"},
				"east": {"uv": [1, 0, 0, 12], "texture": "#1"},
				"south": {"uv": [1, 0, 0, 12], "texture": "#1"},
				"west": {"uv": [1, 0, 0, 12], "texture": "#1"},
				"up": {"uv": [1, 0, 0, 1], "texture": "#1"},
				"down": {"uv": [1, 0, 0, 1], "texture": "#1"}
			}
		},
		{
			"from": [-15, -14, 30],
			"to": [-14, -2, 31],
			"rotation": {"angle": 0, "axis": "y", "origin": [16, 0, 0]},
			"faces": {
				"north": {"uv": [1, 0, 0, 12], "texture": "#1"},
				"east": {"uv": [1, 0, 0, 12], "texture": "#1"},
				"south": {"uv": [1, 0, 0, 12], "texture": "#1"},
				"west": {"uv": [1, 0, 0, 12], "texture": "#1"},
				"up": {"uv": [1, 0, 0, 1], "texture": "#1"},
				"down": {"uv": [1, 0, 0, 1], "texture": "#1"}
			}
		},
		{
			"from": [-16, 15, 27],
			"to": [30, 16, 28],
			"rotation": {"angle": 0, "axis": "y", "origin": [16, 0, 1]},
			"faces": {
				"north": {"uv": [16, 0, 0, 1], "texture": "#1"},
				"east": {"uv": [1, 0, 0, 1], "texture": "#1"},
				"south": {"uv": [16, 0, 0, 1], "texture": "#1"},
				"west": {"uv": [1, 0, 0, 1], "texture": "#1"},
				"up": {"uv": [16, 0, 0, 1], "texture": "#1"},
				"down": {"uv": [16, 0, 0, 1], "texture": "#1"}
			}
		},
		{
			"from": [-16, 12, 27],
			"to": [30, 13, 28],
			"rotation": {"angle": 0, "axis": "y", "origin": [16, 0, 0]},
			"faces": {
				"north": {"uv": [16, 0, 0, 1], "texture": "#1"},
				"east": {"uv": [1, 0, 0, 1], "texture": "#1"},
				"south": {"uv": [16, 0, 0, 1], "texture": "#1"},
				"west": {"uv": [1, 0, 0, 1], "texture": "#1"},
				"up": {"uv": [16, 0, 0, 1], "texture": "#1"},
				"down": {"uv": [16, 0, 0, 1], "texture": "#1"}
			}
		},
		{
			"from": [-16, 12, 28],
			"to": [30, 13, 29],
			"rotation": {"angle": 0, "axis": "y", "origin": [16, 0, 0]},
			"faces": {
				"north": {"uv": [16, 0, 0, 1], "texture": "#1"},
				"east": {"uv": [1, 0, 0, 1], "texture": "#1"},
				"south": {"uv": [16, 0, 0, 1], "texture": "#1"},
				"west": {"uv": [1, 0, 0, 1], "texture": "#1"},
				"up": {"uv": [16, 0, 0, 1], "texture": "#1"},
				"down": {"uv": [16, 0, 0, 1], "texture": "#1"}
			}
		},
		{
			"from": [-16, 9, 28],
			"to": [30, 10, 29],
			"rotation": {"angle": 0, "axis": "y", "origin": [16, 0, 0]},
			"faces": {
				"north": {"uv": [16, 0, 0, 1], "texture": "#1"},
				"east": {"uv": [1, 0, 0, 1], "texture": "#1"},
				"south": {"uv": [16, 0, 0, 1], "texture": "#1"},
				"west": {"uv": [1, 0, 0, 1], "texture": "#1"},
				"up": {"uv": [16, 0, 0, 1], "texture": "#1"},
				"down": {"uv": [16, 0, 0, 1], "texture": "#1"}
			}
		},
		{
			"from": [-16, 6, 28],
			"to": [30, 7, 30],
			"rotation": {"angle": 0, "axis": "y", "origin": [16, 0, 0]},
			"faces": {
				"north": {"uv": [16, 0, 0, 1], "texture": "#1"},
				"east": {"uv": [2, 0, 0, 1], "texture": "#1"},
				"south": {"uv": [16, 0, 0, 1], "texture": "#1"},
				"west": {"uv": [2, 0, 0, 1], "texture": "#1"},
				"up": {"uv": [16, 0, 0, 2], "texture": "#1"},
				"down": {"uv": [16, 0, 0, 2], "texture": "#1"}
			}
		},
		{
			"from": [-16, 3, 29],
			"to": [30, 4, 30],
			"rotation": {"angle": 0, "axis": "y", "origin": [16, 0, 0]},
			"faces": {
				"north": {"uv": [16, 0, 0, 1], "texture": "#1"},
				"east": {"uv": [1, 0, 0, 1], "texture": "#1"},
				"south": {"uv": [16, 0, 0, 1], "texture": "#1"},
				"west": {"uv": [1, 0, 0, 1], "texture": "#1"},
				"up": {"uv": [16, 0, 0, 1], "texture": "#1"},
				"down": {"uv": [16, 0, 0, 1], "texture": "#1"}
			}
		},
		{
			"from": [-16, 0, 29],
			"to": [30, 1, 30],
			"rotation": {"angle": 0, "axis": "y", "origin": [16, 0, 0]},
			"faces": {
				"north": {"uv": [16, 0, 0, 1], "texture": "#1"},
				"east": {"uv": [1, 0, 0, 1], "texture": "#1"},
				"south": {"uv": [16, 0, 0, 1], "texture": "#1"},
				"west": {"uv": [1, 0, 0, 1], "texture": "#1"},
				"up": {"uv": [16, 0, 0, 1], "texture": "#1"},
				"down": {"uv": [16, 0, 0, 1], "texture": "#1"}
			}
		},
		{
			"from": [-16, -3, 29],
			"to": [30, -2, 31],
			"rotation": {"angle": 0, "axis": "y", "origin": [16, 0, 0]},
			"faces": {
				"north": {"uv": [16, 0, 0, 1], "texture": "#1"},
				"east": {"uv": [2, 0, 0, 1], "texture": "#1"},
				"south": {"uv": [16, 0, 0, 1], "texture": "#1"},
				"west": {"uv": [2, 0, 0, 1], "texture": "#1"},
				"up": {"uv": [16, 0, 0, 2], "texture": "#1"},
				"down": {"uv": [16, 0, 0, 2], "texture": "#1"}
			}
		},
		{
			"from": [-16, -6, 30],
			"to": [30, -5, 31],
			"rotation": {"angle": 0, "axis": "y", "origin": [16, 0, 0]},
			"faces": {
				"north": {"uv": [16, 0, 0, 1], "texture": "#1"},
				"east": {"uv": [1, 0, 0, 1], "texture": "#1"},
				"south": {"uv": [16, 0, 0, 1], "texture": "#1"},
				"west": {"uv": [1, 0, 0, 1], "texture": "#1"},
				"up": {"uv": [16, 0, 0, 1], "texture": "#1"},
				"down": {"uv": [16, 0, 0, 1], "texture": "#1"}
			}
		},
		{
			"from": [-16, -9, 30],
			"to": [30, -8, 31],
			"rotation": {"angle": 0, "axis": "y", "origin": [16, 0, 0]},
			"faces": {
				"north": {"uv": [16, 0, 0, 1], "texture": "#1"},
				"east": {"uv": [1, 0, 0, 1], "texture": "#1"},
				"south": {"uv": [16, 0, 0, 1], "texture": "#1"},
				"west": {"uv": [1, 0, 0, 1], "texture": "#1"},
				"up": {"uv": [16, 0, 0, 1], "texture": "#1"},
				"down": {"uv": [16, 0, 0, 1], "texture": "#1"}
			}
		},
		{
			"from": [-16, -12, 30],
			"to": [30, -11, 31],
			"rotation": {"angle": 0, "axis": "y", "origin": [16, 0, 0]},
			"faces": {
				"north": {"uv": [16, 0, 0, 1], "texture": "#1"},
				"east": {"uv": [1, 0, 0, 1], "texture": "#1"},
				"south": {"uv": [16, 0, 0, 1], "texture": "#1"},
				"west": {"uv": [1, 0, 0, 1], "texture": "#1"},
				"up": {"uv": [16, 0, 0, 1], "texture": "#1"},
				"down": {"uv": [16, 0, 0, 1], "texture": "#1"}
			}
		},
		{
			"from": [-16, 18, 24],
			"to": [30, 19, 25],
			"rotation": {"angle": 0, "axis": "y", "origin": [16, 0, 1]},
			"faces": {
				"north": {"uv": [16, 0, 0, 1], "texture": "#1"},
				"east": {"uv": [1, 0, 0, 1], "texture": "#1"},
				"south": {"uv": [16, 0, 0, 1], "texture": "#1"},
				"west": {"uv": [1, 0, 0, 1], "texture": "#1"},
				"up": {"uv": [16, 0, 0, 1], "texture": "#1"},
				"down": {"uv": [16, 0, 0, 1], "texture": "#1"}
			}
		},
		{
			"from": [-16, 19, 19],
			"to": [30, 20, 20],
			"rotation": {"angle": 0, "axis": "y", "origin": [16, 0, 1]},
			"faces": {
				"north": {"uv": [16, 0, 0, 1], "texture": "#1"},
				"east": {"uv": [1, 0, 0, 1], "texture": "#1"},
				"south": {"uv": [16, 0, 0, 1], "texture": "#1"},
				"west": {"uv": [1, 0, 0, 1], "texture": "#1"},
				"up": {"uv": [16, 0, 0, 1], "texture": "#1"},
				"down": {"uv": [16, 0, 0, 1], "texture": "#1"}
			}
		},
		{
			"from": [-16, 20, 14],
			"to": [30, 21, 15],
			"rotation": {"angle": 0, "axis": "y", "origin": [16, 0, 1]},
			"faces": {
				"north": {"uv": [16, 0, 0, 1], "texture": "#1"},
				"east": {"uv": [1, 0, 0, 1], "texture": "#1"},
				"south": {"uv": [16, 0, 0, 1], "texture": "#1"},
				"west": {"uv": [1, 0, 0, 1], "texture": "#1"},
				"up": {"uv": [16, 0, 0, 1], "texture": "#1"},
				"down": {"uv": [16, 0, 0, 1], "texture": "#1"}
			}
		},
		{
			"from": [-16, 21, 9],
			"to": [30, 22, 10],
			"rotation": {"angle": 0, "axis": "y", "origin": [16, 0, 1]},
			"faces": {
				"north": {"uv": [16, 0, 0, 1], "texture": "#1"},
				"east": {"uv": [1, 0, 0, 1], "texture": "#1"},
				"south": {"uv": [16, 0, 0, 1], "texture": "#1"},
				"west": {"uv": [1, 0, 0, 1], "texture": "#1"},
				"up": {"uv": [16, 0, 0, 1], "texture": "#1"},
				"down": {"uv": [16, 0, 0, 1], "texture": "#1"}
			}
		},
		{
			"from": [24, 21, 9],
			"to": [25, 22, 14],
			"rotation": {"angle": 0, "axis": "y", "origin": [16, 0, 0]},
			"faces": {
				"north": {"uv": [1, 0, 0, 1], "texture": "#1"},
				"east": {"uv": [5, 0, 0, 1], "texture": "#1"},
				"south": {"uv": [1, 0, 0, 1], "texture": "#1"},
				"west": {"uv": [5, 0, 0, 1], "texture": "#1"},
				"up": {"uv": [1, 0, 0, 5], "texture": "#1"},
				"down": {"uv": [1, 0, 0, 5], "texture": "#1"}
			}
		},
		{
			"from": [24, 20, 14],
			"to": [25, 21, 17],
			"rotation": {"angle": 0, "axis": "y", "origin": [16, 0, 0]},
			"faces": {
				"north": {"uv": [1, 0, 0, 1], "texture": "#1"},
				"east": {"uv": [3, 0, 0, 1], "texture": "#1"},
				"south": {"uv": [1, 0, 0, 1], "texture": "#1"},
				"west": {"uv": [3, 0, 0, 1], "texture": "#1"},
				"up": {"uv": [1, 0, 0, 3], "texture": "#1"},
				"down": {"uv": [1, 0, 0, 3], "texture": "#1"}
			}
		},
		{
			"from": [24, 19, 17],
			"to": [25, 20, 20],
			"rotation": {"angle": 0, "axis": "y", "origin": [16, 0, 0]},
			"faces": {
				"north": {"uv": [1, 0, 0, 1], "texture": "#1"},
				"east": {"uv": [3, 0, 0, 1], "texture": "#1"},
				"south": {"uv": [1, 0, 0, 1], "texture": "#1"},
				"west": {"uv": [3, 0, 0, 1], "texture": "#1"},
				"up": {"uv": [1, 0, 0, 3], "texture": "#1"},
				"down": {"uv": [1, 0, 0, 3], "texture": "#1"}
			}
		},
		{
			"from": [24, 19, 19],
			"to": [25, 20, 22],
			"rotation": {"angle": 0, "axis": "y", "origin": [16, 0, 0]},
			"faces": {
				"north": {"uv": [1, 0, 0, 1], "texture": "#1"},
				"east": {"uv": [3, 0, 0, 1], "texture": "#1"},
				"south": {"uv": [1, 0, 0, 1], "texture": "#1"},
				"west": {"uv": [3, 0, 0, 1], "texture": "#1"},
				"up": {"uv": [1, 0, 0, 3], "texture": "#1"},
				"down": {"uv": [1, 0, 0, 3], "texture": "#1"}
			}
		},
		{
			"from": [24, 18, 22],
			"to": [25, 19, 24],
			"rotation": {"angle": 0, "axis": "y", "origin": [16, 0, 0]},
			"faces": {
				"north": {"uv": [1, 0, 0, 1], "texture": "#1"},
				"east": {"uv": [2, 0, 0, 1], "texture": "#1"},
				"south": {"uv": [1, 0, 0, 1], "texture": "#1"},
				"west": {"uv": [2, 0, 0, 1], "texture": "#1"},
				"up": {"uv": [1, 0, 0, 2], "texture": "#1"},
				"down": {"uv": [1, 0, 0, 2], "texture": "#1"}
			}
		},
		{
			"from": [24, 18, 25],
			"to": [25, 19, 27],
			"rotation": {"angle": 0, "axis": "y", "origin": [16, 0, 0]},
			"faces": {
				"north": {"uv": [1, 0, 0, 1], "texture": "#1"},
				"east": {"uv": [2, 0, 0, 1], "texture": "#1"},
				"south": {"uv": [1, 0, 0, 1], "texture": "#1"},
				"west": {"uv": [2, 0, 0, 1], "texture": "#1"},
				"up": {"uv": [1, 0, 0, 2], "texture": "#1"},
				"down": {"uv": [1, 0, 0, 2], "texture": "#1"}
			}
		},
		{
			"from": [21, 21, 9],
			"to": [22, 22, 14],
			"rotation": {"angle": 0, "axis": "y", "origin": [16, 0, 0]},
			"faces": {
				"north": {"uv": [1, 0, 0, 1], "texture": "#1"},
				"east": {"uv": [5, 0, 0, 1], "texture": "#1"},
				"south": {"uv": [1, 0, 0, 1], "texture": "#1"},
				"west": {"uv": [5, 0, 0, 1], "texture": "#1"},
				"up": {"uv": [1, 0, 0, 5], "texture": "#1"},
				"down": {"uv": [1, 0, 0, 5], "texture": "#1"}
			}
		},
		{
			"from": [21, 20, 14],
			"to": [22, 21, 17],
			"rotation": {"angle": 0, "axis": "y", "origin": [16, 0, 0]},
			"faces": {
				"north": {"uv": [1, 0, 0, 1], "texture": "#1"},
				"east": {"uv": [3, 0, 0, 1], "texture": "#1"},
				"south": {"uv": [1, 0, 0, 1], "texture": "#1"},
				"west": {"uv": [3, 0, 0, 1], "texture": "#1"},
				"up": {"uv": [1, 0, 0, 3], "texture": "#1"},
				"down": {"uv": [1, 0, 0, 3], "texture": "#1"}
			}
		},
		{
			"from": [21, 19, 17],
			"to": [22, 20, 20],
			"rotation": {"angle": 0, "axis": "y", "origin": [16, 0, 0]},
			"faces": {
				"north": {"uv": [1, 0, 0, 1], "texture": "#1"},
				"east": {"uv": [3, 0, 0, 1], "texture": "#1"},
				"south": {"uv": [1, 0, 0, 1], "texture": "#1"},
				"west": {"uv": [3, 0, 0, 1], "texture": "#1"},
				"up": {"uv": [1, 0, 0, 3], "texture": "#1"},
				"down": {"uv": [1, 0, 0, 3], "texture": "#1"}
			}
		},
		{
			"from": [21, 19, 19],
			"to": [22, 20, 22],
			"rotation": {"angle": 0, "axis": "y", "origin": [16, 0, 0]},
			"faces": {
				"north": {"uv": [1, 0, 0, 1], "texture": "#1"},
				"east": {"uv": [3, 0, 0, 1], "texture": "#1"},
				"south": {"uv": [1, 0, 0, 1], "texture": "#1"},
				"west": {"uv": [3, 0, 0, 1], "texture": "#1"},
				"up": {"uv": [1, 0, 0, 3], "texture": "#1"},
				"down": {"uv": [1, 0, 0, 3], "texture": "#1"}
			}
		},
		{
			"from": [21, 18, 22],
			"to": [22, 19, 24],
			"rotation": {"angle": 0, "axis": "y", "origin": [16, 0, 0]},
			"faces": {
				"north": {"uv": [1, 0, 0, 1], "texture": "#1"},
				"east": {"uv": [2, 0, 0, 1], "texture": "#1"},
				"south": {"uv": [1, 0, 0, 1], "texture": "#1"},
				"west": {"uv": [2, 0, 0, 1], "texture": "#1"},
				"up": {"uv": [1, 0, 0, 2], "texture": "#1"},
				"down": {"uv": [1, 0, 0, 2], "texture": "#1"}
			}
		},
		{
			"from": [21, 18, 25],
			"to": [22, 19, 27],
			"rotation": {"angle": 0, "axis": "y", "origin": [16, 0, 0]},
			"faces": {
				"north": {"uv": [1, 0, 0, 1], "texture": "#1"},
				"east": {"uv": [2, 0, 0, 1], "texture": "#1"},
				"south": {"uv": [1, 0, 0, 1], "texture": "#1"},
				"west": {"uv": [2, 0, 0, 1], "texture": "#1"},
				"up": {"uv": [1, 0, 0, 2], "texture": "#1"},
				"down": {"uv": [1, 0, 0, 2], "texture": "#1"}
			}
		},
		{
			"from": [18, 21, 9],
			"to": [19, 22, 14],
			"rotation": {"angle": 0, "axis": "y", "origin": [16, 0, 0]},
			"faces": {
				"north": {"uv": [1, 0, 0, 1], "texture": "#1"},
				"east": {"uv": [5, 0, 0, 1], "texture": "#1"},
				"south": {"uv": [1, 0, 0, 1], "texture": "#1"},
				"west": {"uv": [5, 0, 0, 1], "texture": "#1"},
				"up": {"uv": [1, 0, 0, 5], "texture": "#1"},
				"down": {"uv": [1, 0, 0, 5], "texture": "#1"}
			}
		},
		{
			"from": [18, 20, 14],
			"to": [19, 21, 17],
			"rotation": {"angle": 0, "axis": "y", "origin": [16, 0, 0]},
			"faces": {
				"north": {"uv": [1, 0, 0, 1], "texture": "#1"},
				"east": {"uv": [3, 0, 0, 1], "texture": "#1"},
				"south": {"uv": [1, 0, 0, 1], "texture": "#1"},
				"west": {"uv": [3, 0, 0, 1], "texture": "#1"},
				"up": {"uv": [1, 0, 0, 3], "texture": "#1"},
				"down": {"uv": [1, 0, 0, 3], "texture": "#1"}
			}
		},
		{
			"from": [18, 19, 17],
			"to": [19, 20, 20],
			"rotation": {"angle": 0, "axis": "y", "origin": [16, 0, 0]},
			"faces": {
				"north": {"uv": [1, 0, 0, 1], "texture": "#1"},
				"east": {"uv": [3, 0, 0, 1], "texture": "#1"},
				"south": {"uv": [1, 0, 0, 1], "texture": "#1"},
				"west": {"uv": [3, 0, 0, 1], "texture": "#1"},
				"up": {"uv": [1, 0, 0, 3], "texture": "#1"},
				"down": {"uv": [1, 0, 0, 3], "texture": "#1"}
			}
		},
		{
			"from": [18, 19, 19],
			"to": [19, 20, 22],
			"rotation": {"angle": 0, "axis": "y", "origin": [16, 0, 0]},
			"faces": {
				"north": {"uv": [1, 0, 0, 1], "texture": "#1"},
				"east": {"uv": [3, 0, 0, 1], "texture": "#1"},
				"south": {"uv": [1, 0, 0, 1], "texture": "#1"},
				"west": {"uv": [3, 0, 0, 1], "texture": "#1"},
				"up": {"uv": [1, 0, 0, 3], "texture": "#1"},
				"down": {"uv": [1, 0, 0, 3], "texture": "#1"}
			}
		},
		{
			"from": [18, 18, 22],
			"to": [19, 19, 24],
			"rotation": {"angle": 0, "axis": "y", "origin": [16, 0, 0]},
			"faces": {
				"north": {"uv": [1, 0, 0, 1], "texture": "#1"},
				"east": {"uv": [2, 0, 0, 1], "texture": "#1"},
				"south": {"uv": [1, 0, 0, 1], "texture": "#1"},
				"west": {"uv": [2, 0, 0, 1], "texture": "#1"},
				"up": {"uv": [1, 0, 0, 2], "texture": "#1"},
				"down": {"uv": [1, 0, 0, 2], "texture": "#1"}
			}
		},
		{
			"from": [18, 18, 25],
			"to": [19, 19, 27],
			"rotation": {"angle": 0, "axis": "y", "origin": [16, 0, 0]},
			"faces": {
				"north": {"uv": [1, 0, 0, 1], "texture": "#1"},
				"east": {"uv": [2, 0, 0, 1], "texture": "#1"},
				"south": {"uv": [1, 0, 0, 1], "texture": "#1"},
				"west": {"uv": [2, 0, 0, 1], "texture": "#1"},
				"up": {"uv": [1, 0, 0, 2], "texture": "#1"},
				"down": {"uv": [1, 0, 0, 2], "texture": "#1"}
			}
		},
		{
			"from": [15, 21, 9],
			"to": [16, 22, 14],
			"rotation": {"angle": 0, "axis": "y", "origin": [16, 0, 0]},
			"faces": {
				"north": {"uv": [1, 0, 0, 1], "texture": "#1"},
				"east": {"uv": [5, 0, 0, 1], "texture": "#1"},
				"south": {"uv": [1, 0, 0, 1], "texture": "#1"},
				"west": {"uv": [5, 0, 0, 1], "texture": "#1"},
				"up": {"uv": [1, 0, 0, 5], "texture": "#1"},
				"down": {"uv": [1, 0, 0, 5], "texture": "#1"}
			}
		},
		{
			"from": [15, 20, 14],
			"to": [16, 21, 17],
			"rotation": {"angle": 0, "axis": "y", "origin": [16, 0, 0]},
			"faces": {
				"north": {"uv": [1, 0, 0, 1], "texture": "#1"},
				"east": {"uv": [3, 0, 0, 1], "texture": "#1"},
				"south": {"uv": [1, 0, 0, 1], "texture": "#1"},
				"west": {"uv": [3, 0, 0, 1], "texture": "#1"},
				"up": {"uv": [1, 0, 0, 3], "texture": "#1"},
				"down": {"uv": [1, 0, 0, 3], "texture": "#1"}
			}
		},
		{
			"from": [15, 19, 17],
			"to": [16, 20, 20],
			"rotation": {"angle": 0, "axis": "y", "origin": [16, 0, 0]},
			"faces": {
				"north": {"uv": [1, 0, 0, 1], "texture": "#1"},
				"east": {"uv": [3, 0, 0, 1], "texture": "#1"},
				"south": {"uv": [1, 0, 0, 1], "texture": "#1"},
				"west": {"uv": [3, 0, 0, 1], "texture": "#1"},
				"up": {"uv": [1, 0, 0, 3], "texture": "#1"},
				"down": {"uv": [1, 0, 0, 3], "texture": "#1"}
			}
		},
		{
			"from": [15, 19, 19],
			"to": [16, 20, 22],
			"rotation": {"angle": 0, "axis": "y", "origin": [16, 0, 0]},
			"faces": {
				"north": {"uv": [1, 0, 0, 1], "texture": "#1"},
				"east": {"uv": [3, 0, 0, 1], "texture": "#1"},
				"south": {"uv": [1, 0, 0, 1], "texture": "#1"},
				"west": {"uv": [3, 0, 0, 1], "texture": "#1"},
				"up": {"uv": [1, 0, 0, 3], "texture": "#1"},
				"down": {"uv": [1, 0, 0, 3], "texture": "#1"}
			}
		},
		{
			"from": [15, 18, 22],
			"to": [16, 19, 24],
			"rotation": {"angle": 0, "axis": "y", "origin": [16, 0, 0]},
			"faces": {
				"north": {"uv": [1, 0, 0, 1], "texture": "#1"},
				"east": {"uv": [2, 0, 0, 1], "texture": "#1"},
				"south": {"uv": [1, 0, 0, 1], "texture": "#1"},
				"west": {"uv": [2, 0, 0, 1], "texture": "#1"},
				"up": {"uv": [1, 0, 0, 2], "texture": "#1"},
				"down": {"uv": [1, 0, 0, 2], "texture": "#1"}
			}
		},
		{
			"from": [15, 18, 25],
			"to": [16, 19, 27],
			"rotation": {"angle": 0, "axis": "y", "origin": [16, 0, 0]},
			"faces": {
				"north": {"uv": [1, 0, 0, 1], "texture": "#1"},
				"east": {"uv": [2, 0, 0, 1], "texture": "#1"},
				"south": {"uv": [1, 0, 0, 1], "texture": "#1"},
				"west": {"uv": [2, 0, 0, 1], "texture": "#1"},
				"up": {"uv": [1, 0, 0, 2], "texture": "#1"},
				"down": {"uv": [1, 0, 0, 2], "texture": "#1"}
			}
		},
		{
			"from": [12, 21, 9],
			"to": [13, 22, 14],
			"rotation": {"angle": 0, "axis": "y", "origin": [16, 0, 0]},
			"faces": {
				"north": {"uv": [1, 0, 0, 1], "texture": "#1"},
				"east": {"uv": [5, 0, 0, 1], "texture": "#1"},
				"south": {"uv": [1, 0, 0, 1], "texture": "#1"},
				"west": {"uv": [5, 0, 0, 1], "texture": "#1"},
				"up": {"uv": [1, 0, 0, 5], "texture": "#1"},
				"down": {"uv": [1, 0, 0, 5], "texture": "#1"}
			}
		},
		{
			"from": [12, 20, 14],
			"to": [13, 21, 17],
			"rotation": {"angle": 0, "axis": "y", "origin": [16, 0, 0]},
			"faces": {
				"north": {"uv": [1, 0, 0, 1], "texture": "#1"},
				"east": {"uv": [3, 0, 0, 1], "texture": "#1"},
				"south": {"uv": [1, 0, 0, 1], "texture": "#1"},
				"west": {"uv": [3, 0, 0, 1], "texture": "#1"},
				"up": {"uv": [1, 0, 0, 3], "texture": "#1"},
				"down": {"uv": [1, 0, 0, 3], "texture": "#1"}
			}
		},
		{
			"from": [12, 19, 17],
			"to": [13, 20, 20],
			"rotation": {"angle": 0, "axis": "y", "origin": [16, 0, 0]},
			"faces": {
				"north": {"uv": [1, 0, 0, 1], "texture": "#1"},
				"east": {"uv": [3, 0, 0, 1], "texture": "#1"},
				"south": {"uv": [1, 0, 0, 1], "texture": "#1"},
				"west": {"uv": [3, 0, 0, 1], "texture": "#1"},
				"up": {"uv": [1, 0, 0, 3], "texture": "#1"},
				"down": {"uv": [1, 0, 0, 3], "texture": "#1"}
			}
		},
		{
			"from": [12, 19, 19],
			"to": [13, 20, 22],
			"rotation": {"angle": 0, "axis": "y", "origin": [16, 0, 0]},
			"faces": {
				"north": {"uv": [1, 0, 0, 1], "texture": "#1"},
				"east": {"uv": [3, 0, 0, 1], "texture": "#1"},
				"south": {"uv": [1, 0, 0, 1], "texture": "#1"},
				"west": {"uv": [3, 0, 0, 1], "texture": "#1"},
				"up": {"uv": [1, 0, 0, 3], "texture": "#1"},
				"down": {"uv": [1, 0, 0, 3], "texture": "#1"}
			}
		},
		{
			"from": [12, 18, 22],
			"to": [13, 19, 24],
			"rotation": {"angle": 0, "axis": "y", "origin": [16, 0, 0]},
			"faces": {
				"north": {"uv": [1, 0, 0, 1], "texture": "#1"},
				"east": {"uv": [2, 0, 0, 1], "texture": "#1"},
				"south": {"uv": [1, 0, 0, 1], "texture": "#1"},
				"west": {"uv": [2, 0, 0, 1], "texture": "#1"},
				"up": {"uv": [1, 0, 0, 2], "texture": "#1"},
				"down": {"uv": [1, 0, 0, 2], "texture": "#1"}
			}
		},
		{
			"from": [12, 18, 25],
			"to": [13, 19, 27],
			"rotation": {"angle": 0, "axis": "y", "origin": [16, 0, 0]},
			"faces": {
				"north": {"uv": [1, 0, 0, 1], "texture": "#1"},
				"east": {"uv": [2, 0, 0, 1], "texture": "#1"},
				"south": {"uv": [1, 0, 0, 1], "texture": "#1"},
				"west": {"uv": [2, 0, 0, 1], "texture": "#1"},
				"up": {"uv": [1, 0, 0, 2], "texture": "#1"},
				"down": {"uv": [1, 0, 0, 2], "texture": "#1"}
			}
		},
		{
			"from": [9, 21, 9],
			"to": [10, 22, 14],
			"rotation": {"angle": 0, "axis": "y", "origin": [16, 0, 0]},
			"faces": {
				"north": {"uv": [1, 0, 0, 1], "texture": "#1"},
				"east": {"uv": [5, 0, 0, 1], "texture": "#1"},
				"south": {"uv": [1, 0, 0, 1], "texture": "#1"},
				"west": {"uv": [5, 0, 0, 1], "texture": "#1"},
				"up": {"uv": [1, 0, 0, 5], "texture": "#1"},
				"down": {"uv": [1, 0, 0, 5], "texture": "#1"}
			}
		},
		{
			"from": [9, 20, 14],
			"to": [10, 21, 17],
			"rotation": {"angle": 0, "axis": "y", "origin": [16, 0, 0]},
			"faces": {
				"north": {"uv": [1, 0, 0, 1], "texture": "#1"},
				"east": {"uv": [3, 0, 0, 1], "texture": "#1"},
				"south": {"uv": [1, 0, 0, 1], "texture": "#1"},
				"west": {"uv": [3, 0, 0, 1], "texture": "#1"},
				"up": {"uv": [1, 0, 0, 3], "texture": "#1"},
				"down": {"uv": [1, 0, 0, 3], "texture": "#1"}
			}
		},
		{
			"from": [9, 19, 17],
			"to": [10, 20, 20],
			"rotation": {"angle": 0, "axis": "y", "origin": [16, 0, 0]},
			"faces": {
				"north": {"uv": [1, 0, 0, 1], "texture": "#1"},
				"east": {"uv": [3, 0, 0, 1], "texture": "#1"},
				"south": {"uv": [1, 0, 0, 1], "texture": "#1"},
				"west": {"uv": [3, 0, 0, 1], "texture": "#1"},
				"up": {"uv": [1, 0, 0, 3], "texture": "#1"},
				"down": {"uv": [1, 0, 0, 3], "texture": "#1"}
			}
		},
		{
			"from": [9, 19, 19],
			"to": [10, 20, 22],
			"rotation": {"angle": 0, "axis": "y", "origin": [16, 0, 0]},
			"faces": {
				"north": {"uv": [1, 0, 0, 1], "texture": "#1"},
				"east": {"uv": [3, 0, 0, 1], "texture": "#1"},
				"south": {"uv": [1, 0, 0, 1], "texture": "#1"},
				"west": {"uv": [3, 0, 0, 1], "texture": "#1"},
				"up": {"uv": [1, 0, 0, 3], "texture": "#1"},
				"down": {"uv": [1, 0, 0, 3], "texture": "#1"}
			}
		},
		{
			"from": [9, 18, 22],
			"to": [10, 19, 24],
			"rotation": {"angle": 0, "axis": "y", "origin": [16, 0, 0]},
			"faces": {
				"north": {"uv": [1, 0, 0, 1], "texture": "#1"},
				"east": {"uv": [2, 0, 0, 1], "texture": "#1"},
				"south": {"uv": [1, 0, 0, 1], "texture": "#1"},
				"west": {"uv": [2, 0, 0, 1], "texture": "#1"},
				"up": {"uv": [1, 0, 0, 2], "texture": "#1"},
				"down": {"uv": [1, 0, 0, 2], "texture": "#1"}
			}
		},
		{
			"from": [9, 18, 25],
			"to": [10, 19, 27],
			"rotation": {"angle": 0, "axis": "y", "origin": [16, 0, 0]},
			"faces": {
				"north": {"uv": [1, 0, 0, 1], "texture": "#1"},
				"east": {"uv": [2, 0, 0, 1], "texture": "#1"},
				"south": {"uv": [1, 0, 0, 1], "texture": "#1"},
				"west": {"uv": [2, 0, 0, 1], "texture": "#1"},
				"up": {"uv": [1, 0, 0, 2], "texture": "#1"},
				"down": {"uv": [1, 0, 0, 2], "texture": "#1"}
			}
		},
		{
			"from": [6, 21, 9],
			"to": [7, 22, 14],
			"rotation": {"angle": 0, "axis": "y", "origin": [16, 0, 0]},
			"faces": {
				"north": {"uv": [1, 0, 0, 1], "texture": "#1"},
				"east": {"uv": [5, 0, 0, 1], "texture": "#1"},
				"south": {"uv": [1, 0, 0, 1], "texture": "#1"},
				"west": {"uv": [5, 0, 0, 1], "texture": "#1"},
				"up": {"uv": [1, 0, 0, 5], "texture": "#1"},
				"down": {"uv": [1, 0, 0, 5], "texture": "#1"}
			}
		},
		{
			"from": [6, 20, 14],
			"to": [7, 21, 17],
			"rotation": {"angle": 0, "axis": "y", "origin": [16, 0, 0]},
			"faces": {
				"north": {"uv": [1, 0, 0, 1], "texture": "#1"},
				"east": {"uv": [3, 0, 0, 1], "texture": "#1"},
				"south": {"uv": [1, 0, 0, 1], "texture": "#1"},
				"west": {"uv": [3, 0, 0, 1], "texture": "#1"},
				"up": {"uv": [1, 0, 0, 3], "texture": "#1"},
				"down": {"uv": [1, 0, 0, 3], "texture": "#1"}
			}
		},
		{
			"from": [6, 19, 17],
			"to": [7, 20, 20],
			"rotation": {"angle": 0, "axis": "y", "origin": [16, 0, 0]},
			"faces": {
				"north": {"uv": [1, 0, 0, 1], "texture": "#1"},
				"east": {"uv": [3, 0, 0, 1], "texture": "#1"},
				"south": {"uv": [1, 0, 0, 1], "texture": "#1"},
				"west": {"uv": [3, 0, 0, 1], "texture": "#1"},
				"up": {"uv": [1, 0, 0, 3], "texture": "#1"},
				"down": {"uv": [1, 0, 0, 3], "texture": "#1"}
			}
		},
		{
			"from": [6, 19, 19],
			"to": [7, 20, 22],
			"rotation": {"angle": 0, "axis": "y", "origin": [16, 0, 0]},
			"faces": {
				"north": {"uv": [1, 0, 0, 1], "texture": "#1"},
				"east": {"uv": [3, 0, 0, 1], "texture": "#1"},
				"south": {"uv": [1, 0, 0, 1], "texture": "#1"},
				"west": {"uv": [3, 0, 0, 1], "texture": "#1"},
				"up": {"uv": [1, 0, 0, 3], "texture": "#1"},
				"down": {"uv": [1, 0, 0, 3], "texture": "#1"}
			}
		},
		{
			"from": [6, 18, 22],
			"to": [7, 19, 24],
			"rotation": {"angle": 0, "axis": "y", "origin": [16, 0, 0]},
			"faces": {
				"north": {"uv": [1, 0, 0, 1], "texture": "#1"},
				"east": {"uv": [2, 0, 0, 1], "texture": "#1"},
				"south": {"uv": [1, 0, 0, 1], "texture": "#1"},
				"west": {"uv": [2, 0, 0, 1], "texture": "#1"},
				"up": {"uv": [1, 0, 0, 2], "texture": "#1"},
				"down": {"uv": [1, 0, 0, 2], "texture": "#1"}
			}
		},
		{
			"from": [6, 18, 25],
			"to": [7, 19, 27],
			"rotation": {"angle": 0, "axis": "y", "origin": [16, 0, 0]},
			"faces": {
				"north": {"uv": [1, 0, 0, 1], "texture": "#1"},
				"east": {"uv": [2, 0, 0, 1], "texture": "#1"},
				"south": {"uv": [1, 0, 0, 1], "texture": "#1"},
				"west": {"uv": [2, 0, 0, 1], "texture": "#1"},
				"up": {"uv": [1, 0, 0, 2], "texture": "#1"},
				"down": {"uv": [1, 0, 0, 2], "texture": "#1"}
			}
		},
		{
			"from": [3, 21, 9],
			"to": [4, 22, 14],
			"rotation": {"angle": 0, "axis": "y", "origin": [16, 0, 0]},
			"faces": {
				"north": {"uv": [1, 0, 0, 1], "texture": "#1"},
				"east": {"uv": [5, 0, 0, 1], "texture": "#1"},
				"south": {"uv": [1, 0, 0, 1], "texture": "#1"},
				"west": {"uv": [5, 0, 0, 1], "texture": "#1"},
				"up": {"uv": [1, 0, 0, 5], "texture": "#1"},
				"down": {"uv": [1, 0, 0, 5], "texture": "#1"}
			}
		},
		{
			"from": [3, 20, 14],
			"to": [4, 21, 17],
			"rotation": {"angle": 0, "axis": "y", "origin": [16, 0, 0]},
			"faces": {
				"north": {"uv": [1, 0, 0, 1], "texture": "#1"},
				"east": {"uv": [3, 0, 0, 1], "texture": "#1"},
				"south": {"uv": [1, 0, 0, 1], "texture": "#1"},
				"west": {"uv": [3, 0, 0, 1], "texture": "#1"},
				"up": {"uv": [1, 0, 0, 3], "texture": "#1"},
				"down": {"uv": [1, 0, 0, 3], "texture": "#1"}
			}
		},
		{
			"from": [3, 19, 17],
			"to": [4, 20, 20],
			"rotation": {"angle": 0, "axis": "y", "origin": [16, 0, 0]},
			"faces": {
				"north": {"uv": [1, 0, 0, 1], "texture": "#1"},
				"east": {"uv": [3, 0, 0, 1], "texture": "#1"},
				"south": {"uv": [1, 0, 0, 1], "texture": "#1"},
				"west": {"uv": [3, 0, 0, 1], "texture": "#1"},
				"up": {"uv": [1, 0, 0, 3], "texture": "#1"},
				"down": {"uv": [1, 0, 0, 3], "texture": "#1"}
			}
		},
		{
			"from": [3, 19, 19],
			"to": [4, 20, 22],
			"rotation": {"angle": 0, "axis": "y", "origin": [16, 0, 0]},
			"faces": {
				"north": {"uv": [1, 0, 0, 1], "texture": "#1"},
				"east": {"uv": [3, 0, 0, 1], "texture": "#1"},
				"south": {"uv": [1, 0, 0, 1], "texture": "#1"},
				"west": {"uv": [3, 0, 0, 1], "texture": "#1"},
				"up": {"uv": [1, 0, 0, 3], "texture": "#1"},
				"down": {"uv": [1, 0, 0, 3], "texture": "#1"}
			}
		},
		{
			"from": [3, 18, 22],
			"to": [4, 19, 24],
			"rotation": {"angle": 0, "axis": "y", "origin": [16, 0, 0]},
			"faces": {
				"north": {"uv": [1, 0, 0, 1], "texture": "#1"},
				"east": {"uv": [2, 0, 0, 1], "texture": "#1"},
				"south": {"uv": [1, 0, 0, 1], "texture": "#1"},
				"west": {"uv": [2, 0, 0, 1], "texture": "#1"},
				"up": {"uv": [1, 0, 0, 2], "texture": "#1"},
				"down": {"uv": [1, 0, 0, 2], "texture": "#1"}
			}
		},
		{
			"from": [3, 18, 25],
			"to": [4, 19, 27],
			"rotation": {"angle": 0, "axis": "y", "origin": [16, 0, 0]},
			"faces": {
				"north": {"uv": [1, 0, 0, 1], "texture": "#1"},
				"east": {"uv": [2, 0, 0, 1], "texture": "#1"},
				"south": {"uv": [1, 0, 0, 1], "texture": "#1"},
				"west": {"uv": [2, 0, 0, 1], "texture": "#1"},
				"up": {"uv": [1, 0, 0, 2], "texture": "#1"},
				"down": {"uv": [1, 0, 0, 2], "texture": "#1"}
			}
		},
		{
			"from": [0, 21, 9],
			"to": [1, 22, 14],
			"rotation": {"angle": 0, "axis": "y", "origin": [16, 0, 0]},
			"faces": {
				"north": {"uv": [1, 0, 0, 1], "texture": "#1"},
				"east": {"uv": [5, 0, 0, 1], "texture": "#1"},
				"south": {"uv": [1, 0, 0, 1], "texture": "#1"},
				"west": {"uv": [5, 0, 0, 1], "texture": "#1"},
				"up": {"uv": [1, 0, 0, 5], "texture": "#1"},
				"down": {"uv": [1, 0, 0, 5], "texture": "#1"}
			}
		},
		{
			"from": [0, 20, 14],
			"to": [1, 21, 17],
			"rotation": {"angle": 0, "axis": "y", "origin": [16, 0, 0]},
			"faces": {
				"north": {"uv": [1, 0, 0, 1], "texture": "#1"},
				"east": {"uv": [3, 0, 0, 1], "texture": "#1"},
				"south": {"uv": [1, 0, 0, 1], "texture": "#1"},
				"west": {"uv": [3, 0, 0, 1], "texture": "#1"},
				"up": {"uv": [1, 0, 0, 3], "texture": "#1"},
				"down": {"uv": [1, 0, 0, 3], "texture": "#1"}
			}
		},
		{
			"from": [0, 19, 17],
			"to": [1, 20, 20],
			"rotation": {"angle": 0, "axis": "y", "origin": [16, 0, 0]},
			"faces": {
				"north": {"uv": [1, 0, 0, 1], "texture": "#1"},
				"east": {"uv": [3, 0, 0, 1], "texture": "#1"},
				"south": {"uv": [1, 0, 0, 1], "texture": "#1"},
				"west": {"uv": [3, 0, 0, 1], "texture": "#1"},
				"up": {"uv": [1, 0, 0, 3], "texture": "#1"},
				"down": {"uv": [1, 0, 0, 3], "texture": "#1"}
			}
		},
		{
			"from": [0, 19, 19],
			"to": [1, 20, 22],
			"rotation": {"angle": 0, "axis": "y", "origin": [16, 0, 0]},
			"faces": {
				"north": {"uv": [1, 0, 0, 1], "texture": "#1"},
				"east": {"uv": [3, 0, 0, 1], "texture": "#1"},
				"south": {"uv": [1, 0, 0, 1], "texture": "#1"},
				"west": {"uv": [3, 0, 0, 1], "texture": "#1"},
				"up": {"uv": [1, 0, 0, 3], "texture": "#1"},
				"down": {"uv": [1, 0, 0, 3], "texture": "#1"}
			}
		},
		{
			"from": [0, 18, 22],
			"to": [1, 19, 24],
			"rotation": {"angle": 0, "axis": "y", "origin": [16, 0, 0]},
			"faces": {
				"north": {"uv": [1, 0, 0, 1], "texture": "#1"},
				"east": {"uv": [2, 0, 0, 1], "texture": "#1"},
				"south": {"uv": [1, 0, 0, 1], "texture": "#1"},
				"west": {"uv": [2, 0, 0, 1], "texture": "#1"},
				"up": {"uv": [1, 0, 0, 2], "texture": "#1"},
				"down": {"uv": [1, 0, 0, 2], "texture": "#1"}
			}
		},
		{
			"from": [0, 18, 25],
			"to": [1, 19, 27],
			"rotation": {"angle": 0, "axis": "y", "origin": [16, 0, 0]},
			"faces": {
				"north": {"uv": [1, 0, 0, 1], "texture": "#1"},
				"east": {"uv": [2, 0, 0, 1], "texture": "#1"},
				"south": {"uv": [1, 0, 0, 1], "texture": "#1"},
				"west": {"uv": [2, 0, 0, 1], "texture": "#1"},
				"up": {"uv": [1, 0, 0, 2], "texture": "#1"},
				"down": {"uv": [1, 0, 0, 2], "texture": "#1"}
			}
		},
		{
			"from": [-3, 21, 9],
			"to": [-2, 22, 14],
			"rotation": {"angle": 0, "axis": "y", "origin": [16, 0, 0]},
			"faces": {
				"north": {"uv": [1, 0, 0, 1], "texture": "#1"},
				"east": {"uv": [5, 0, 0, 1], "texture": "#1"},
				"south": {"uv": [1, 0, 0, 1], "texture": "#1"},
				"west": {"uv": [5, 0, 0, 1], "texture": "#1"},
				"up": {"uv": [1, 0, 0, 5], "texture": "#1"},
				"down": {"uv": [1, 0, 0, 5], "texture": "#1"}
			}
		},
		{
			"from": [-3, 20, 14],
			"to": [-2, 21, 17],
			"rotation": {"angle": 0, "axis": "y", "origin": [16, 0, 0]},
			"faces": {
				"north": {"uv": [1, 0, 0, 1], "texture": "#1"},
				"east": {"uv": [3, 0, 0, 1], "texture": "#1"},
				"south": {"uv": [1, 0, 0, 1], "texture": "#1"},
				"west": {"uv": [3, 0, 0, 1], "texture": "#1"},
				"up": {"uv": [1, 0, 0, 3], "texture": "#1"},
				"down": {"uv": [1, 0, 0, 3], "texture": "#1"}
			}
		},
		{
			"from": [-3, 19, 17],
			"to": [-2, 20, 20],
			"rotation": {"angle": 0, "axis": "y", "origin": [16, 0, 0]},
			"faces": {
				"north": {"uv": [1, 0, 0, 1], "texture": "#1"},
				"east": {"uv": [3, 0, 0, 1], "texture": "#1"},
				"south": {"uv": [1, 0, 0, 1], "texture": "#1"},
				"west": {"uv": [3, 0, 0, 1], "texture": "#1"},
				"up": {"uv": [1, 0, 0, 3], "texture": "#1"},
				"down": {"uv": [1, 0, 0, 3], "texture": "#1"}
			}
		},
		{
			"from": [-3, 19, 19],
			"to": [-2, 20, 22],
			"rotation": {"angle": 0, "axis": "y", "origin": [16, 0, 0]},
			"faces": {
				"north": {"uv": [1, 0, 0, 1], "texture": "#1"},
				"east": {"uv": [3, 0, 0, 1], "texture": "#1"},
				"south": {"uv": [1, 0, 0, 1], "texture": "#1"},
				"west": {"uv": [3, 0, 0, 1], "texture": "#1"},
				"up": {"uv": [1, 0, 0, 3], "texture": "#1"},
				"down": {"uv": [1, 0, 0, 3], "texture": "#1"}
			}
		},
		{
			"from": [-3, 18, 22],
			"to": [-2, 19, 24],
			"rotation": {"angle": 0, "axis": "y", "origin": [16, 0, 0]},
			"faces": {
				"north": {"uv": [1, 0, 0, 1], "texture": "#1"},
				"east": {"uv": [2, 0, 0, 1], "texture": "#1"},
				"south": {"uv": [1, 0, 0, 1], "texture": "#1"},
				"west": {"uv": [2, 0, 0, 1], "texture": "#1"},
				"up": {"uv": [1, 0, 0, 2], "texture": "#1"},
				"down": {"uv": [1, 0, 0, 2], "texture": "#1"}
			}
		},
		{
			"from": [-3, 18, 25],
			"to": [-2, 19, 27],
			"rotation": {"angle": 0, "axis": "y", "origin": [16, 0, 0]},
			"faces": {
				"north": {"uv": [1, 0, 0, 1], "texture": "#1"},
				"east": {"uv": [2, 0, 0, 1], "texture": "#1"},
				"south": {"uv": [1, 0, 0, 1], "texture": "#1"},
				"west": {"uv": [2, 0, 0, 1], "texture": "#1"},
				"up": {"uv": [1, 0, 0, 2], "texture": "#1"},
				"down": {"uv": [1, 0, 0, 2], "texture": "#1"}
			}
		},
		{
			"from": [-6, 21, 9],
			"to": [-5, 22, 14],
			"rotation": {"angle": 0, "axis": "y", "origin": [16, 0, 0]},
			"faces": {
				"north": {"uv": [1, 0, 0, 1], "texture": "#1"},
				"east": {"uv": [5, 0, 0, 1], "texture": "#1"},
				"south": {"uv": [1, 0, 0, 1], "texture": "#1"},
				"west": {"uv": [5, 0, 0, 1], "texture": "#1"},
				"up": {"uv": [1, 0, 0, 5], "texture": "#1"},
				"down": {"uv": [1, 0, 0, 5], "texture": "#1"}
			}
		},
		{
			"from": [-6, 20, 14],
			"to": [-5, 21, 17],
			"rotation": {"angle": 0, "axis": "y", "origin": [16, 0, 0]},
			"faces": {
				"north": {"uv": [1, 0, 0, 1], "texture": "#1"},
				"east": {"uv": [3, 0, 0, 1], "texture": "#1"},
				"south": {"uv": [1, 0, 0, 1], "texture": "#1"},
				"west": {"uv": [3, 0, 0, 1], "texture": "#1"},
				"up": {"uv": [1, 0, 0, 3], "texture": "#1"},
				"down": {"uv": [1, 0, 0, 3], "texture": "#1"}
			}
		},
		{
			"from": [-6, 19, 17],
			"to": [-5, 20, 20],
			"rotation": {"angle": 0, "axis": "y", "origin": [16, 0, 0]},
			"faces": {
				"north": {"uv": [1, 0, 0, 1], "texture": "#1"},
				"east": {"uv": [3, 0, 0, 1], "texture": "#1"},
				"south": {"uv": [1, 0, 0, 1], "texture": "#1"},
				"west": {"uv": [3, 0, 0, 1], "texture": "#1"},
				"up": {"uv": [1, 0, 0, 3], "texture": "#1"},
				"down": {"uv": [1, 0, 0, 3], "texture": "#1"}
			}
		},
		{
			"from": [-6, 19, 19],
			"to": [-5, 20, 22],
			"rotation": {"angle": 0, "axis": "y", "origin": [16, 0, 0]},
			"faces": {
				"north": {"uv": [1, 0, 0, 1], "texture": "#1"},
				"east": {"uv": [3, 0, 0, 1], "texture": "#1"},
				"south": {"uv": [1, 0, 0, 1], "texture": "#1"},
				"west": {"uv": [3, 0, 0, 1], "texture": "#1"},
				"up": {"uv": [1, 0, 0, 3], "texture": "#1"},
				"down": {"uv": [1, 0, 0, 3], "texture": "#1"}
			}
		},
		{
			"from": [-6, 18, 22],
			"to": [-5, 19, 24],
			"rotation": {"angle": 0, "axis": "y", "origin": [16, 0, 0]},
			"faces": {
				"north": {"uv": [1, 0, 0, 1], "texture": "#1"},
				"east": {"uv": [2, 0, 0, 1], "texture": "#1"},
				"south": {"uv": [1, 0, 0, 1], "texture": "#1"},
				"west": {"uv": [2, 0, 0, 1], "texture": "#1"},
				"up": {"uv": [1, 0, 0, 2], "texture": "#1"},
				"down": {"uv": [1, 0, 0, 2], "texture": "#1"}
			}
		},
		{
			"from": [-6, 18, 25],
			"to": [-5, 19, 27],
			"rotation": {"angle": 0, "axis": "y", "origin": [16, 0, 0]},
			"faces": {
				"north": {"uv": [1, 0, 0, 1], "texture": "#1"},
				"east": {"uv": [2, 0, 0, 1], "texture": "#1"},
				"south": {"uv": [1, 0, 0, 1], "texture": "#1"},
				"west": {"uv": [2, 0, 0, 1], "texture": "#1"},
				"up": {"uv": [1, 0, 0, 2], "texture": "#1"},
				"down": {"uv": [1, 0, 0, 2], "texture": "#1"}
			}
		},
		{
			"from": [-9, 21, 9],
			"to": [-8, 22, 14],
			"rotation": {"angle": 0, "axis": "y", "origin": [16, 0, 0]},
			"faces": {
				"north": {"uv": [1, 0, 0, 1], "texture": "#1"},
				"east": {"uv": [5, 0, 0, 1], "texture": "#1"},
				"south": {"uv": [1, 0, 0, 1], "texture": "#1"},
				"west": {"uv": [5, 0, 0, 1], "texture": "#1"},
				"up": {"uv": [1, 0, 0, 5], "texture": "#1"},
				"down": {"uv": [1, 0, 0, 5], "texture": "#1"}
			}
		},
		{
			"from": [-9, 20, 14],
			"to": [-8, 21, 17],
			"rotation": {"angle": 0, "axis": "y", "origin": [16, 0, 0]},
			"faces": {
				"north": {"uv": [1, 0, 0, 1], "texture": "#1"},
				"east": {"uv": [3, 0, 0, 1], "texture": "#1"},
				"south": {"uv": [1, 0, 0, 1], "texture": "#1"},
				"west": {"uv": [3, 0, 0, 1], "texture": "#1"},
				"up": {"uv": [1, 0, 0, 3], "texture": "#1"},
				"down": {"uv": [1, 0, 0, 3], "texture": "#1"}
			}
		},
		{
			"from": [-9, 19, 17],
			"to": [-8, 20, 20],
			"rotation": {"angle": 0, "axis": "y", "origin": [16, 0, 0]},
			"faces": {
				"north": {"uv": [1, 0, 0, 1], "texture": "#1"},
				"east": {"uv": [3, 0, 0, 1], "texture": "#1"},
				"south": {"uv": [1, 0, 0, 1], "texture": "#1"},
				"west": {"uv": [3, 0, 0, 1], "texture": "#1"},
				"up": {"uv": [1, 0, 0, 3], "texture": "#1"},
				"down": {"uv": [1, 0, 0, 3], "texture": "#1"}
			}
		},
		{
			"from": [-9, 19, 19],
			"to": [-8, 20, 22],
			"rotation": {"angle": 0, "axis": "y", "origin": [16, 0, 0]},
			"faces": {
				"north": {"uv": [1, 0, 0, 1], "texture": "#1"},
				"east": {"uv": [3, 0, 0, 1], "texture": "#1"},
				"south": {"uv": [1, 0, 0, 1], "texture": "#1"},
				"west": {"uv": [3, 0, 0, 1], "texture": "#1"},
				"up": {"uv": [1, 0, 0, 3], "texture": "#1"},
				"down": {"uv": [1, 0, 0, 3], "texture": "#1"}
			}
		},
		{
			"from": [-9, 18, 22],
			"to": [-8, 19, 24],
			"rotation": {"angle": 0, "axis": "y", "origin": [16, 0, 0]},
			"faces": {
				"north": {"uv": [1, 0, 0, 1], "texture": "#1"},
				"east": {"uv": [2, 0, 0, 1], "texture": "#1"},
				"south": {"uv": [1, 0, 0, 1], "texture": "#1"},
				"west": {"uv": [2, 0, 0, 1], "texture": "#1"},
				"up": {"uv": [1, 0, 0, 2], "texture": "#1"},
				"down": {"uv": [1, 0, 0, 2], "texture": "#1"}
			}
		},
		{
			"from": [-9, 18, 25],
			"to": [-8, 19, 27],
			"rotation": {"angle": 0, "axis": "y", "origin": [16, 0, 0]},
			"faces": {
				"north": {"uv": [1, 0, 0, 1], "texture": "#1"},
				"east": {"uv": [2, 0, 0, 1], "texture": "#1"},
				"south": {"uv": [1, 0, 0, 1], "texture": "#1"},
				"west": {"uv": [2, 0, 0, 1], "texture": "#1"},
				"up": {"uv": [1, 0, 0, 2], "texture": "#1"},
				"down": {"uv": [1, 0, 0, 2], "texture": "#1"}
			}
		},
		{
			"from": [-12, 21, 9],
			"to": [-11, 22, 14],
			"rotation": {"angle": 0, "axis": "y", "origin": [16, 0, 0]},
			"faces": {
				"north": {"uv": [1, 0, 0, 1], "texture": "#1"},
				"east": {"uv": [5, 0, 0, 1], "texture": "#1"},
				"south": {"uv": [1, 0, 0, 1], "texture": "#1"},
				"west": {"uv": [5, 0, 0, 1], "texture": "#1"},
				"up": {"uv": [1, 0, 0, 5], "texture": "#1"},
				"down": {"uv": [1, 0, 0, 5], "texture": "#1"}
			}
		},
		{
			"from": [-12, 20, 14],
			"to": [-11, 21, 17],
			"rotation": {"angle": 0, "axis": "y", "origin": [16, 0, 0]},
			"faces": {
				"north": {"uv": [1, 0, 0, 1], "texture": "#1"},
				"east": {"uv": [3, 0, 0, 1], "texture": "#1"},
				"south": {"uv": [1, 0, 0, 1], "texture": "#1"},
				"west": {"uv": [3, 0, 0, 1], "texture": "#1"},
				"up": {"uv": [1, 0, 0, 3], "texture": "#1"},
				"down": {"uv": [1, 0, 0, 3], "texture": "#1"}
			}
		},
		{
			"from": [-12, 19, 17],
			"to": [-11, 20, 20],
			"rotation": {"angle": 0, "axis": "y", "origin": [16, 0, 0]},
			"faces": {
				"north": {"uv": [1, 0, 0, 1], "texture": "#1"},
				"east": {"uv": [3, 0, 0, 1], "texture": "#1"},
				"south": {"uv": [1, 0, 0, 1], "texture": "#1"},
				"west": {"uv": [3, 0, 0, 1], "texture": "#1"},
				"up": {"uv": [1, 0, 0, 3], "texture": "#1"},
				"down": {"uv": [1, 0, 0, 3], "texture": "#1"}
			}
		},
		{
			"from": [-12, 19, 19],
			"to": [-11, 20, 22],
			"rotation": {"angle": 0, "axis": "y", "origin": [16, 0, 0]},
			"faces": {
				"north": {"uv": [1, 0, 0, 1], "texture": "#1"},
				"east": {"uv": [3, 0, 0, 1], "texture": "#1"},
				"south": {"uv": [1, 0, 0, 1], "texture": "#1"},
				"west": {"uv": [3, 0, 0, 1], "texture": "#1"},
				"up": {"uv": [1, 0, 0, 3], "texture": "#1"},
				"down": {"uv": [1, 0, 0, 3], "texture": "#1"}
			}
		},
		{
			"from": [-12, 18, 22],
			"to": [-11, 19, 24],
			"rotation": {"angle": 0, "axis": "y", "origin": [16, 0, 0]},
			"faces": {
				"north": {"uv": [1, 0, 0, 1], "texture": "#1"},
				"east": {"uv": [2, 0, 0, 1], "texture": "#1"},
				"south": {"uv": [1, 0, 0, 1], "texture": "#1"},
				"west": {"uv": [2, 0, 0, 1], "texture": "#1"},
				"up": {"uv": [1, 0, 0, 2], "texture": "#1"},
				"down": {"uv": [1, 0, 0, 2], "texture": "#1"}
			}
		},
		{
			"from": [-12, 18, 25],
			"to": [-11, 19, 27],
			"rotation": {"angle": 0, "axis": "y", "origin": [16, 0, 0]},
			"faces": {
				"north": {"uv": [1, 0, 0, 1], "texture": "#1"},
				"east": {"uv": [2, 0, 0, 1], "texture": "#1"},
				"south": {"uv": [1, 0, 0, 1], "texture": "#1"},
				"west": {"uv": [2, 0, 0, 1], "texture": "#1"},
				"up": {"uv": [1, 0, 0, 2], "texture": "#1"},
				"down": {"uv": [1, 0, 0, 2], "texture": "#1"}
			}
		},
		{
			"from": [-15, 21, 9],
			"to": [-14, 22, 14],
			"rotation": {"angle": 0, "axis": "y", "origin": [16, 0, 0]},
			"faces": {
				"north": {"uv": [1, 0, 0, 1], "texture": "#1"},
				"east": {"uv": [5, 0, 0, 1], "texture": "#1"},
				"south": {"uv": [1, 0, 0, 1], "texture": "#1"},
				"west": {"uv": [5, 0, 0, 1], "texture": "#1"},
				"up": {"uv": [1, 0, 0, 5], "texture": "#1"},
				"down": {"uv": [1, 0, 0, 5], "texture": "#1"}
			}
		},
		{
			"from": [-15, 20, 14],
			"to": [-14, 21, 17],
			"rotation": {"angle": 0, "axis": "y", "origin": [16, 0, 0]},
			"faces": {
				"north": {"uv": [1, 0, 0, 1], "texture": "#1"},
				"east": {"uv": [3, 0, 0, 1], "texture": "#1"},
				"south": {"uv": [1, 0, 0, 1], "texture": "#1"},
				"west": {"uv": [3, 0, 0, 1], "texture": "#1"},
				"up": {"uv": [1, 0, 0, 3], "texture": "#1"},
				"down": {"uv": [1, 0, 0, 3], "texture": "#1"}
			}
		},
		{
			"from": [-15, 19, 17],
			"to": [-14, 20, 20],
			"rotation": {"angle": 0, "axis": "y", "origin": [16, 0, 0]},
			"faces": {
				"north": {"uv": [1, 0, 0, 1], "texture": "#1"},
				"east": {"uv": [3, 0, 0, 1], "texture": "#1"},
				"south": {"uv": [1, 0, 0, 1], "texture": "#1"},
				"west": {"uv": [3, 0, 0, 1], "texture": "#1"},
				"up": {"uv": [1, 0, 0, 3], "texture": "#1"},
				"down": {"uv": [1, 0, 0, 3], "texture": "#1"}
			}
		},
		{
			"from": [-15, 19, 19],
			"to": [-14, 20, 22],
			"rotation": {"angle": 0, "axis": "y", "origin": [16, 0, 0]},
			"faces": {
				"north": {"uv": [1, 0, 0, 1], "texture": "#1"},
				"east": {"uv": [3, 0, 0, 1], "texture": "#1"},
				"south": {"uv": [1, 0, 0, 1], "texture": "#1"},
				"west": {"uv": [3, 0, 0, 1], "texture": "#1"},
				"up": {"uv": [1, 0, 0, 3], "texture": "#1"},
				"down": {"uv": [1, 0, 0, 3], "texture": "#1"}
			}
		},
		{
			"from": [-15, 18, 22],
			"to": [-14, 19, 24],
			"rotation": {"angle": 0, "axis": "y", "origin": [16, 0, 0]},
			"faces": {
				"north": {"uv": [1, 0, 0, 1], "texture": "#1"},
				"east": {"uv": [2, 0, 0, 1], "texture": "#1"},
				"south": {"uv": [1, 0, 0, 1], "texture": "#1"},
				"west": {"uv": [2, 0, 0, 1], "texture": "#1"},
				"up": {"uv": [1, 0, 0, 2], "texture": "#1"},
				"down": {"uv": [1, 0, 0, 2], "texture": "#1"}
			}
		},
		{
			"from": [-15, 18, 25],
			"to": [-14, 19, 27],
			"rotation": {"angle": 0, "axis": "y", "origin": [16, 0, 0]},
			"faces": {
				"north": {"uv": [1, 0, 0, 1], "texture": "#1"},
				"east": {"uv": [2, 0, 0, 1], "texture": "#1"},
				"south": {"uv": [1, 0, 0, 1], "texture": "#1"},
				"west": {"uv": [2, 0, 0, 1], "texture": "#1"},
				"up": {"uv": [1, 0, 0, 2], "texture": "#1"},
				"down": {"uv": [1, 0, 0, 2], "texture": "#1"}
			}
		},
		{
			"from": [27, 18, 25],
			"to": [28, 19, 27],
			"rotation": {"angle": 0, "axis": "y", "origin": [16, 0, 0]},
			"faces": {
				"north": {"uv": [1, 0, 0, 1], "texture": "#1"},
				"east": {"uv": [2, 0, 0, 1], "texture": "#1"},
				"south": {"uv": [1, 0, 0, 1], "texture": "#1"},
				"west": {"uv": [2, 0, 0, 1], "texture": "#1"},
				"up": {"uv": [1, 0, 0, 2], "texture": "#1"},
				"down": {"uv": [1, 0, 0, 2], "texture": "#1"}
			}
		},
		{
			"from": [27, 18, 22],
			"to": [28, 19, 24],
			"rotation": {"angle": 0, "axis": "y", "origin": [16, 0, 0]},
			"faces": {
				"north": {"uv": [1, 0, 0, 1], "texture": "#1"},
				"east": {"uv": [2, 0, 0, 1], "texture": "#1"},
				"south": {"uv": [1, 0, 0, 1], "texture": "#1"},
				"west": {"uv": [2, 0, 0, 1], "texture": "#1"},
				"up": {"uv": [1, 0, 0, 2], "texture": "#1"},
				"down": {"uv": [1, 0, 0, 2], "texture": "#1"}
			}
		},
		{
			"from": [27, 19, 19],
			"to": [28, 20, 22],
			"rotation": {"angle": 0, "axis": "y", "origin": [16, 0, 0]},
			"faces": {
				"north": {"uv": [1, 0, 0, 1], "texture": "#1"},
				"east": {"uv": [3, 0, 0, 1], "texture": "#1"},
				"south": {"uv": [1, 0, 0, 1], "texture": "#1"},
				"west": {"uv": [3, 0, 0, 1], "texture": "#1"},
				"up": {"uv": [1, 0, 0, 3], "texture": "#1"},
				"down": {"uv": [1, 0, 0, 3], "texture": "#1"}
			}
		},
		{
			"from": [27, 19, 17],
			"to": [28, 20, 20],
			"rotation": {"angle": 0, "axis": "y", "origin": [16, 0, 0]},
			"faces": {
				"north": {"uv": [1, 0, 0, 1], "texture": "#1"},
				"east": {"uv": [3, 0, 0, 1], "texture": "#1"},
				"south": {"uv": [1, 0, 0, 1], "texture": "#1"},
				"west": {"uv": [3, 0, 0, 1], "texture": "#1"},
				"up": {"uv": [1, 0, 0, 3], "texture": "#1"},
				"down": {"uv": [1, 0, 0, 3], "texture": "#1"}
			}
		},
		{
			"from": [27, 20, 14],
			"to": [28, 21, 17],
			"rotation": {"angle": 0, "axis": "y", "origin": [16, 0, 0]},
			"faces": {
				"north": {"uv": [1, 0, 0, 1], "texture": "#1"},
				"east": {"uv": [3, 0, 0, 1], "texture": "#1"},
				"south": {"uv": [1, 0, 0, 1], "texture": "#1"},
				"west": {"uv": [3, 0, 0, 1], "texture": "#1"},
				"up": {"uv": [1, 0, 0, 3], "texture": "#1"},
				"down": {"uv": [1, 0, 0, 3], "texture": "#1"}
			}
		},
		{
			"from": [27, 21, 9],
			"to": [28, 22, 14],
			"rotation": {"angle": 0, "axis": "y", "origin": [16, 0, 0]},
			"faces": {
				"north": {"uv": [1, 0, 0, 1], "texture": "#1"},
				"east": {"uv": [5, 0, 0, 1], "texture": "#1"},
				"south": {"uv": [1, 0, 0, 1], "texture": "#1"},
				"west": {"uv": [5, 0, 0, 1], "texture": "#1"},
				"up": {"uv": [1, 0, 0, 5], "texture": "#1"},
				"down": {"uv": [1, 0, 0, 5], "texture": "#1"}
			}
		},
		{
			"from": [30, -14, 14],
			"to": [31, 19, 15],
			"rotation": {"angle": 0, "axis": "y", "origin": [16, 0, 0]},
			"faces": {
				"north": {"uv": [1, 0, 0, 16], "texture": "#1"},
				"east": {"uv": [1, 0, 0, 16], "texture": "#1"},
				"south": {"uv": [1, 0, 0, 16], "texture": "#1"},
				"west": {"uv": [1, 0, 0, 16], "texture": "#1"},
				"up": {"uv": [1, 0, 0, 1], "texture": "#1"},
				"down": {"uv": [1, 0, 0, 1], "texture": "#1"}
			}
		},
		{
			"from": [30, -14, 17],
			"to": [31, 19, 18],
			"rotation": {"angle": 0, "axis": "y", "origin": [16, 0, 0]},
			"faces": {
				"north": {"uv": [1, 0, 0, 16], "texture": "#1"},
				"east": {"uv": [1, 0, 0, 16], "texture": "#1"},
				"south": {"uv": [1, 0, 0, 16], "texture": "#1"},
				"west": {"uv": [1, 0, 0, 16], "texture": "#1"},
				"up": {"uv": [1, 0, 0, 1], "texture": "#1"},
				"down": {"uv": [1, 0, 0, 1], "texture": "#1"}
			}
		},
		{
			"from": [30, -14, 20],
			"to": [31, 19, 21],
			"rotation": {"angle": 0, "axis": "y", "origin": [16, 0, 0]},
			"faces": {
				"north": {"uv": [1, 0, 0, 16], "texture": "#1"},
				"east": {"uv": [1, 0, 0, 16], "texture": "#1"},
				"south": {"uv": [1, 0, 0, 16], "texture": "#1"},
				"west": {"uv": [1, 0, 0, 16], "texture": "#1"},
				"up": {"uv": [1, 0, 0, 1], "texture": "#1"},
				"down": {"uv": [1, 0, 0, 1], "texture": "#1"}
			}
		},
		{
			"from": [30, -14, 23],
			"to": [31, 19, 24],
			"rotation": {"angle": 0, "axis": "y", "origin": [16, 0, 0]},
			"faces": {
				"north": {"uv": [1, 0, 0, 16], "texture": "#1"},
				"east": {"uv": [1, 0, 0, 16], "texture": "#1"},
				"south": {"uv": [1, 0, 0, 16], "texture": "#1"},
				"west": {"uv": [1, 0, 0, 16], "texture": "#1"},
				"up": {"uv": [1, 0, 0, 1], "texture": "#1"},
				"down": {"uv": [1, 0, 0, 1], "texture": "#1"}
			}
		},
		{
			"from": [30, -14, 26],
			"to": [31, 16, 27],
			"rotation": {"angle": 0, "axis": "y", "origin": [16, 0, 0]},
			"faces": {
				"north": {"uv": [1, 0, 0, 16], "texture": "#1"},
				"east": {"uv": [1, 0, 0, 16], "texture": "#1"},
				"south": {"uv": [1, 0, 0, 16], "texture": "#1"},
				"west": {"uv": [1, 0, 0, 16], "texture": "#1"},
				"up": {"uv": [1, 0, 0, 1], "texture": "#1"},
				"down": {"uv": [1, 0, 0, 1], "texture": "#1"}
			}
		},
		{
			"from": [30, -14, 29],
			"to": [31, -4, 30],
			"rotation": {"angle": 0, "axis": "y", "origin": [16, 0, 0]},
			"faces": {
				"north": {"uv": [1, 0, 0, 10], "texture": "#1"},
				"east": {"uv": [1, 0, 0, 10], "texture": "#1"},
				"south": {"uv": [1, 0, 0, 10], "texture": "#1"},
				"west": {"uv": [1, 0, 0, 10], "texture": "#1"},
				"up": {"uv": [1, 0, 0, 1], "texture": "#1"},
				"down": {"uv": [1, 0, 0, 1], "texture": "#1"}
			}
		},
		{
			"from": [30, -12, 12],
			"to": [31, -11, 30],
			"rotation": {"angle": 0, "axis": "y", "origin": [16, 0, 0]},
			"faces": {
				"north": {"uv": [1, 0, 0, 1], "texture": "#1"},
				"east": {"uv": [16, 0, 0, 1], "texture": "#1"},
				"south": {"uv": [1, 0, 0, 1], "texture": "#1"},
				"west": {"uv": [16, 0, 0, 1], "texture": "#1"},
				"up": {"uv": [1, 0, 0, 16], "texture": "#1"},
				"down": {"uv": [1, 0, 0, 16], "texture": "#1"}
			}
		},
		{
			"from": [30, -9, 12],
			"to": [31, -8, 30],
			"rotation": {"angle": 0, "axis": "y", "origin": [16, 0, 0]},
			"faces": {
				"north": {"uv": [1, 0, 0, 1], "texture": "#1"},
				"east": {"uv": [16, 0, 0, 1], "texture": "#1"},
				"south": {"uv": [1, 0, 0, 1], "texture": "#1"},
				"west": {"uv": [16, 0, 0, 1], "texture": "#1"},
				"up": {"uv": [1, 0, 0, 16], "texture": "#1"},
				"down": {"uv": [1, 0, 0, 16], "texture": "#1"}
			}
		},
		{
			"from": [30, -6, 12],
			"to": [31, -5, 30],
			"rotation": {"angle": 0, "axis": "y", "origin": [16, 0, 0]},
			"faces": {
				"north": {"uv": [1, 0, 0, 1], "texture": "#1"},
				"east": {"uv": [16, 0, 0, 1], "texture": "#1"},
				"south": {"uv": [1, 0, 0, 1], "texture": "#1"},
				"west": {"uv": [16, 0, 0, 1], "texture": "#1"},
				"up": {"uv": [1, 0, 0, 16], "texture": "#1"},
				"down": {"uv": [1, 0, 0, 16], "texture": "#1"}
			}
		},
		{
			"from": [30, -3, 12],
			"to": [31, -2, 29],
			"rotation": {"angle": 0, "axis": "y", "origin": [16, 0, 0]},
			"faces": {
				"north": {"uv": [1, 0, 0, 1], "texture": "#1"},
				"east": {"uv": [16, 0, 0, 1], "texture": "#1"},
				"south": {"uv": [1, 0, 0, 1], "texture": "#1"},
				"west": {"uv": [16, 0, 0, 1], "texture": "#1"},
				"up": {"uv": [1, 0, 0, 16], "texture": "#1"},
				"down": {"uv": [1, 0, 0, 16], "texture": "#1"}
			}
		},
		{
			"from": [30, 0, 12],
			"to": [31, 1, 29],
			"rotation": {"angle": 0, "axis": "y", "origin": [16, 0, 0]},
			"faces": {
				"north": {"uv": [1, 0, 0, 1], "texture": "#1"},
				"east": {"uv": [16, 0, 0, 1], "texture": "#1"},
				"south": {"uv": [1, 0, 0, 1], "texture": "#1"},
				"west": {"uv": [16, 0, 0, 1], "texture": "#1"},
				"up": {"uv": [1, 0, 0, 16], "texture": "#1"},
				"down": {"uv": [1, 0, 0, 16], "texture": "#1"}
			}
		},
		{
			"from": [30, 3, 12],
			"to": [31, 4, 29],
			"rotation": {"angle": 0, "axis": "y", "origin": [16, 0, 0]},
			"faces": {
				"north": {"uv": [1, 0, 0, 1], "texture": "#1"},
				"east": {"uv": [16, 0, 0, 1], "texture": "#1"},
				"south": {"uv": [1, 0, 0, 1], "texture": "#1"},
				"west": {"uv": [16, 0, 0, 1], "texture": "#1"},
				"up": {"uv": [1, 0, 0, 16], "texture": "#1"},
				"down": {"uv": [1, 0, 0, 16], "texture": "#1"}
			}
		},
		{
			"from": [30, 6, 12],
			"to": [31, 7, 29],
			"rotation": {"angle": 0, "axis": "y", "origin": [16, 0, 0]},
			"faces": {
				"north": {"uv": [1, 0, 0, 1], "texture": "#1"},
				"east": {"uv": [16, 0, 0, 1], "texture": "#1"},
				"south": {"uv": [1, 0, 0, 1], "texture": "#1"},
				"west": {"uv": [16, 0, 0, 1], "texture": "#1"},
				"up": {"uv": [1, 0, 0, 16], "texture": "#1"},
				"down": {"uv": [1, 0, 0, 16], "texture": "#1"}
			}
		},
		{
			"from": [30, 9, 12],
			"to": [31, 10, 28],
			"rotation": {"angle": 0, "axis": "y", "origin": [16, 0, 0]},
			"faces": {
				"north": {"uv": [1, 0, 0, 1], "texture": "#1"},
				"east": {"uv": [16, 0, 0, 1], "texture": "#1"},
				"south": {"uv": [1, 0, 0, 1], "texture": "#1"},
				"west": {"uv": [16, 0, 0, 1], "texture": "#1"},
				"up": {"uv": [1, 0, 0, 16], "texture": "#1"},
				"down": {"uv": [1, 0, 0, 16], "texture": "#1"}
			}
		},
		{
			"from": [30, 12, 12],
			"to": [31, 13, 28],
			"rotation": {"angle": 0, "axis": "y", "origin": [16, 0, 0]},
			"faces": {
				"north": {"uv": [1, 0, 0, 1], "texture": "#1"},
				"east": {"uv": [16, 0, 0, 1], "texture": "#1"},
				"south": {"uv": [1, 0, 0, 1], "texture": "#1"},
				"west": {"uv": [16, 0, 0, 1], "texture": "#1"},
				"up": {"uv": [1, 0, 0, 16], "texture": "#1"},
				"down": {"uv": [1, 0, 0, 16], "texture": "#1"}
			}
		},
		{
			"from": [30, 15, 12],
			"to": [31, 16, 27],
			"rotation": {"angle": 0, "axis": "y", "origin": [16, 0, 0]},
			"faces": {
				"north": {"uv": [1, 0, 0, 1], "texture": "#1"},
				"east": {"uv": [15, 0, 0, 1], "texture": "#1"},
				"south": {"uv": [1, 0, 0, 1], "texture": "#1"},
				"west": {"uv": [15, 0, 0, 1], "texture": "#1"},
				"up": {"uv": [1, 0, 0, 15], "texture": "#1"},
				"down": {"uv": [1, 0, 0, 15], "texture": "#1"}
			}
		},
		{
			"from": [30, 18, 12],
			"to": [31, 19, 24],
			"rotation": {"angle": 0, "axis": "y", "origin": [16, 0, 0]},
			"faces": {
				"north": {"uv": [1, 0, 0, 1], "texture": "#1"},
				"east": {"uv": [12, 0, 0, 1], "texture": "#1"},
				"south": {"uv": [1, 0, 0, 1], "texture": "#1"},
				"west": {"uv": [12, 0, 0, 1], "texture": "#1"},
				"up": {"uv": [1, 0, 0, 12], "texture": "#1"},
				"down": {"uv": [1, 0, 0, 12], "texture": "#1"}
			}
		}
	],
	"groups": [
		{
			"name": "Frame",
			"origin": [0, 0, 0],
			"color": 0,
			"nbt": "{}",
			"armAnimationEnabled": false,
			"children": [0, 1, 2, 3, 4, 5, 6, 7, 8, 9, 10, 11]
		},
		{
			"name": "net_side",
			"origin": [8, 8, 8],
			"color": 0,
			"nbt": "{}",
			"armAnimationEnabled": false,
			"children": [
				12,
				13,
				14,
				15,
				16,
				17,
				18,
				19,
				20,
				21,
				22,
				23,
				24,
				25,
				26,
				27,
				28,
				29,
				30,
				31,
				32,
				33,
				34,
				35,
				36,
				37,
				38,
				39,
				40,
				41,
				42,
				43,
				44,
				45,
				46,
				47,
				48,
				49,
				50,
				51,
				52,
				53,
				54,
				55,
				56,
				57,
				58,
				59,
				60,
				61,
				62,
				63,
				64,
				65,
				66,
				67,
				68,
				69,
				70,
				71,
				72,
				73,
				74,
				75,
				76,
				77,
				78,
				79,
				80,
				81,
				82
			]
		},
		{
			"name": "net_top",
			"origin": [0, 0, 1],
			"color": 0,
			"nbt": "{}",
			"armAnimationEnabled": false,
			"children": [
				{
					"name": "group",
					"origin": [0, 0, 0],
					"color": 0,
					"nbt": "{}",
					"armAnimationEnabled": false,
					"children": [
						83,
						84,
						85,
						86,
						87,
						88,
						89,
						90,
						91,
						92,
						93,
						94,
						95,
						96,
						97,
						98,
						99,
						100,
						101,
						102,
						103,
						104,
						105,
						106,
						107,
						108,
						109,
						110,
						111,
						112,
						113,
						114,
						115,
						116,
						117,
						118,
						119,
						120,
						121,
						122,
						123,
						124,
						125,
						126,
						127,
						128,
						129,
						130,
						131,
						132,
						133,
						134,
						135,
						136,
						137,
						138,
						139,
						140,
						141,
						142,
						143,
						144,
						145,
						146,
						147,
						148,
						149,
						150,
						151,
						152,
						153,
						154,
						155,
						156,
						157,
						158,
						159,
						160,
						161,
						162,
						163,
						164,
						165,
						166,
						167,
						168,
						169,
						170,
						171,
						172,
						173,
						174,
						175,
						176
					]
				}
			]
		},
		{
			"name": "net_side",
			"origin": [8, 8, 8],
			"color": 0,
			"nbt": "{}",
			"armAnimationEnabled": false,
			"children": [177, 178, 179, 180, 181, 182, 183, 184, 185, 186, 187, 188, 189, 190, 191, 192, 193]
		}
	]
}