{
	"credit": "Made by lavafoxerex",
	"textures": {
		"0": "rpg/weapon/sword/dagger/iron",
		"particle": "rpg/weapon/sword/dagger/iron"
	},
	"parent": "rpg/weapon/sword/dagger/parent",
	"display": {
		"thirdperson_righthand": {
			"rotation": [0, -170.25, -21.25],
			"translation": [-1.25, 5, 0.75],
			"scale": [1.15, 1.15, 1.15]
		},
		"thirdperson_lefthand": {
			"rotation": [0, -170.25, -21.25],
			"translation": [-1.25, 5, 0.75],
			"scale": [1.15, 1.15, 1.15]
		},
		"firstperson_righthand": {
			"rotation": [-52, 125, 0],
			"translation": [0, 5, 0.75],
			"scale": [1.15, 1.15, 1.15]
		},
		"firstperson_lefthand": {
			"rotation": [-52, 125, 0],
			"translation": [0, 5, 0.75],
			"scale": [1.15, 1.15, 1.15]
		},
		"gui": {
			"rotation": [0, -180, -45],
			"translation": [-0.5, 0.5, 0],
			"scale": [1.4, 1.4, 1.4]
		},
		"head": {
			"rotation": [0, 0, 90],
			"scale": [4, 4, 4]
		},
		"fixed": {
			"rotation": [0, 0, -45],
			"translation": [0.75, 0.75, 0],
			"scale": [1.75, 1.75, 1.75]
		}
	}
}