{
  "parent": "item/handheld_rod",
  "textures": {
      "layer0": "item/warped_fungus_on_a_stick"
  },
  "overrides": [
    {"predicate": {"custom_model_data":100000}, "model": "rpg/book/fire"},
    {"predicate": {"custom_model_data":100001}, "model": "rpg/book/ice"},
    {"predicate": {"custom_model_data":100002}, "model": "rpg/book/menu"},
    {"predicate": {"custom_model_data":100003}, "model": "rpg/food/can/can_parent"},
    {"predicate": {"custom_model_data":100004}, "model": "rpg/food/can/can_apple"},
    {"predicate": {"custom_model_data":100005}, "model": "rpg/food/can/can_beef"},
    {"predicate": {"custom_model_data":110000}, "model": "rpg/mystery_box/oxi_copper"},
    {"predicate": {"custom_model_data":110001}, "model": "rpg/mystery_box/copper"},
    {"predicate": {"custom_model_data":110002}, "model": "rpg/mystery_box/emerald"},
    {"predicate": {"custom_model_data":110003}, "model": "rpg/mystery_box/futuristic_purple"},
    {"predicate": {"custom_model_data":110004}, "model": "rpg/mystery_box/futuristic_blue"},
    {"predicate": {"custom_model_data":110005}, "model": "rpg/mystery_box/futuristic_fantasy"},
    {"predicate": {"custom_model_data":110006}, "model": "rpg/mystery_box/futuristic_combined"},
    {"predicate": {"custom_model_data":200001}, "model": "rpg/weapon/soul_scythe"},
    {"predicate": {"custom_model_data":6900000}, "model": "rpg/weapon/katana/iron"},
    {"predicate": {"custom_model_data":6900001}, "model": "rpg/weapon/katana/iron_swing"},
    {"predicate": {"custom_model_data":6900002}, "model": "rpg/weapon/katana/mithril"},
    {"predicate": {"custom_model_data":6900003}, "model": "rpg/weapon/katana/mithril_swing"},
    {"predicate": {"custom_model_data":6900004}, "model": "rpg/weapon/katana/iron"},
    {"predicate": {"custom_model_data":6900005}, "model": "rpg/weapon/katana/iron_swing"},
    {"predicate": {"custom_model_data":6900004}, "model": "rpg/weapon/longsword/iron"},
    {"predicate": {"custom_model_data":6900005}, "model": "rpg/weapon/longsword/iron_swing"},
    {"predicate": {"custom_model_data":6900006}, "model": "rpg/weapon/odachi/iron"},
    {"predicate": {"custom_model_data":6900007}, "model": "rpg/weapon/odachi/iron_swing"},
    {"predicate": {"custom_model_data":6900008}, "model": "rpg/weapon/longsword/stone"},
    {"predicate": {"custom_model_data":6900009}, "model": "rpg/weapon/longsword/stone_swing"},
    {"predicate": {"custom_model_data":6900010}, "model": "rpg/weapon/greatsword/iron"},
    {"predicate": {"custom_model_data":6900011}, "model": "rpg/weapon/greatsword/iron_swing"},
    {"predicate": {"custom_model_data":6900012}, "model": "rpg/weapon/longsword/stone_swing"}
  ]
}