{
  "parent": "item/handheld_rod",
  "textures": {
      "layer0": "item/warped_fungus_on_a_stick"
  },
  "overrides": [
    {"predicate": {"custom_model_data":100000}, "model": "rpg/book/fire"},
    {"predicate": {"custom_model_data":100001}, "model": "rpg/book/ice"},
    {"predicate": {"custom_model_data":100002}, "model": "rpg/book/menu"},
    {"predicate": {"custom_model_data":100003}, "model": "rpg/food/can/can_parent"},
    {"predicate": {"custom_model_data":100004}, "model": "rpg/food/can/can_apple"},
    {"predicate": {"custom_model_data":100005}, "model": "rpg/food/can/can_beef"}
  ]
}