{
	"credit": "Made with Blockbench",
	"textures": {
		"4": "rpg/weapon/devas_2/dark_knife",
		"particle": "rpg/weapon/devas_2/dark_knife"
	},
	"elements": [
		{
			"from": [5.825, 8.7875, 7.925],
			"to": [6.575, 10.6625, 8.075],
			"rotation": {"angle": -22.5, "axis": "z", "origin": [6.2, 12.1625, 8]},
			"faces": {
				"north": {"uv": [9, 0, 10, 2], "texture": "#4"},
				"east": {"uv": [9, 2, 10, 4], "texture": "#4"},
				"south": {"uv": [10, 10, 11, 12], "texture": "#4"},
				"west": {"uv": [10, 0, 11, 2], "texture": "#4"},
				"up": {"uv": [9, 13, 8, 12], "texture": "#4"},
				"down": {"uv": [11, 12, 10, 13], "texture": "#4"}
			}
		},
		{
			"from": [4.56875, 7.71875, 7.925],
			"to": [5.31875, 9.21875, 8.075],
			"rotation": {"angle": 0, "axis": "z", "origin": [4.94375, 8.09375, 8]},
			"faces": {
				"north": {"uv": [7, 0, 8, 2], "texture": "#4"},
				"east": {"uv": [8, 0, 9, 2], "texture": "#4"},
				"south": {"uv": [1, 9, 2, 11], "texture": "#4"},
				"west": {"uv": [9, 9, 10, 11], "texture": "#4"},
				"up": {"uv": [7, 13, 6, 12], "texture": "#4"},
				"down": {"uv": [8, 12, 7, 13], "texture": "#4"}
			}
		},
		{
			"from": [5.2625, 5, 7.925],
			"to": [6.0125, 6.5, 8.075],
			"rotation": {"angle": -22.5, "axis": "z", "origin": [5.6375, 6.125, 8]},
			"faces": {
				"north": {"uv": [10, 2, 11, 4], "texture": "#4"},
				"east": {"uv": [10, 8, 11, 10], "texture": "#4"},
				"south": {"uv": [1, 11, 2, 13], "texture": "#4"},
				"west": {"uv": [2, 11, 3, 13], "texture": "#4"},
				"up": {"uv": [13, 13, 12, 12], "texture": "#4"},
				"down": {"uv": [13, 0, 12, 1], "texture": "#4"}
			}
		},
		{
			"from": [5.2625, 5.75, 7.925],
			"to": [6.0125, 8, 8.075],
			"rotation": {"angle": 22.5, "axis": "z", "origin": [5.6375, 6.125, 8]},
			"faces": {
				"north": {"uv": [3, 11, 4, 13], "texture": "#4"},
				"east": {"uv": [9, 11, 10, 13], "texture": "#4"},
				"south": {"uv": [11, 11, 12, 13], "texture": "#4"},
				"west": {"uv": [11, 0, 12, 2], "texture": "#4"},
				"up": {"uv": [13, 2, 12, 1], "texture": "#4"},
				"down": {"uv": [13, 4, 12, 5], "texture": "#4"}
			}
		},
		{
			"from": [5.075, 5.5625, 7.925],
			"to": [5.45, 6.6875, 8.075],
			"rotation": {"angle": 0, "axis": "z", "origin": [5.45, 6.6875, 8]},
			"faces": {
				"north": {"uv": [12, 8, 13, 9], "texture": "#4"},
				"east": {"uv": [12, 9, 13, 10], "texture": "#4"},
				"south": {"uv": [12, 10, 13, 11], "texture": "#4"},
				"west": {"uv": [12, 11, 13, 12], "texture": "#4"},
				"up": {"uv": [1, 14, 0, 13], "texture": "#4"},
				"down": {"uv": [2, 13, 1, 14], "texture": "#4"}
			}
		},
		{
			"from": [7.75, 1, 7.75],
			"to": [8.25, 5, 8.25],
			"rotation": {"angle": 0, "axis": "y", "origin": [15.5, 4.5, 15.5]},
			"faces": {
				"north": {"uv": [6, 8, 7, 12], "texture": "#4"},
				"east": {"uv": [7, 8, 8, 12], "texture": "#4"},
				"south": {"uv": [8, 8, 9, 12], "texture": "#4"},
				"west": {"uv": [0, 9, 1, 13], "texture": "#4"},
				"up": {"uv": [3, 14, 2, 13], "texture": "#4"},
				"down": {"uv": [4, 13, 3, 14], "texture": "#4"}
			}
		},
		{
			"from": [7.65, 0, 7.65],
			"to": [8.35, 1, 8.35],
			"rotation": {"angle": 0, "axis": "y", "origin": [15.5, 3.5, 15.5]},
			"faces": {
				"north": {"uv": [4, 13, 5, 14], "texture": "#4"},
				"east": {"uv": [6, 13, 7, 14], "texture": "#4"},
				"south": {"uv": [7, 13, 8, 14], "texture": "#4"},
				"west": {"uv": [8, 13, 9, 14], "texture": "#4"},
				"up": {"uv": [10, 14, 9, 13], "texture": "#4"},
				"down": {"uv": [11, 13, 10, 14], "texture": "#4"}
			}
		},
		{
			"from": [7.25, 5.75, 7.9],
			"to": [8.75, 15, 8.1],
			"rotation": {"angle": 0, "axis": "z", "origin": [8, 7.5, 8]},
			"faces": {
				"north": {"uv": [0, 0, 2, 9], "texture": "#4"},
				"east": {"uv": [4, 4, 5, 13], "texture": "#4"},
				"south": {"uv": [2, 2, 4, 11], "texture": "#4"},
				"west": {"uv": [5, 5, 6, 14], "texture": "#4"},
				"up": {"uv": [12, 5, 10, 4], "texture": "#4"},
				"down": {"uv": [13, 2, 11, 3], "texture": "#4"}
			}
		},
		{
			"from": [8.3, 15, 7.9],
			"to": [8.75, 16.05, 8.1],
			"rotation": {"angle": 0, "axis": "z", "origin": [8, 10.55, 8]},
			"faces": {
				"north": {"uv": [11, 13, 12, 14], "texture": "#4"},
				"east": {"uv": [12, 13, 13, 14], "texture": "#4"},
				"south": {"uv": [13, 13, 14, 14], "texture": "#4"},
				"west": {"uv": [13, 0, 14, 1], "texture": "#4"},
				"up": {"uv": [14, 2, 13, 1], "texture": "#4"},
				"down": {"uv": [14, 2, 13, 3], "texture": "#4"}
			}
		},
		{
			"from": [7.95, 15, 7.9],
			"to": [8.3, 15.35, 8.1],
			"rotation": {"angle": 0, "axis": "z", "origin": [8, 10.55, 8]},
			"faces": {
				"north": {"uv": [13, 3, 14, 4], "texture": "#4"},
				"east": {"uv": [13, 4, 14, 5], "texture": "#4"},
				"south": {"uv": [13, 5, 14, 6], "texture": "#4"},
				"west": {"uv": [13, 6, 14, 7], "texture": "#4"},
				"up": {"uv": [14, 8, 13, 7], "texture": "#4"},
				"down": {"uv": [14, 8, 13, 9], "texture": "#4"}
			}
		},
		{
			"from": [7.2, 15.1, 7.9],
			"to": [8.7, 15.6, 8.1],
			"rotation": {"angle": 45, "axis": "z", "origin": [7.95, 15.35, 8]},
			"faces": {
				"north": {"uv": [11, 3, 13, 4], "texture": "#4"},
				"east": {"uv": [13, 9, 14, 10], "texture": "#4"},
				"south": {"uv": [11, 5, 13, 6], "texture": "#4"},
				"west": {"uv": [13, 10, 14, 11], "texture": "#4"},
				"up": {"uv": [13, 7, 11, 6], "texture": "#4"},
				"down": {"uv": [13, 7, 11, 8], "texture": "#4"}
			}
		},
		{
			"name": "hexadecagon",
			"from": [5.65, 4.93256, 7.5],
			"to": [10.35, 5.86744, 8.5],
			"rotation": {"angle": -22.5, "axis": "z", "origin": [8, 5.4, 8]},
			"faces": {
				"north": {"uv": [2, 0, 7, 1], "texture": "#4"},
				"east": {"uv": [9, 8, 10, 9], "texture": "#4"},
				"south": {"uv": [2, 1, 7, 2], "texture": "#4"},
				"west": {"uv": [11, 8, 12, 9], "texture": "#4"},
				"up": {"uv": [9, 3, 4, 2], "texture": "#4"},
				"down": {"uv": [9, 3, 4, 4], "texture": "#4"}
			}
		},
		{
			"name": "hexadecagon",
			"from": [5.65, 4.93256, 7.5],
			"to": [10.35, 5.86744, 8.5],
			"rotation": {"angle": 0, "axis": "z", "origin": [8, 5.4, 8]},
			"faces": {
				"north": {"uv": [5, 4, 10, 5], "texture": "#4"},
				"east": {"uv": [11, 9, 12, 10], "texture": "#4"},
				"south": {"uv": [6, 6, 11, 7], "texture": "#4"},
				"west": {"uv": [11, 10, 12, 11], "texture": "#4"},
				"up": {"uv": [11, 6, 6, 5], "texture": "#4"},
				"down": {"uv": [11, 7, 6, 8], "texture": "#4"}
			}
		}
	],
	"display": {
		"thirdperson_righthand": {
			"rotation": [55, -90, 55],
			"translation": [0, 3.5, 1],
			"scale": [0.85, 0.85, 0.85]
		},
		"thirdperson_lefthand": {
			"rotation": [55, 90, -55],
			"translation": [0, 3.5, 1],
			"scale": [0.85, 0.85, 0.85]
		},
		"firstperson_righthand": {
			"rotation": [0, -90, 25],
			"translation": [1.13, 4.45, 1.13],
			"scale": [0.68, 0.68, 0.68]
		},
		"firstperson_lefthand": {
			"rotation": [0, 90, -25],
			"translation": [1.13, 4.45, 1.13],
			"scale": [0.68, 0.68, 0.68]
		},
		"gui": {
			"rotation": [0, -180, 45]
		},
		"fixed": {
			"rotation": [0, 0, 45],
			"scale": [1.5, 1.5, 1.5]
		}
	},
	"groups": [
		{
			"name": "group",
			"origin": [7.95, 15.35, 8],
			"children": [
				{
					"name": "group",
					"origin": [5.45, 6.5875, 8],
					"children": [0, 1, 2, 3, 4]
				}, 5, 6, 7, 8, 9, 10,
				{
					"name": "hexadecagon",
					"origin": [8, 8, 8],
					"children": [11, 12]
				}
			]
		}
	]
}