{
	"credit": "Made with Blockbench",
	"textures": {
		"0": "furniture/misc/color/0",
		"1": "furniture/misc/color/7",
		"particle": "furniture/misc/color/0"
	},
	"elements": [
		{
			"from": [6, 10, 0],
			"to": [10, 11, 16],
			"faces": {
				"north": {"uv": [0, 0, 4, 1], "texture": "#0"},
				"east": {"uv": [0, 0, 16, 1], "texture": "#0"},
				"south": {"uv": [0, 0, 4, 1], "texture": "#0"},
				"west": {"uv": [0, 0, 16, 1], "texture": "#0"},
				"up": {"uv": [0, 0, 4, 16], "texture": "#0"},
				"down": {"uv": [0, 0, 4, 16], "texture": "#1"}
			}
		},
		{
			"from": [6.25, 9.8, 0],
			"to": [9.75, 10, 0.25],
			"faces": {
				"north": {"uv": [0, 0, 3.5, 0.2], "texture": "#0"},
				"east": {"uv": [0, 0, 0.25, 0.2], "texture": "#0"},
				"south": {"uv": [0, 0, 3.5, 0.2], "texture": "#0"},
				"west": {"uv": [0, 0, 0.25, 0.2], "texture": "#0"},
				"up": {"uv": [0, 0, 3.5, 0.25], "texture": "#0"},
				"down": {"uv": [0, 0, 3.5, 0.25], "texture": "#0"}
			}
		},
		{
			"from": [6.25, 9.8, 15.75],
			"to": [9.75, 10, 16],
			"faces": {
				"north": {"uv": [0, 0, 3.5, 0.2], "texture": "#0"},
				"east": {"uv": [0, 0, 0.25, 0.2], "texture": "#0"},
				"south": {"uv": [0, 0, 3.5, 0.2], "texture": "#0"},
				"west": {"uv": [0, 0, 0.25, 0.2], "texture": "#0"},
				"up": {"uv": [0, 0, 3.5, 0.25], "texture": "#0"},
				"down": {"uv": [0, 0, 3.5, 0.25], "texture": "#0"}
			}
		},
		{
			"from": [9.75, 9.8, 0],
			"to": [10, 10, 16],
			"faces": {
				"north": {"uv": [0, 0, 0.25, 0.2], "texture": "#0"},
				"east": {"uv": [0, 0, 16, 0.2], "texture": "#0"},
				"south": {"uv": [0, 0, 0.25, 0.2], "texture": "#0"},
				"west": {"uv": [0, 0, 16, 0.2], "texture": "#0"},
				"up": {"uv": [0, 0, 0.25, 16], "texture": "#0"},
				"down": {"uv": [0, 0, 0.25, 16], "texture": "#0"}
			}
		},
		{
			"from": [6, 9.8, 0],
			"to": [6.25, 10, 16],
			"faces": {
				"north": {"uv": [0, 0, 0.25, 0.2], "texture": "#0"},
				"east": {"uv": [0, 0, 16, 0.2], "texture": "#0"},
				"south": {"uv": [0, 0, 0.25, 0.2], "texture": "#0"},
				"west": {"uv": [0, 0, 16, 0.2], "texture": "#0"},
				"up": {"uv": [0, 0, 0.25, 16], "texture": "#0"},
				"down": {"uv": [0, 0, 0.25, 16], "texture": "#0"}
			}
		},
		{
			"from": [7.65, 11, 12.9],
			"to": [8.35, 13, 13.6],
			"faces": {
				"north": {"uv": [0, 0, 0.7, 2], "texture": "#0"},
				"east": {"uv": [0, 0, 0.7, 2], "texture": "#0"},
				"south": {"uv": [0, 0, 0.7, 2], "texture": "#0"},
				"west": {"uv": [0, 0, 0.7, 2], "texture": "#0"},
				"up": {"uv": [0, 0, 0.7, 0.7], "texture": "#0"},
				"down": {"uv": [0, 0, 0.7, 0.7], "texture": "#0"}
			}
		},
		{
			"from": [7.65, 11, 2.4],
			"to": [8.35, 13, 3.1],
			"faces": {
				"north": {"uv": [0, 0, 0.7, 2], "texture": "#0"},
				"east": {"uv": [0, 0, 0.7, 2], "texture": "#0"},
				"south": {"uv": [0, 0, 0.7, 2], "texture": "#0"},
				"west": {"uv": [0, 0, 0.7, 2], "texture": "#0"},
				"up": {"uv": [0, 0, 0.7, 0.7], "texture": "#0"},
				"down": {"uv": [0, 0, 0.7, 0.7], "texture": "#0"}
			}
		},
		{
			"from": [7.75, 13, 13],
			"to": [8.25, 16, 13.5],
			"faces": {
				"north": {"uv": [0, 0, 0.5, 3], "texture": "#0"},
				"east": {"uv": [0, 0, 0.5, 3], "texture": "#0"},
				"south": {"uv": [0, 0, 0.5, 3], "texture": "#0"},
				"west": {"uv": [0, 0, 0.5, 3], "texture": "#0"},
				"up": {"uv": [0, 0, 0.5, 0.5], "texture": "#0"},
				"down": {"uv": [0, 0, 0.5, 0.5], "texture": "#0"}
			}
		},
		{
			"from": [7.75, 13, 2.5],
			"to": [8.25, 16, 3],
			"faces": {
				"north": {"uv": [0, 0, 0.5, 3], "texture": "#0"},
				"east": {"uv": [0, 0, 0.5, 3], "texture": "#0"},
				"south": {"uv": [0, 0, 0.5, 3], "texture": "#0"},
				"west": {"uv": [0, 0, 0.5, 3], "texture": "#0"},
				"up": {"uv": [0, 0, 0.5, 0.5], "texture": "#0"},
				"down": {"uv": [0, 0, 0.5, 0.5], "texture": "#0"}
			}
		}
	],
	"groups": [
		{
			"name": "group",
			"origin": [0, 0, 0],
			"color": 0,
			"children": [0, 1, 2, 3, 4, 5, 6, 7, 8]
		}
	],
	"display": {
		"firstperson_righthand": {
			"rotation": [0, -90, 25],
			"translation": [1.13, 0, 1.13],
			"scale": [0.68, 0.68, 0.68]
		},
		"firstperson_lefthand": {
			"rotation": [0, -90, 25],
			"translation": [1.13, 0, 1.13],
			"scale": [0.68, 0.68, 0.68]
		},
		"ground": {
			"translation": [0, 2, 0],
			"scale": [0.5, 0.5, 0.5]
		},
		"gui": {
			"rotation": [30, 225, 0],
			"translation": [0, -1, 0],
			"scale": [0.625, 0.625, 0.625]
		},
		"head": {
			"rotation": [0, 0, 0],
			"translation": [0, -50, 0],
			"scale": [4, 4, 4]
		},
		"fixed": {
			"rotation": [90, -180, -180],
			"translation": [0, 0, 0],
			"scale": [4, 4, 4]
		}
	}
}