{
	"credit": "Made with Blockbench",
	"texture_size": [32, 32],
	"elements": [
		{
			"from": [8, 1.25, 3.5],
			"to": [14, 2, 12.5],
			"rotation": {"angle": 22.5, "axis": "z", "origin": [8.5, 1, 8]},
			"faces": {
				"north": {"uv": [3, 0, 6, 0.375], "texture": "#0"},
				"east": {"uv": [3, 0, 7.5, 0.375], "texture": "#0"},
				"south": {"uv": [3, 0, 6, 0.375], "texture": "#0"},
				"west": {"uv": [3, 0, 7.5, 0.375], "texture": "#0"},
				"up": {"uv": [3, 0, 6, 4.5], "texture": "#0"},
				"down": {"uv": [3, 0, 6, 4.5], "texture": "#0"}
			}
		},
		{
			"from": [8, 2.275, 3.5],
			"to": [14, 2.275, 12.5],
			"rotation": {"angle": 45, "axis": "z", "origin": [8.5, 2.025, 8]},
			"faces": {
				"north": {"uv": [0, 0, 3, 0], "texture": "#0"},
				"east": {"uv": [0, 0, 4.5, 0], "texture": "#0"},
				"south": {"uv": [0, 0, 3, 0], "texture": "#0"},
				"west": {"uv": [0, 0, 4.5, 0], "texture": "#0"},
				"up": {"uv": [3, 0, 6, 4.5], "texture": "#0"},
				"down": {"uv": [3, 0, 6, 4.5], "texture": "#0"}
			}
		},
		{
			"from": [2, 1.25, 3.5],
			"to": [8, 2, 12.5],
			"rotation": {"angle": -22.5, "axis": "z", "origin": [7.5, 1, 8]},
			"faces": {
				"north": {"uv": [3, 0, 6, 0.375], "texture": "#0"},
				"east": {"uv": [3, 0, 7.5, 0.375], "texture": "#0"},
				"south": {"uv": [3, 0, 6, 0.375], "texture": "#0"},
				"west": {"uv": [3, 0, 7.5, 0.375], "texture": "#0"},
				"up": {"uv": [6.5, 0, 9.5, 4.5], "texture": "#0"},
				"down": {"uv": [6.5, 0, 9.5, 4.5], "texture": "#0"}
			}
		},
		{
			"from": [2, 2.275, 3.5],
			"to": [8, 2.275, 12.5],
			"rotation": {"angle": -45, "axis": "z", "origin": [7.5, 2.025, 8]},
			"faces": {
				"north": {"uv": [0, 0, 3, 0], "texture": "#0"},
				"east": {"uv": [0, 0, 4.5, 0], "texture": "#0"},
				"south": {"uv": [0, 0, 3, 0], "texture": "#0"},
				"west": {"uv": [0, 0, 4.5, 0], "texture": "#0"},
				"up": {"uv": [6.5, 0, 9.5, 4.5], "texture": "#0"},
				"down": {"uv": [6.5, 0, 9.5, 4.5], "texture": "#0"}
			}
		},
		{
			"from": [1.5, 0.85, 3],
			"to": [7.5, 1.5, 13],
			"rotation": {"angle": -22.5, "axis": "z", "origin": [7.5, 0.75, 8]},
			"faces": {
				"north": {"uv": [0, 0, 3, 0.25], "rotation": 180, "texture": "#0"},
				"east": {"uv": [0, 0, 5, 0.25], "texture": "#0"},
				"south": {"uv": [0, 0, 3, 0.25], "texture": "#0"},
				"west": {"uv": [0, 0, 0, 5], "rotation": 90, "texture": "#0"},
				"up": {"uv": [0, 0, 3, 5], "texture": "#0"},
				"down": {"uv": [0, 0, 3, 5], "texture": "#0"}
			}
		},
		{
			"from": [7.5, 0.85, 3],
			"to": [8.5, 1.5, 13],
			"rotation": {"angle": 0, "axis": "z", "origin": [8, -0.25, 8]},
			"faces": {
				"north": {"uv": [1.5, 2, 2, 2.25], "texture": "#0"},
				"east": {"uv": [0, 0, 5, 0.25], "texture": "#0"},
				"south": {"uv": [1, 1.5, 1.5, 1.75], "texture": "#0"},
				"west": {"uv": [0, 0, 5, 0.25], "texture": "#0"},
				"up": {"uv": [1, 0, 1.5, 5], "texture": "#0"},
				"down": {"uv": [1.5, 0, 2, 5], "texture": "#0"}
			}
		},
		{
			"from": [8.5, 0.85, 3],
			"to": [14.5, 1.5, 13],
			"rotation": {"angle": 22.5, "axis": "z", "origin": [8.5, 0.75, 8]},
			"faces": {
				"north": {"uv": [0, 0, 3, 0.25], "texture": "#0"},
				"east": {"uv": [0, 0, 0.5, 5], "rotation": 90, "texture": "#0"},
				"south": {"uv": [0, 0, 3, 0.25], "rotation": 180, "texture": "#0"},
				"west": {"uv": [0, 0, 5, 0.25], "texture": "#0"},
				"up": {"uv": [0, 0, 3, 5], "rotation": 180, "texture": "#0"},
				"down": {"uv": [0, 0, 3, 5], "rotation": 180, "texture": "#0"}
			}
		}
	],
	"display": {
		"thirdperson_righthand": {
			"rotation": [50, 0, 0],
			"translation": [0, 3.25, 1.5],
			"scale": [0.7, 0.7, 0.7]
		},
		"thirdperson_lefthand": {
			"rotation": [50, 0, 0],
			"translation": [0, 3.25, 1.5],
			"scale": [0.7, 0.7, 0.7]
		},
		"firstperson_righthand": {
			"rotation": [34, -22, 24],
			"translation": [-2.37, 6.45, 1.38],
			"scale": [0.68, 0.68, 0.68]
		},
		"firstperson_lefthand": {
			"rotation": [34, -22, 24],
			"translation": [-2.37, 6.45, 1.38],
			"scale": [0.68, 0.68, 0.68]
		},
		"ground": {
			"translation": [0, 4.25, 0]
		},
		"gui": {
			"rotation": [36, -18, -4],
			"translation": [0.5, 3.75, 0]
		},
		"head": {
			"rotation": [65, 180, 0],
			"translation": [0, -2.25, 21],
			"scale": [4, 2.87, 1]
		},
		"fixed": {
			"rotation": [0, 180, 0]
		}
	},
	"groups": [
		{
			"name": "group",
			"origin": [8.5, 1, 8],
			"children": [0, 1, 2, 3,
				{
					"name": "group",
					"origin": [8.5, 1, 8],
					"children": [4, 5, 6]
				}
			]
		}
	]
}