{
  "parent": "item/handheld_rod",
  "textures": {
      "layer0": "item/warped_fungus_on_a_stick"
  },
  "overrides": [
    {"predicate": {"custom_model_data":99996}, "model": "rpg/book/fire"},
    {"predicate": {"custom_model_data":99997}, "model": "rpg/book/water"},
    {"predicate": {"custom_model_data":99998}, "model": "rpg/book/wind"},
    {"predicate": {"custom_model_data":99999}, "model": "rpg/book/earth"},
    {"predicate": {"custom_model_data":100000}, "model": "rpg/book/light"},
    {"predicate": {"custom_model_data":100001}, "model": "rpg/book/dark"},
    {"predicate": {"custom_model_data":100002}, "model": "rpg/book/menu"},
    {"predicate": {"custom_model_data":100003}, "model": "rpg/food/can/can_parent"},
    {"predicate": {"custom_model_data":100004}, "model": "rpg/food/can/can_apple"},
    {"predicate": {"custom_model_data":100005}, "model": "rpg/food/can/can_beef"},
    {"predicate": {"custom_model_data":110000}, "model": "rpg/mystery_box/oxi_copper"},
    {"predicate": {"custom_model_data":110001}, "model": "rpg/mystery_box/copper"},
    {"predicate": {"custom_model_data":110002}, "model": "rpg/mystery_box/emerald"},
    {"predicate": {"custom_model_data":110003}, "model": "rpg/mystery_box/futuristic_purple"},
    {"predicate": {"custom_model_data":110004}, "model": "rpg/mystery_box/futuristic_blue"},
    {"predicate": {"custom_model_data":110005}, "model": "rpg/mystery_box/futuristic_fantasy"},
    {"predicate": {"custom_model_data":110006}, "model": "rpg/mystery_box/futuristic_combined"},
    {"predicate": {"custom_model_data":200002}, "model": "rpg/weapon/devas_2/baseball_bat"},
    

    {"predicate": {"custom_model_data":6900000}, "model": "rpg/weapon/sword/katana/wood"},
    {"predicate": {"custom_model_data":6900001}, "model": "rpg/weapon/sword/katana/wood_swing"},
    {"predicate": {"custom_model_data":6900002}, "model": "rpg/weapon/sword/katana/stone"},
    {"predicate": {"custom_model_data":6900003}, "model": "rpg/weapon/sword/katana/stone_swing"},
    {"predicate": {"custom_model_data":6900004}, "model": "rpg/weapon/sword/katana/iron"},
    {"predicate": {"custom_model_data":6900005}, "model": "rpg/weapon/sword/katana/iron_swing"},
    {"predicate": {"custom_model_data":6900006}, "model": "rpg/weapon/sword/katana/iron"},
    {"predicate": {"custom_model_data":6900007}, "model": "rpg/weapon/sword/katana/iron_swing"},
    {"predicate": {"custom_model_data":6900008}, "model": "rpg/weapon/sword/katana/mithril"},
    {"predicate": {"custom_model_data":6900009}, "model": "rpg/weapon/sword/katana/mithril_swing"},

    {"predicate": {"custom_model_data":6900100}, "model": "rpg/weapon/sword/odachi/wood"},
    {"predicate": {"custom_model_data":6900101}, "model": "rpg/weapon/sword/odachi/wood_swing"},
    {"predicate": {"custom_model_data":6900102}, "model": "rpg/weapon/sword/odachi/stone"},
    {"predicate": {"custom_model_data":6900103}, "model": "rpg/weapon/sword/odachi/stone_swing"},
    {"predicate": {"custom_model_data":6900104}, "model": "rpg/weapon/sword/odachi/iron"},
    {"predicate": {"custom_model_data":6900105}, "model": "rpg/weapon/sword/odachi/iron_swing"},
    {"predicate": {"custom_model_data":6900106}, "model": "rpg/weapon/sword/odachi/iron"},
    {"predicate": {"custom_model_data":6900107}, "model": "rpg/weapon/sword/odachi/iron_swing"},

    {"predicate": {"custom_model_data":6900200}, "model": "rpg/weapon/sword/longsword/wood"},
    {"predicate": {"custom_model_data":6900201}, "model": "rpg/weapon/sword/longsword/wood_swing"},
    {"predicate": {"custom_model_data":6900202}, "model": "rpg/weapon/sword/longsword/stone"},
    {"predicate": {"custom_model_data":6900203}, "model": "rpg/weapon/sword/longsword/stone_swing"},
    {"predicate": {"custom_model_data":6900204}, "model": "rpg/weapon/sword/longsword/iron"},
    {"predicate": {"custom_model_data":6900205}, "model": "rpg/weapon/sword/longsword/iron_swing"},
    {"predicate": {"custom_model_data":6900206}, "model": "rpg/weapon/sword/longsword/iron"},
    {"predicate": {"custom_model_data":6900207}, "model": "rpg/weapon/sword/longsword/iron_swing"},
    {"predicate": {"custom_model_data":6900208}, "model": "rpg/weapon/sword/longsword/golden"},
    {"predicate": {"custom_model_data":6900209}, "model": "rpg/weapon/sword/longsword/golden_swing"},

    {"predicate": {"custom_model_data":6900300}, "model": "rpg/weapon/sword/greatsword/wood"},
    {"predicate": {"custom_model_data":6900301}, "model": "rpg/weapon/sword/greatsword/wood_swing"},
    {"predicate": {"custom_model_data":6900302}, "model": "rpg/weapon/sword/greatsword/stone"},
    {"predicate": {"custom_model_data":6900303}, "model": "rpg/weapon/sword/greatsword/stone_swing"},
    {"predicate": {"custom_model_data":6900304}, "model": "rpg/weapon/sword/greatsword/iron"},
    {"predicate": {"custom_model_data":6900305}, "model": "rpg/weapon/sword/greatsword/iron_swing"},
    {"predicate": {"custom_model_data":6900306}, "model": "rpg/weapon/sword/greatsword/iron"},
    {"predicate": {"custom_model_data":6900307}, "model": "rpg/weapon/sword/greatsword/iron_swing"},

    {"predicate": {"custom_model_data":6900400}, "model": "rpg/weapon/sword/dagger/wood"},
    {"predicate": {"custom_model_data":6900401}, "model": "rpg/weapon/sword/dagger/wood_swing"},
    {"predicate": {"custom_model_data":6900402}, "model": "rpg/weapon/sword/dagger/stone"},
    {"predicate": {"custom_model_data":6900403}, "model": "rpg/weapon/sword/dagger/stone_swing"},
    {"predicate": {"custom_model_data":6900404}, "model": "rpg/weapon/sword/dagger/iron"},
    {"predicate": {"custom_model_data":6900405}, "model": "rpg/weapon/sword/dagger/iron_swing"},
    {"predicate": {"custom_model_data":6900406}, "model": "rpg/weapon/sword/dagger/iron"},
    {"predicate": {"custom_model_data":6900407}, "model": "rpg/weapon/sword/dagger/iron_swing"},
    {"predicate": {"custom_model_data":6901000}, "model": "rpg/wand/water_wand"},
    {"predicate": {"custom_model_data":6901002}, "model": "rpg/wand/fire_wand"},

    {"predicate": {"custom_model_data":7000000}, "model": "rpg/weapon/devas_2/vampire_tooth"},
    {"predicate": {"custom_model_data":7000001}, "model": "rpg/weapon/devas_2/vampire_tooth"},
    {"predicate": {"custom_model_data":7000002}, "model": "rpg/weapon/devas_2/dark_knife"},
    {"predicate": {"custom_model_data":7000003}, "model": "rpg/weapon/devas_2/dark_knife"},
    {"predicate": {"custom_model_data":7000004}, "model": "rpg/weapon/devas_2/soul_scythe"},
    {"predicate": {"custom_model_data":7000005}, "model": "rpg/weapon/devas_2/soul_scythe"}
    
  ]
}