{
	"credit": "Made with Blockbench",
	"textures": {
		"0": "conduit_sys/conduit",
		"particle": "conduit_sys/conduit"
	},
	"elements": [
		{
			"from": [6, 6, 6],
			"to": [10, 10, 10],
			"faces": {
				"north": {"uv": [0, 0, 4, 4], "texture": "#0"},
				"east": {"uv": [0, 0, 4, 4], "texture": "#0"},
				"south": {"uv": [0, 0, 4, 4], "texture": "#0"},
				"west": {"uv": [0, 0, 4, 4], "texture": "#0"},
				"up": {"uv": [0, 0, 4, 4], "texture": "#0"},
				"down": {"uv": [0, 0, 4, 4], "texture": "#0"}
			}
		},
		{
			"from": [6.5, 10, 6.5],
			"to": [9.5, 16, 9.5],
			"rotation": {"angle": 0, "axis": "y", "origin": [6.5, 5, 6.5]},
			"faces": {
				"north": {"uv": [0, 4, 3, 10], "texture": "#0"},
				"east": {"uv": [0, 4, 3, 10], "texture": "#0"},
				"south": {"uv": [0, 4, 3, 10], "texture": "#0"},
				"west": {"uv": [0, 4, 3, 10], "texture": "#0"},
				"up": {"uv": [4, 3, 7, 6], "texture": "#0"},
				"down": {"uv": [4, 3, 7, 6], "texture": "#0"}
			}
		},
		{
			"from": [0, 6.5, 6.5],
			"to": [6, 9.5, 9.5],
			"rotation": {"angle": 0, "axis": "y", "origin": [4.5, 6.5, 6.5]},
			"faces": {
				"north": {"uv": [4, 0, 10, 3], "texture": "#0"},
				"east": {"uv": [4, 3, 7, 6], "texture": "#0"},
				"south": {"uv": [4, 0, 10, 3], "texture": "#0"},
				"west": {"uv": [4, 3, 7, 6], "texture": "#0"},
				"up": {"uv": [4, 0, 10, 3], "texture": "#0"},
				"down": {"uv": [4, 0, 10, 3], "texture": "#0"}
			}
		},
		{
			"from": [10, 6.5, 6.5],
			"to": [16, 9.5, 9.5],
			"rotation": {"angle": 0, "axis": "y", "origin": [4.5, 6.5, 6.5]},
			"faces": {
				"north": {"uv": [4, 0, 10, 3], "texture": "#0"},
				"east": {"uv": [4, 3, 7, 6], "texture": "#0"},
				"south": {"uv": [4, 0, 10, 3], "texture": "#0"},
				"west": {"uv": [4, 3, 7, 6], "texture": "#0"},
				"up": {"uv": [4, 0, 10, 3], "texture": "#0"},
				"down": {"uv": [4, 0, 10, 3], "texture": "#0"}
			}
		},
		{
			"from": [6.5, 6.5, 10],
			"to": [9.5, 9.5, 16],
			"rotation": {"angle": 0, "axis": "y", "origin": [6.5, 6.5, 5]},
			"faces": {
				"north": {"uv": [4, 3, 7, 6], "texture": "#0"},
				"east": {"uv": [4, 0, 10, 3], "texture": "#0"},
				"south": {"uv": [4, 3, 7, 6], "texture": "#0"},
				"west": {"uv": [4, 0, 10, 3], "texture": "#0"},
				"up": {"uv": [0, 4, 3, 10], "texture": "#0"},
				"down": {"uv": [0, 4, 3, 10], "texture": "#0"}
			}
		}
	],
	"display": {
		"thirdperson_righthand": {
			"rotation": [75, 45, 0],
			"translation": [0, 2.5, 0],
			"scale": [0.375, 0.375, 0.375]
		},
		"thirdperson_lefthand": {
			"rotation": [75, 45, 0],
			"translation": [0, 2.5, 0],
			"scale": [0.375, 0.375, 0.375]
		},
		"firstperson_righthand": {
			"rotation": [0, 45, 0],
			"scale": [0.4, 0.4, 0.4]
		},
		"firstperson_lefthand": {
			"rotation": [0, 225, 0],
			"scale": [0.4, 0.4, 0.4]
		},
		"ground": {
			"translation": [0, 2, 0],
			"scale": [0.5, 0.5, 0.5]
		},
		"gui": {
			"rotation": [30, 225, 0],
			"scale": [1.4, 1.4, 1.4]
		},
		"head": {
			"translation": [0, -30.5, 0],
			"scale": [1.62, 1.62, 1.62]
		},
		"fixed": {
			"rotation": [90.0, 180, 180.0],
			"translation": [0.0, 0.0, -14.0],
			"scale":  [ 2.001, 2.001, 2.001 ]
		}
	}
}