{
  "parent": "item/handheld_rod",
  "textures": {
      "layer0": "item/warped_fungus_on_a_stick"
  },
  "overrides": [
    {"predicate": {"custom_model_data":100000}, "model": "rpg/book/fire"},
    {"predicate": {"custom_model_data":100001}, "model": "rpg/book/ice"},
    {"predicate": {"custom_model_data":100002}, "model": "rpg/book/menu"},
    {"predicate": {"custom_model_data":100003}, "model": "rpg/food/can/can_parent"},
    {"predicate": {"custom_model_data":100004}, "model": "rpg/food/can/can_apple"},
    {"predicate": {"custom_model_data":100005}, "model": "rpg/food/can/can_beef"},
    {"predicate": {"custom_model_data":110000}, "model": "rpg/mystery_box/oxi_copper"},
    {"predicate": {"custom_model_data":110001}, "model": "rpg/mystery_box/copper"},
    {"predicate": {"custom_model_data":110002}, "model": "rpg/mystery_box/emerald"},
    {"predicate": {"custom_model_data":110003}, "model": "rpg/mystery_box/futuristic_purple"},
    {"predicate": {"custom_model_data":110004}, "model": "rpg/mystery_box/futuristic_blue"},
    {"predicate": {"custom_model_data":110005}, "model": "rpg/mystery_box/futuristic_fantasy"},
    {"predicate": {"custom_model_data":110006}, "model": "rpg/mystery_box/futuristic_combined"},
    {"predicate": {"custom_model_data":200001}, "model": "rpg/weapon/soul_scythe"},
    {"predicate": {"custom_model_data":200002}, "model": "rpg/weapon/katana/normal"},
    {"predicate": {"custom_model_data":200003}, "model": "rpg/weapon/katana/normal_swing"},
    {"predicate": {"custom_model_data":200004}, "model": "rpg/weapon/katana/mithril"},
    {"predicate": {"custom_model_data":200005}, "model": "rpg/weapon/katana/mithril_swing"}
  ]
}