{
    "parent": "item/generated",
    "textures": {
        "layer0": "item/stick"
    },
    "overrides": [
        {"predicate": {"custom_model_data":612101}, "model": "gbtan/item/ice_cube"},
        {"predicate": {"custom_model_data":612102}, "model": "gbtan/item/magma_shard"},
        {"predicate": {"custom_model_data":612103}, "model": "gbtan/item/jelled_slime"},
        {"predicate": {"custom_model_data":612151}, "model": "item/electrified_obsidian_ingot"},
        {"predicate": {"custom_model_data":612152}, "model": "item/condensed_iron_alloy_ingot"},
        {"predicate": {"custom_model_data":616000}, "model": "spacetech/gui/empty"},
        {"predicate": {"custom_model_data":616001}, "model": "spacetech/gui/molten_furnace"},
        {"predicate": {"custom_model_data":616002}, "model": "spacetech/gui/empty_gui"},
        {"predicate": {"custom_model_data":616003}, "model": "spacetech/gui/exclamation_mark"},
        {"predicate": {"custom_model_data":616004}, "model": "spacetech/gui/exclamation_mark_large"},
        {"predicate": {"custom_model_data":616005}, "model": "spacetech/gui/5blank"},
        {"predicate": {"custom_model_data":616006}, "model": "spacetech/gui/9blank"},
        {"predicate": {"custom_model_data":616007}, "model": "spacetech/gui/blank"},
        {"predicate": {"custom_model_data":616008}, "model": "spacetech/gui/molten_furnace_output"},
        {"predicate": {"custom_model_data":616009}, "model": "spacetech/gui/flame"},
        {"predicate": {"custom_model_data":616010}, "model": "spacetech/gui/coal_piece_gui"},
        {"predicate": {"custom_model_data":616011}, "model": "spacetech/gui/bucket_can_gui"},
        {"predicate": {"custom_model_data":716000}, "model": "spacetech/gui/progress_bar/progress_bar00"},
        {"predicate": {"custom_model_data":716001}, "model": "spacetech/gui/progress_bar/progress_bar01"},
        {"predicate": {"custom_model_data":716002}, "model": "spacetech/gui/progress_bar/progress_bar02"},
        {"predicate": {"custom_model_data":716003}, "model": "spacetech/gui/progress_bar/progress_bar03"},
        {"predicate": {"custom_model_data":716004}, "model": "spacetech/gui/progress_bar/progress_bar04"},
        {"predicate": {"custom_model_data":716005}, "model": "spacetech/gui/progress_bar/progress_bar05"},
        {"predicate": {"custom_model_data":716006}, "model": "spacetech/gui/progress_bar/progress_bar06"},
        {"predicate": {"custom_model_data":716007}, "model": "spacetech/gui/progress_bar/progress_bar07"},
        {"predicate": {"custom_model_data":716008}, "model": "spacetech/gui/progress_bar/progress_bar08"},
        {"predicate": {"custom_model_data":716009}, "model": "spacetech/gui/progress_bar/progress_bar09"},
        {"predicate": {"custom_model_data":716010}, "model": "spacetech/gui/progress_bar/progress_bar10"},
        {"predicate": {"custom_model_data":716011}, "model": "spacetech/gui/progress_bar/progress_bar11"},
        {"predicate": {"custom_model_data":716012}, "model": "spacetech/gui/progress_bar/progress_bar12"},
        {"predicate": {"custom_model_data":716013}, "model": "spacetech/gui/progress_bar/progress_bar13"},
        {"predicate": {"custom_model_data":716014}, "model": "spacetech/gui/progress_bar/progress_bar14"},
        {"predicate": {"custom_model_data":716015}, "model": "spacetech/gui/progress_bar/progress_bar15"},
        {"predicate": {"custom_model_data":716016}, "model": "spacetech/gui/progress_bar/progress_bar16"},
        {"predicate": {"custom_model_data":716017}, "model": "spacetech/gui/progress_bar/progress_bar17"},
        {"predicate": {"custom_model_data":716018}, "model": "spacetech/gui/progress_bar/progress_bar18"},
        {"predicate": {"custom_model_data":716019}, "model": "spacetech/gui/progress_bar/progress_bar19"},
        {"predicate": {"custom_model_data":716020}, "model": "spacetech/gui/progress_bar/progress_bar20"},
        {"predicate": {"custom_model_data":716021}, "model": "spacetech/gui/progress_bar/progress_bar21"},
        {"predicate": {"custom_model_data":716022}, "model": "spacetech/gui/progress_bar/progress_bar22"},
        {"predicate": {"custom_model_data":716023}, "model": "spacetech/gui/progress_bar/progress_bar23"},
        {"predicate": {"custom_model_data":716024}, "model": "spacetech/gui/progress_bar/progress_bar24"},
        {"predicate": {"custom_model_data":716025}, "model": "spacetech/gui/progress_bar/progress_bar25"},
        {"predicate": {"custom_model_data":716026}, "model": "spacetech/gui/progress_bar/progress_bar26"},
        {"predicate": {"custom_model_data":716027}, "model": "spacetech/gui/progress_bar/progress_bar27"},
        {"predicate": {"custom_model_data":716028}, "model": "spacetech/gui/progress_bar/progress_bar28"},
        {"predicate": {"custom_model_data":716029}, "model": "spacetech/gui/progress_bar/progress_bar29"},
        {"predicate": {"custom_model_data":716030}, "model": "spacetech/gui/progress_bar/progress_bar30"},
        {"predicate": {"custom_model_data":716031}, "model": "spacetech/gui/progress_bar/progress_bar31"},
        {"predicate": {"custom_model_data":716032}, "model": "spacetech/gui/progress_bar/progress_bar32"},
        {"predicate": {"custom_model_data":716033}, "model": "spacetech/gui/progress_bar/progress_bar33"},
        {"predicate": {"custom_model_data":716034}, "model": "spacetech/gui/progress_bar/progress_bar34"},
        {"predicate": {"custom_model_data":716035}, "model": "spacetech/gui/progress_bar/progress_bar35"},
        {"predicate": {"custom_model_data":716036}, "model": "spacetech/gui/progress_bar/progress_bar36"},
        {"predicate": {"custom_model_data":716037}, "model": "spacetech/gui/progress_bar/progress_bar37"},
        {"predicate": {"custom_model_data":716038}, "model": "spacetech/gui/progress_bar/progress_bar"},
        {"predicate": {"custom_model_data":716040}, "model": "spacetech/gui/lava_tank/lava_tank_00"},
        {"predicate": {"custom_model_data":716041}, "model": "spacetech/gui/lava_tank/lava_tank_01"},
        {"predicate": {"custom_model_data":716042}, "model": "spacetech/gui/lava_tank/lava_tank_02"},
        {"predicate": {"custom_model_data":716043}, "model": "spacetech/gui/lava_tank/lava_tank_03"},
        {"predicate": {"custom_model_data":716044}, "model": "spacetech/gui/lava_tank/lava_tank_04"},
        {"predicate": {"custom_model_data":716045}, "model": "spacetech/gui/lava_tank/lava_tank_05"},
        {"predicate": {"custom_model_data":716046}, "model": "spacetech/gui/lava_tank/lava_tank"},
        {"predicate": {"custom_model_data":717000}, "model": "spacetech/gui/tank/empty"},
        {"predicate": {"custom_model_data":717001}, "model": "spacetech/gui/tank/aluminium/1"},
        {"predicate": {"custom_model_data":717002}, "model": "spacetech/gui/tank/aluminium/2"},
        {"predicate": {"custom_model_data":717003}, "model": "spacetech/gui/tank/aluminium/3"},
        {"predicate": {"custom_model_data":717004}, "model": "spacetech/gui/tank/aluminium/4"},
        {"predicate": {"custom_model_data":717005}, "model": "spacetech/gui/tank/aluminium/5"},
        {"predicate": {"custom_model_data":717006}, "model": "spacetech/gui/tank/aluminium/6"},
        {"predicate": {"custom_model_data":717007}, "model": "spacetech/gui/tank/aluminium/7"},
        {"predicate": {"custom_model_data":717008}, "model": "spacetech/gui/tank/aluminium/8"},
        {"predicate": {"custom_model_data":717009}, "model": "spacetech/gui/tank/magnesium/1"},
        {"predicate": {"custom_model_data":717010}, "model": "spacetech/gui/tank/magnesium/2"},
        {"predicate": {"custom_model_data":717011}, "model": "spacetech/gui/tank/magnesium/3"},
        {"predicate": {"custom_model_data":717012}, "model": "spacetech/gui/tank/magnesium/4"},
        {"predicate": {"custom_model_data":717013}, "model": "spacetech/gui/tank/magnesium/5"},
        {"predicate": {"custom_model_data":717014}, "model": "spacetech/gui/tank/magnesium/6"},
        {"predicate": {"custom_model_data":717015}, "model": "spacetech/gui/tank/magnesium/7"},
        {"predicate": {"custom_model_data":717016}, "model": "spacetech/gui/tank/magnesium/8"},
        {"predicate": {"custom_model_data":717017}, "model": "spacetech/gui/tank/iron/1"},
        {"predicate": {"custom_model_data":717018}, "model": "spacetech/gui/tank/iron/2"},
        {"predicate": {"custom_model_data":717019}, "model": "spacetech/gui/tank/iron/3"},
        {"predicate": {"custom_model_data":717020}, "model": "spacetech/gui/tank/iron/4"},
        {"predicate": {"custom_model_data":717021}, "model": "spacetech/gui/tank/iron/5"},
        {"predicate": {"custom_model_data":717022}, "model": "spacetech/gui/tank/iron/6"},
        {"predicate": {"custom_model_data":717023}, "model": "spacetech/gui/tank/iron/7"},
        {"predicate": {"custom_model_data":717024}, "model": "spacetech/gui/tank/iron/8"},
        {"predicate": {"custom_model_data":718001}, "model": "spacetech/item/coal_piece"}
    ]
}