{
	"credit": "Made by Gameboy612",
	"parent": "item_frame_block",
	"textures": {
		"0": "block/polished_diorite",
		"1": "furniture/kyc/sink_with_cabinet_color",
		"2": "block/oak_planks",
		"3": "block/smooth_stone",
		"particle": "block/polished_diorite"
	},
	"elements": [
		{
			"from": [14, 14, 1],
			"to": [16, 16, 16],
			"rotation": {"angle": 0, "axis": "y", "origin": [0, -7, 0]},
			"faces": {
				"north": {"uv": [0, 0, 2, 2], "texture": "#missing"},
				"east": {"uv": [0, 0, 15, 2], "texture": "#0"},
				"south": {"uv": [0, 0, 2, 2], "texture": "#0"},
				"west": {"uv": [0, 0, 15, 2], "texture": "#0"},
				"up": {"uv": [4, 15, 2, 0], "texture": "#0"},
				"down": {"uv": [2, 0, 0, 15], "texture": "#missing"}
			}
		},
		{
			"from": [0, 14, 1],
			"to": [2, 16, 16],
			"rotation": {"angle": 0, "axis": "y", "origin": [0, -7, 0]},
			"faces": {
				"north": {"uv": [0, 0, 2, 2], "texture": "#missing"},
				"east": {"uv": [0, 0, 15, 2], "texture": "#0"},
				"south": {"uv": [0, 0, 2, 2], "texture": "#0"},
				"west": {"uv": [0, 2, 15, 4], "texture": "#0"},
				"up": {"uv": [4, 15, 2, 0], "texture": "#0"},
				"down": {"uv": [2, 0, 0, 15], "texture": "#missing"}
			}
		},
		{
			"from": [2, 14, 1],
			"to": [14, 16, 2],
			"rotation": {"angle": 0, "axis": "y", "origin": [0, -7, 0]},
			"faces": {
				"north": {"uv": [10, 7, 13, 7.75], "texture": "#missing"},
				"east": {"uv": [2, 12.5, 2.25, 13.25], "texture": "#missing"},
				"south": {"uv": [10, 7.75, 13, 8.5], "texture": "#0"},
				"west": {"uv": [2.25, 12.5, 2.5, 13.25], "texture": "#missing"},
				"up": {"uv": [6.75, 11, 3.75, 10.75], "texture": "#0"},
				"down": {"uv": [13.25, 10.75, 10.25, 11], "texture": "#missing"}
			}
		},
		{
			"from": [0, 14, 0],
			"to": [16, 16, 1],
			"rotation": {"angle": 0, "axis": "y", "origin": [0, -7, 0]},
			"faces": {
				"north": {"uv": [0, 0, 16, 2], "texture": "#0"},
				"east": {"uv": [15, 0, 16, 2], "texture": "#0"},
				"south": {"uv": [0, 0, 16, 2], "texture": "#missing"},
				"west": {"uv": [0, 0, 1, 2], "texture": "#0"},
				"up": {"uv": [0, 1, 16, 2], "texture": "#0"},
				"down": {"uv": [16, 0, 0, 1], "texture": "#0"}
			}
		},
		{
			"from": [2, 14, 12],
			"to": [14, 16, 16],
			"rotation": {"angle": 0, "axis": "y", "origin": [0, -7, 0]},
			"faces": {
				"north": {"uv": [0, 0, 12, 2], "texture": "#0"},
				"east": {"uv": [0, 0, 4, 2], "texture": "#missing"},
				"south": {"uv": [0, 0, 12, 2], "texture": "#0"},
				"west": {"uv": [0, 0, 4, 2], "texture": "#missing"},
				"up": {"uv": [12, 6, 0, 2], "texture": "#0"},
				"down": {"uv": [12, 6, 0, 10], "texture": "#missing"}
			}
		},
		{
			"from": [9, 13, 2],
			"to": [14, 14, 12],
			"rotation": {"angle": 0, "axis": "y", "origin": [0, -7, 0]},
			"faces": {
				"north": {"uv": [4, 12.5, 4.5, 12.75], "texture": "#missing"},
				"east": {"uv": [11.25, 10.5, 13, 10.75], "texture": "#missing"},
				"south": {"uv": [4.5, 12.5, 5, 12.75], "texture": "#missing"},
				"west": {"uv": [0, 0, 10, 1], "texture": "#0"},
				"up": {"uv": [0, 0, 5, 10], "texture": "#0"},
				"down": {"uv": [2.75, 10.75, 2.25, 12.5], "texture": "#missing"}
			}
		},
		{
			"from": [2, 13, 2],
			"to": [7, 14, 12],
			"rotation": {"angle": 0, "axis": "y", "origin": [0, -7, 0]},
			"faces": {
				"north": {"uv": [5, 12.5, 5.5, 12.75], "texture": "#missing"},
				"east": {"uv": [0, 0, 10, 1], "texture": "#0"},
				"south": {"uv": [5.5, 12.5, 6, 12.75], "texture": "#missing"},
				"west": {"uv": [11.75, 11.25, 13.5, 11.5], "texture": "#missing"},
				"up": {"uv": [0, 0, 5, 10], "texture": "#0"},
				"down": {"uv": [3.75, 10.75, 3.25, 12.5], "texture": "#missing"}
			}
		},
		{
			"from": [7, 13, 2],
			"to": [9, 14, 6],
			"rotation": {"angle": 0, "axis": "y", "origin": [0, -7, 0]},
			"faces": {
				"north": {"uv": [6, 12.5, 6.5, 12.75], "texture": "#missing"},
				"east": {"uv": [12.5, 10, 13, 10.25], "texture": "#missing"},
				"south": {"uv": [12.5, 10.25, 13, 10.5], "texture": "#0"},
				"west": {"uv": [11.25, 12.5, 11.75, 12.75], "texture": "#missing"},
				"up": {"uv": [2, 4, 4, 8], "texture": "#0"},
				"down": {"uv": [12.75, 5.5, 12.25, 6], "texture": "#missing"}
			}
		},
		{
			"from": [7, 13, 8],
			"to": [9, 14, 12],
			"rotation": {"angle": 0, "axis": "y", "origin": [0, -7, 0]},
			"faces": {
				"north": {"uv": [0, 0, 2, 1], "texture": "#0"},
				"east": {"uv": [2.5, 12.5, 3.25, 12.75], "texture": "#missing"},
				"south": {"uv": [12.25, 12.5, 12.75, 12.75], "texture": "#missing"},
				"west": {"uv": [3.25, 12.5, 4, 12.75], "texture": "#missing"},
				"up": {"uv": [0, 0, 2, 4], "texture": "#0"},
				"down": {"uv": [11.25, 12, 10.75, 12.75], "texture": "#missing"}
			}
		},
		{
			"from": [15, 0, 1],
			"to": [16, 14, 16],
			"faces": {
				"north": {"uv": [0.25, 0.25, 0.75, 0.75], "texture": "#1"},
				"east": {"uv": [1.25, 0.25, 1.75, 0.75], "texture": "#1"},
				"south": {"uv": [2.25, 0.25, 2.75, 0.75], "texture": "#1"},
				"west": {"uv": [3.25, 0.25, 3.75, 0.75], "texture": "#1"},
				"up": {"uv": [10.25, 10.25, 2.75, 4.75], "texture": "#1"},
				"down": {"uv": [5.25, 0.25, 5.75, 0.75], "texture": "#1"}
			}
		},
		{
			"from": [0, 0, 1],
			"to": [1, 14, 16],
			"faces": {
				"north": {"uv": [0.25, 0.25, 0.75, 0.75], "texture": "#1"},
				"east": {"uv": [1.25, 0.25, 1.75, 0.75], "texture": "#1"},
				"south": {"uv": [2.25, 0.25, 2.75, 0.75], "texture": "#1"},
				"west": {"uv": [3.25, 0.25, 3.75, 0.75], "texture": "#1"},
				"up": {"uv": [10.25, 10.25, 2.75, 4.75], "texture": "#1"},
				"down": {"uv": [5.25, 0.25, 5.75, 0.75], "texture": "#1"}
			}
		},
		{
			"from": [1, 0, 15],
			"to": [15, 14, 16],
			"faces": {
				"north": {"uv": [0.25, 0.25, 0.75, 0.75], "texture": "#1"},
				"east": {"uv": [1.25, 0.25, 1.75, 0.75], "texture": "#1"},
				"south": {"uv": [2.25, 0.25, 2.75, 0.75], "texture": "#1"},
				"west": {"uv": [3.25, 0.25, 3.75, 0.75], "texture": "#1"},
				"up": {"uv": [10.25, 10.25, 2.75, 4.75], "texture": "#1"},
				"down": {"uv": [5.25, 0.25, 5.75, 0.75], "texture": "#1"}
			}
		},
		{
			"from": [1, 0, 1],
			"to": [15, 14, 2],
			"faces": {
				"north": {"uv": [0.25, 0.25, 0.75, 0.75], "texture": "#1"},
				"east": {"uv": [1.25, 0.25, 1.75, 0.75], "texture": "#1"},
				"south": {"uv": [2.25, 0.25, 2.75, 0.75], "texture": "#1"},
				"west": {"uv": [3.25, 0.25, 3.75, 0.75], "texture": "#1"},
				"up": {"uv": [10.25, 10.25, 2.75, 4.75], "texture": "#1"},
				"down": {"uv": [5.25, 0.25, 5.75, 0.75], "texture": "#1"}
			}
		},
		{
			"from": [1, 0, 2],
			"to": [15, 1, 15],
			"faces": {
				"north": {"uv": [0.25, 0.25, 0.75, 0.75], "texture": "#1"},
				"east": {"uv": [1.25, 0.25, 1.75, 0.75], "texture": "#1"},
				"south": {"uv": [2.25, 0.25, 2.75, 0.75], "texture": "#1"},
				"west": {"uv": [3.25, 0.25, 3.75, 0.75], "texture": "#1"},
				"up": {"uv": [10.25, 10.25, 2.75, 4.75], "texture": "#1"},
				"down": {"uv": [5.25, 0.25, 5.75, 0.75], "texture": "#1"}
			}
		},
		{
			"from": [1, 1, 0],
			"to": [7.75, 13.5, 1],
			"faces": {
				"north": {"uv": [8, 8, 8.6875, 9], "texture": "#1"},
				"east": {"uv": [0, 0, 0.0625, 0], "texture": "#2"},
				"south": {"uv": [0, 0, 0.6875, 1.125], "texture": "#1"},
				"west": {"uv": [4, 0, 4.0625, 1.125], "texture": "#2"},
				"up": {"uv": [0, 0, 1.6875, 0.0625], "texture": "#2"},
				"down": {"uv": [0, 0, 1.6875, 0.0625], "texture": "#2"}
			}
		},
		{
			"from": [8.25, 1, 0],
			"to": [15, 13.5, 1],
			"faces": {
				"north": {"uv": [8, 8, 8.6875, 9], "texture": "#1"},
				"east": {"uv": [0, 0, 0.0625, 0], "texture": "#2"},
				"south": {"uv": [0, 0, 0.6875, 1.125], "texture": "#1"},
				"west": {"uv": [4, 0, 4.0625, 1.125], "texture": "#2"},
				"up": {"uv": [0, 0, 1.6875, 0.0625], "texture": "#2"},
				"down": {"uv": [0, 0, 1.6875, 0.0625], "texture": "#2"}
			}
		},
		{
			"from": [7, 12, 6],
			"to": [9, 13, 8],
			"faces": {
				"north": {"uv": [0, 0, 2, 1], "texture": "#0"},
				"east": {"uv": [0, 0, 2, 1], "texture": "#0"},
				"south": {"uv": [0, 0, 2, 1], "texture": "#0"},
				"west": {"uv": [0, 0, 2, 1], "texture": "#0"},
				"up": {"uv": [15, 14, 16, 15], "texture": "#3"},
				"down": {"uv": [0, 0, 2, 2], "texture": "#0"}
			}
		},
		{
			"from": [7, 16, 12.5],
			"to": [9, 22, 14.5],
			"rotation": {"angle": 0, "axis": "y", "origin": [8, 17, 13.5]},
			"faces": {
				"north": {"uv": [3.75, 11, 4.25, 12.5], "texture": "#3"},
				"east": {"uv": [4.25, 11, 4.75, 12.5], "texture": "#3"},
				"south": {"uv": [4.75, 11, 5.25, 12.5], "texture": "#3"},
				"west": {"uv": [5.25, 11, 5.75, 12.5], "texture": "#3"},
				"up": {"uv": [12.75, 6.5, 12.25, 6], "texture": "#3"},
				"down": {"uv": [12.75, 6.5, 12.25, 7], "texture": "#3"}
			}
		},
		{
			"from": [7, 20.75, 8.25],
			"to": [9, 22.75, 14.25],
			"rotation": {"angle": 45, "axis": "x", "origin": [8, 22, 13.5]},
			"faces": {
				"north": {"uv": [6.75, 12.25, 7.25, 12.75], "texture": "#3"},
				"east": {"uv": [10.25, 11, 11.75, 11.5], "texture": "#3"},
				"south": {"uv": [7.25, 12.25, 7.75, 12.75], "texture": "#3"},
				"west": {"uv": [0, 11.25, 1.5, 11.75], "texture": "#3"},
				"up": {"uv": [6.25, 12.5, 5.75, 11], "texture": "#3"},
				"down": {"uv": [6.75, 11, 6.25, 12.5], "texture": "#3"}
			}
		},
		{
			"from": [7, 18.75, 8.25],
			"to": [9, 20.75, 10.25],
			"rotation": {"angle": 45, "axis": "x", "origin": [8, 22, 13.5]},
			"faces": {
				"north": {"uv": [7.75, 12.25, 8.25, 12.75], "texture": "#3"},
				"east": {"uv": [8.25, 12.25, 8.75, 12.75], "texture": "#3"},
				"south": {"uv": [8.75, 12.25, 9.25, 12.75], "texture": "#3"},
				"west": {"uv": [12.25, 11.5, 12.75, 12], "texture": "#3"},
				"up": {"uv": [12.75, 12.5, 12.25, 12], "texture": "#3"},
				"down": {"uv": [0.5, 12.5, 0, 13], "texture": "#3"}
			}
		}
	],
	"groups": [
		{
			"name": "base",
			"origin": [0, 0, 0],
			"color": 0,
			"nbt": "{}",
			"armAnimationEnabled": false,
			"children": [
				0,
				1,
				2,
				3,
				4,
				5,
				6,
				7,
				8,
				9,
				10,
				11,
				12,
				13,
				{
					"name": "door",
					"origin": [0, 0, 0],
					"color": 0,
					"nbt": "{}",
					"armAnimationEnabled": false,
					"children": [14, 15]
				},
				16
			]
		},
		{
			"name": "tap",
			"origin": [8, 8, 8],
			"color": 0,
			"nbt": "{}",
			"armAnimationEnabled": false,
			"children": [17, 18, 19]
		}
	]
}