{
	"credit": "Made by lavafoxerex",
	"textures": {
		"0": "rpg/weapon/greatsword/iron",
		"particle": "rpg/weapon/greatsword/iron"
	},
	"elements": [
		{
			"from": [7.675, 10.1, 7.925],
			"to": [8.475, 10.95, 8.075],
			"rotation": {"angle": 45, "axis": "z", "origin": [7.5, 10, 8.125]},
			"faces": {
				"north": {"uv": [0.5, 0, 1.3, 0.85], "texture": "#0"},
				"east": {"uv": [0, 0, 0.15, 0.85], "texture": "#0"},
				"south": {"uv": [0.5, 0, 1.3, 0.85], "texture": "#0"},
				"west": {"uv": [0.5, 0, 0.65, 0.85], "texture": "#0"},
				"up": {"uv": [0.5, 0, 1.3, 0.15], "texture": "#0"},
				"down": {"uv": [0, 0, 0.8, 0.15], "texture": "#0"}
			}
		},
		{
			"from": [7.525, 10.1, 7.925],
			"to": [8.325, 10.95, 8.075],
			"rotation": {"angle": -45, "axis": "z", "origin": [8.5, 10, 8.125]},
			"faces": {
				"north": {"uv": [0, 0, 0.5, 1], "texture": "#0"},
				"east": {"uv": [0.25, 0, 0.4, 0.85], "texture": "#0"},
				"south": {"uv": [0, 0, 0.5, 1], "texture": "#0"},
				"west": {"uv": [0, 0, 0.15, 0.85], "texture": "#0"},
				"up": {"uv": [1, 0, 1.8, 0.15], "texture": "#0"},
				"down": {"uv": [0, 0, 0.8, 0.15], "texture": "#0"}
			}
		},
		{
			"from": [7.7, 9.8, 7.925],
			"to": [8.5, 10.5, 8.075],
			"rotation": {"angle": -22.5, "axis": "z", "origin": [8.5, 10, 8.125]},
			"faces": {
				"north": {"uv": [0, 0, 0.8, 0.7], "texture": "#0"},
				"east": {"uv": [0, 0, 0.15, 0.7], "texture": "#0"},
				"south": {"uv": [0, 0, 0.5, 0.5], "texture": "#0"},
				"west": {"uv": [0, 0, 0.15, 0.7], "texture": "#0"},
				"up": {"uv": [0, 0, 0.8, 0.15], "texture": "#0"},
				"down": {"uv": [0, 0, 0.8, 0.15], "texture": "#0"}
			}
		},
		{
			"from": [7.5, 9.8, 7.925],
			"to": [8.3, 10.5, 8.075],
			"rotation": {"angle": 22.5, "axis": "z", "origin": [7.5, 10, 8.125]},
			"faces": {
				"north": {"uv": [0, 0, 0.8, 0.7], "texture": "#0"},
				"east": {"uv": [0, 0, 0.15, 0.7], "texture": "#0"},
				"south": {"uv": [0.5, 0, 1.3, 0.7], "texture": "#0"},
				"west": {"uv": [0.5, 0, 0.65, 0.7], "texture": "#0"},
				"up": {"uv": [0, 0, 0.8, 0.15], "texture": "#0"},
				"down": {"uv": [0, 0, 0.8, 0.15], "texture": "#0"}
			}
		},
		{
			"from": [7.5, -1, 7.925],
			"to": [8.5, 10, 8.075],
			"rotation": {"angle": 0, "axis": "y", "origin": [7.5, 7.5, 7.425]},
			"faces": {
				"north": {"uv": [0, 0, 1, 11], "texture": "#0"},
				"east": {"uv": [0, 0, 0.15, 11], "texture": "#0"},
				"south": {"uv": [1, 0, 2, 11], "texture": "#0"},
				"west": {"uv": [0.5, 0, 0.65, 11], "texture": "#0"},
				"up": {"uv": [0, 0, 1, 0.15], "texture": "#0"},
				"down": {"uv": [0, 0, 1, 0.15], "texture": "#0"}
			}
		},
		{
			"from": [7.97944, -1.84521, 7.925],
			"to": [8.27944, -0.84521, 8.075],
			"rotation": {"angle": -22.5, "axis": "z", "origin": [8.00063, -1.47702, 8.05]},
			"faces": {
				"north": {"uv": [0, 0, -0.3, 1], "texture": "#0"},
				"east": {"uv": [0.15, 0, 0, 1], "texture": "#0"},
				"south": {"uv": [0.3, 0, 0, 1], "texture": "#0"},
				"west": {"uv": [0.15, 0, 0, 1], "texture": "#0"},
				"up": {"uv": [0, 0.15, 0.3, 0], "texture": "#0"},
				"down": {"uv": [0, 0.15, 0.3, 0], "texture": "#0"}
			}
		},
		{
			"from": [7.7, -1.45, 7.925],
			"to": [8.3, -1, 8.075],
			"rotation": {"angle": 0, "axis": "y", "origin": [8.00063, -1.47702, 8.05]},
			"faces": {
				"north": {"uv": [0.25, 0, 0.85, 0.45], "texture": "#0"},
				"east": {"uv": [0.15, 0, 0, 0.45], "texture": "#0"},
				"south": {"uv": [0.725, 0, 0.125, 0.45], "texture": "#0"},
				"west": {"uv": [0.15, 0, 0, 0.45], "texture": "#0"},
				"up": {"uv": [0, 0.15, 0.6, 0], "texture": "#0"},
				"down": {"uv": [0, 0.15, 0.6, 0], "texture": "#0"}
			}
		},
		{
			"from": [7.89, -1.924, 7.925],
			"to": [8.115, -1.824, 8.075],
			"rotation": {"angle": 0, "axis": "y", "origin": [8.00063, -1.47702, 8.05]},
			"faces": {
				"north": {"uv": [0, 0, -0.225, 0.1], "texture": "#0"},
				"east": {"uv": [0.15, 0, 0, 0.1], "texture": "#0"},
				"south": {"uv": [0.35, 0, 0.125, 0.1], "texture": "#0"},
				"west": {"uv": [0.15, 0, 0, 0.1], "texture": "#0"},
				"up": {"uv": [0, 0.15, 0.225, 0], "texture": "#0"},
				"down": {"uv": [0, 0.15, 0.225, 0], "texture": "#0"}
			}
		},
		{
			"from": [7.72065, -1.84473, 7.925],
			"to": [8.02065, -0.84473, 8.075],
			"rotation": {"angle": 22.5, "axis": "z", "origin": [8.00063, -1.47702, 8.05]},
			"faces": {
				"north": {"uv": [0.8, 0, 0.5, 1], "texture": "#0"},
				"east": {"uv": [0.15, 0, 0, 1], "texture": "#0"},
				"south": {"uv": [0.55, 0, 0.25, 1], "texture": "#0"},
				"west": {"uv": [0.4, 0, 0.25, 1], "texture": "#0"},
				"up": {"uv": [0, 0.15, 0.3, 0], "texture": "#0"},
				"down": {"uv": [0, 0.15, 0.3, 0], "texture": "#0"}
			}
		},
		{
			"from": [7.5, 10.35, 7.75],
			"to": [8.5, 11.45, 8.25],
			"rotation": {"angle": 0, "axis": "y", "origin": [7.5, 7.5, 7.35]},
			"faces": {
				"north": {"uv": [2, 0, 3, 1.1], "texture": "#0"},
				"east": {"uv": [2.5, 0, 3, 1.1], "texture": "#0"},
				"south": {"uv": [2, 0, 3, 1.1], "texture": "#0"},
				"west": {"uv": [2, 0, 2.5, 1.1], "texture": "#0"},
				"up": {"uv": [2, 0, 3, 0.5], "texture": "#0"},
				"down": {"uv": [2, 0, 3, 0.5], "texture": "#0"}
			}
		},
		{
			"from": [7.5, 9.35, 7.75],
			"to": [7.75, 10.35, 8.25],
			"rotation": {"angle": 22.5, "axis": "z", "origin": [7.5, 10.35, 7.75]},
			"faces": {
				"north": {"uv": [2, 0, 3, 0.25], "rotation": 270, "texture": "#0"},
				"east": {"uv": [2.5, 0, 3.5, 0.5], "rotation": 90, "texture": "#0"},
				"south": {"uv": [2, 0, 3, 0.25], "rotation": 90, "texture": "#0"},
				"west": {"uv": [2, 0, 3, 0.5], "rotation": 90, "texture": "#0"},
				"up": {"uv": [2, 0, 2.5, 0.25], "rotation": 90, "texture": "#0"},
				"down": {"uv": [2, 0, 2.5, 0.25], "rotation": 90, "texture": "#0"}
			}
		},
		{
			"from": [7.913, 9.3401, 7.75],
			"to": [8.073, 9.5001, 8.25],
			"rotation": {"angle": -45, "axis": "z", "origin": [8, 9.41308, 7.975]},
			"faces": {
				"north": {"uv": [2, 0, 2.16, 0.16], "rotation": 90, "texture": "#0"},
				"east": {"uv": [2.5, 0, 2.66, 0.5], "rotation": 270, "texture": "#0"},
				"south": {"uv": [2, 0, 2.16, 0.16], "rotation": 270, "texture": "#0"},
				"west": {"uv": [2, 0, 2.16, 0.5], "rotation": 270, "texture": "#0"},
				"up": {"uv": [2, 0, 2.5, 0.16], "rotation": 270, "texture": "#0"},
				"down": {"uv": [2, 0, 2.5, 0.16], "rotation": 270, "texture": "#0"}
			}
		},
		{
			"from": [8.25, 9.35, 7.75],
			"to": [8.5, 10.35, 8.25],
			"rotation": {"angle": -22.5, "axis": "z", "origin": [8.5, 10.35, 7.75]},
			"faces": {
				"north": {"uv": [2, 0, 3, 0.25], "rotation": 90, "texture": "#0"},
				"east": {"uv": [2.5, 0, 3.5, 0.5], "rotation": 270, "texture": "#0"},
				"south": {"uv": [2, 0, 3, 0.25], "rotation": 270, "texture": "#0"},
				"west": {"uv": [2, 0, 3, 0.5], "rotation": 270, "texture": "#0"},
				"up": {"uv": [2, 0, 2.5, 0.25], "rotation": 270, "texture": "#0"},
				"down": {"uv": [2, 0, 2.5, 0.25], "rotation": 270, "texture": "#0"}
			}
		},
		{
			"from": [7.775, 9.775, 7.75],
			"to": [8.225, 10.35, 8.25],
			"rotation": {"angle": 0, "axis": "y", "origin": [7.5, 7.5, 7.35]},
			"faces": {
				"north": {"uv": [2, 0, 2.45, 0.575], "texture": "#0"},
				"east": {"uv": [2.5, 0, 3, 0.575], "texture": "#0"},
				"south": {"uv": [2, 0, 2.45, 0.575], "texture": "#0"},
				"west": {"uv": [2, 0, 2.5, 0.575], "texture": "#0"},
				"up": {"uv": [2, 0, 2.45, 0.5], "texture": "#0"},
				"down": {"uv": [2, 0, 2.45, 0.5], "texture": "#0"}
			}
		},
		{
			"from": [7, 11.2, 7.75],
			"to": [8.5, 12.7, 8.25],
			"rotation": {"angle": 45, "axis": "z", "origin": [8, 12.2, 8]},
			"faces": {
				"north": {"uv": [2, 0, 3.5, 1.5], "texture": "#0"},
				"east": {"uv": [3, 0, 3.5, 1.5], "texture": "#0"},
				"south": {"uv": [2, 0, 3.5, 1.5], "texture": "#0"},
				"west": {"uv": [2, 0, 2.5, 1.5], "texture": "#0"},
				"up": {"uv": [2, 0, 3.5, 0.5], "texture": "#0"},
				"down": {"uv": [2, 0, 3.5, 0.5], "texture": "#0"}
			}
		},
		{
			"from": [6.15, 11.775, 7.75],
			"to": [7.65, 12.525, 8.25],
			"rotation": {"angle": 22.5, "axis": "z", "origin": [8, 12.2, 8]},
			"faces": {
				"north": {"uv": [2, 0, 3.5, 0.75], "texture": "#0"},
				"east": {"uv": [3, 0, 3.5, 0.75], "texture": "#0"},
				"south": {"uv": [2, 0, 3.5, 0.75], "texture": "#0"},
				"west": {"uv": [2, 0, 2.5, 0.75], "texture": "#0"},
				"up": {"uv": [2, 0, 3.5, 0.5], "texture": "#0"},
				"down": {"uv": [2, 0, 3.5, 0.5], "texture": "#0"}
			}
		},
		{
			"from": [8.35, 11.775, 7.75],
			"to": [9.85, 12.525, 8.25],
			"rotation": {"angle": -22.5, "axis": "z", "origin": [8, 12.2, 8]},
			"faces": {
				"north": {"uv": [2, 0, 3.5, 0.75], "texture": "#0"},
				"east": {"uv": [3, 0, 3.5, 0.75], "texture": "#0"},
				"south": {"uv": [2, 0, 3.5, 0.75], "texture": "#0"},
				"west": {"uv": [2, 0, 2.5, 0.75], "texture": "#0"},
				"up": {"uv": [2, 0, 3.5, 0.5], "texture": "#0"},
				"down": {"uv": [2, 0, 3.5, 0.5], "texture": "#0"}
			}
		},
		{
			"from": [7.825, 17, 7.825],
			"to": [8.175, 18, 8.175],
			"rotation": {"angle": 45, "axis": "y", "origin": [8, 16.5, 8]},
			"faces": {
				"north": {"uv": [2, 0, 2.35, 1], "texture": "#0"},
				"east": {"uv": [2, 0, 2.35, 1], "texture": "#0"},
				"south": {"uv": [2, 0, 2.35, 1], "texture": "#0"},
				"west": {"uv": [2, 0, 2.35, 1], "texture": "#0"},
				"up": {"uv": [2, 0, 2.35, 0.35], "texture": "#0"},
				"down": {"uv": [2, 0, 2.35, 0.35], "texture": "#0"}
			}
		},
		{
			"from": [7.875, 12.5, 7.875],
			"to": [8.125, 17, 8.125],
			"rotation": {"angle": 45, "axis": "y", "origin": [8, 8, 8]},
			"faces": {
				"north": {"uv": [3, 7, 3.25, 11.5], "texture": "#0"},
				"east": {"uv": [3, 7, 3.25, 11.5], "texture": "#0"},
				"south": {"uv": [4.5, 7, 4.75, 11.5], "texture": "#0"},
				"west": {"uv": [5.5, 7, 5.75, 11.5], "texture": "#0"},
				"up": {"uv": [2, 7, 2.25, 7.25], "texture": "#0"},
				"down": {"uv": [2, 7, 2.25, 7.25], "texture": "#0"}
			}
		},
		{
			"from": [7.125, 11.325, 7.7],
			"to": [8.375, 12.575, 7.75],
			"rotation": {"angle": 45, "axis": "z", "origin": [8, 12.2, 8]},
			"faces": {
				"north": {"uv": [2, 0, 3.25, 1.25], "texture": "#0"},
				"east": {"uv": [2, 0, 2.05, 1.25], "texture": "#0"},
				"south": {"uv": [2, 0, 3.25, 1.25], "texture": "#0"},
				"west": {"uv": [2, 0, 2.05, 1.25], "texture": "#0"},
				"up": {"uv": [2, 0, 3.25, 0.05], "texture": "#0"},
				"down": {"uv": [2, 0, 3.25, 0.05], "texture": "#0"}
			}
		},
		{
			"from": [7.425, 11.625, 7.65],
			"to": [8.075, 12.275, 7.7],
			"rotation": {"angle": 45, "axis": "z", "origin": [8, 12.2, 8]},
			"faces": {
				"north": {"uv": [2, 6, 3, 7], "rotation": 90, "texture": "#0"},
				"east": {"uv": [2, 6, 2.05, 6.65], "texture": "#0"},
				"south": {"uv": [2, 6, 2.65, 6.65], "texture": "#0"},
				"west": {"uv": [2, 6, 2.05, 6.65], "texture": "#0"},
				"up": {"uv": [2, 6, 2.65, 6.05], "texture": "#0"},
				"down": {"uv": [2, 6, 2.65, 6.05], "texture": "#0"}
			}
		},
		{
			"from": [7.125, 11.325, 8.25],
			"to": [8.375, 12.575, 8.3],
			"rotation": {"angle": 45, "axis": "z", "origin": [8, 12.2, 8]},
			"display_frame": "TWFkZSBieSBMYXZhZm94ZXJleA==",
			"faces": {
				"north": {"uv": [2, 0, 3.25, 1.25], "texture": "#0"},
				"east": {"uv": [2, 0, 2.05, 1.25], "texture": "#0"},
				"south": {"uv": [2, 0, 3.25, 1.25], "texture": "#0"},
				"west": {"uv": [2, 0, 2.05, 1.25], "texture": "#0"},
				"up": {"uv": [2, 0, 3.25, 0.05], "texture": "#0"},
				"down": {"uv": [2, 0, 3.25, 0.05], "texture": "#0"}
			}
		},
		{
			"from": [7.425, 11.625, 8.3],
			"to": [8.075, 12.275, 8.35],
			"rotation": {"angle": 45, "axis": "z", "origin": [8, 12.2, 8]},
			"faces": {
				"north": {"uv": [0, 0, 0.65, 0.65], "texture": "#0"},
				"east": {"uv": [2, 6, 2.05, 6.65], "texture": "#0"},
				"south": {"uv": [2, 6, 3, 7], "texture": "#0"},
				"west": {"uv": [2, 6, 2.05, 6.65], "texture": "#0"},
				"up": {"uv": [2, 6, 2.65, 6.05], "texture": "#0"},
				"down": {"uv": [2, 6, 2.65, 6.05], "texture": "#0"}
			}
		},
		{
			"from": [6.25, 11.875, 7.7],
			"to": [7.65, 12.425, 7.75],
			"rotation": {"angle": 22.5, "axis": "z", "origin": [8, 12.2, 8]},
			"faces": {
				"north": {"uv": [2, 0, 3.4, 0.55], "texture": "#0"},
				"east": {"uv": [2, 0, 2.05, 0.55], "texture": "#0"},
				"south": {"uv": [2, 0, 3.4, 0.55], "texture": "#0"},
				"west": {"uv": [2, 0, 2.05, 0.55], "texture": "#0"},
				"up": {"uv": [2, 0, 3.4, 0.05], "texture": "#0"},
				"down": {"uv": [2, 0, 3.4, 0.05], "texture": "#0"}
			}
		},
		{
			"from": [6.25, 11.875, 8.25],
			"to": [7.65, 12.425, 8.3],
			"rotation": {"angle": 22.5, "axis": "z", "origin": [8, 12.2, 8]},
			"faces": {
				"north": {"uv": [2, 0, 3.4, 0.55], "texture": "#0"},
				"east": {"uv": [2, 0, 2.05, 0.55], "texture": "#0"},
				"south": {"uv": [2, 0, 3.4, 0.55], "texture": "#0"},
				"west": {"uv": [2, 0, 2.05, 0.55], "texture": "#0"},
				"up": {"uv": [2, 0, 3.4, 0.05], "texture": "#0"},
				"down": {"uv": [2, 0, 3.4, 0.05], "texture": "#0"}
			}
		},
		{
			"from": [8.35, 11.875, 8.25],
			"to": [9.75, 12.425, 8.3],
			"rotation": {"angle": -22.5, "axis": "z", "origin": [8, 12.2, 8]},
			"faces": {
				"north": {"uv": [2, 0, 3.4, 0.55], "texture": "#0"},
				"east": {"uv": [2, 0, 2.05, 0.55], "texture": "#0"},
				"south": {"uv": [2, 0, 3.4, 0.55], "texture": "#0"},
				"west": {"uv": [2, 0, 2.05, 0.55], "texture": "#0"},
				"up": {"uv": [2, 0, 3.4, 0.05], "texture": "#0"},
				"down": {"uv": [2, 0, 3.4, 0.05], "texture": "#0"}
			}
		},
		{
			"from": [8.35, 11.875, 7.7],
			"to": [9.75, 12.425, 7.75],
			"rotation": {"angle": -22.5, "axis": "z", "origin": [8, 12.2, 8]},
			"faces": {
				"north": {"uv": [2, 0, 3.4, 0.55], "texture": "#0"},
				"east": {"uv": [2, 0, 2.05, 0.55], "texture": "#0"},
				"south": {"uv": [2, 0, 3.4, 0.55], "texture": "#0"},
				"west": {"uv": [2, 0, 2.05, 0.55], "texture": "#0"},
				"up": {"uv": [2, 0, 3.4, 0.05], "texture": "#0"},
				"down": {"uv": [2, 0, 3.4, 0.05], "texture": "#0"}
			}
		}
	],
	"display": {
		"thirdperson_righthand": {
			"rotation": [-180, 90, 0],
			"translation": [0, 12.5, 1.75],
			"scale": [2.35, 2.35, 2.35]
		},
		"thirdperson_lefthand": {
			"rotation": [-180, 90, 0],
			"translation": [0, 12.5, 1.75],
			"scale": [2.35, 2.35, 2.35]
		},
		"firstperson_righthand": {
			"rotation": [151.5, 90, 0],
			"translation": [1.25, 10.25, -3.5],
			"scale": [2.35, 2.35, 2.35]
		},
		"firstperson_lefthand": {
			"rotation": [151.5, 90, 0],
			"translation": [1.25, 10.25, -3.5],
			"scale": [2.35, 2.35, 2.35]
		},
		"gui": {
			"rotation": [0, 0, -135]
		},
		"head": {
			"rotation": [90, 0, 0],
			"scale": [4, 4, 4]
		},
		"fixed": {
			"rotation": [0, 0, 135],
			"scale": [1.3, 1.3, 1.3]
		}
	},
	"groups": [
		{
			"name": "group",
			"origin": [8, 8, 8],
			"color": 0,
			"children": [
				{
					"name": "group",
					"origin": [7.5, 10, 8.075],
					"color": 0,
					"children": [
						{
							"name": "group",
							"origin": [7.5, 10, 8.075],
							"color": 0,
							"children": [0, 1, 2, 3]
						}, 4,
						{
							"name": "group",
							"origin": [7.5, 1, 8.1],
							"color": 0,
							"children": [5, 6, 7, 8]
						}
					]
				},
				{
					"name": "group",
					"origin": [7.5, 7.5, 7.375],
					"color": 0,
					"children": [9, 10, 11, 12, 13]
				},
				{
					"name": "group",
					"origin": [8, 12.2, 8],
					"color": 0,
					"children": [14, 15, 16]
				},
				{
					"name": "group",
					"origin": [8, 8, 8],
					"color": 0,
					"children": [17, 18]
				},
				{
					"name": "group",
					"origin": [8, 12.2, 8],
					"color": 0,
					"children": [19, 20, 21, 22, 23, 24, 25, 26]
				}
			]
		}
	]
}