{
	"credit": "Made by Gameboy612",
	"parent": "item_frame_block",
	"textures": {
		"0": "block/smooth_stone",
		"1": "block/black_concrete",
		"particle": "block/smooth_stone"
	},
	"elements": [
		{
			"from": [-16, 14, 0],
			"to": [32, 16, 15],
			"faces": {
				"north": {"uv": [9, 11, 6, 12], "texture": "#0"},
				"east": {"uv": [6, 12, 9, 11], "texture": "#0"},
				"south": {"uv": [6, 12, 9, 11], "texture": "#0"},
				"west": {"uv": [6, 12, 9, 11], "texture": "#0"},
				"up": {"uv": [6, 11, 9, 12], "texture": "#0"},
				"down": {"uv": [6, 11, 9, 12], "texture": "#0"}
			}
		},
		{
			"from": [-13, 8, 6],
			"to": [29, 9, 9],
			"faces": {
				"north": {"uv": [0, 0, 16, 1], "texture": "#1"},
				"east": {"uv": [0, 0, 3, 1], "texture": "#missing"},
				"south": {"uv": [0, 0, 16, 1], "texture": "#1"},
				"west": {"uv": [0, 0, 3, 1], "texture": "#missing"},
				"up": {"uv": [0, 0, 16, 3], "texture": "#1"},
				"down": {"uv": [0, 0, 16, 3], "texture": "#1"}
			}
		},
		{
			"from": [-14, 0, 6],
			"to": [-13, 15, 9],
			"faces": {
				"north": {"uv": [0, 0, 1, 15], "texture": "#1"},
				"east": {"uv": [0, 0, 3, 15], "texture": "#1"},
				"south": {"uv": [0, 0, 1, 15], "texture": "#1"},
				"west": {"uv": [0, 0, 3, 15], "texture": "#1"},
				"up": {"uv": [0, 0, 1, 3], "texture": "#missing"},
				"down": {"uv": [0, 0, 1, 3], "texture": "#1"}
			}
		},
		{
			"from": [29, 0, 6],
			"to": [30, 15, 9],
			"faces": {
				"north": {"uv": [0, 0, 1, 15], "texture": "#1"},
				"east": {"uv": [0, 0, 3, 15], "texture": "#1"},
				"south": {"uv": [0, 0, 1, 15], "texture": "#1"},
				"west": {"uv": [0, 0, 3, 15], "texture": "#1"},
				"up": {"uv": [0, 0, 1, 3], "texture": "#missing"},
				"down": {"uv": [0, 0, 1, 3], "texture": "#1"}
			}
		}
	]
}