{
    "providers": [
        {
            "type": "bitmap",
            "file": "minecraft:rpg/ui/active_effects/sword.png",
            "ascent": -16,
            "height": 48,
            "chars": ["\u1000"]
        },
        {
            "type": "bitmap",
            "file": "minecraft:rpg/ui/active_effects/sword_debuff.png",
            "ascent": -16,
            "height": 48,
            "chars": ["\u1001"]
        },
        {
            "type": "bitmap",
            "file": "minecraft:rpg/ui/active_effects/shield.png",
            "ascent": -16,
            "height": 48,
            "chars": ["\u1002"]
        },
        {
            "type": "bitmap",
            "file": "minecraft:rpg/ui/active_effects/shield_debuff.png",
            "ascent": -16,
            "height": 48,
            "chars": ["\u1003"]
        }
    ]
}