{
	"credit": "Made with Blockbench",
	"textures": {
		"2": "rpg/weapon/devas_2/baseball_bat",
		"particle": "rpg/weapon/devas_2/baseball_bat"
	},
	"elements": [
		{
			"from": [7.25, 4.5, 7.25],
			"to": [8.75, 9, 8.75],
			"rotation": {"angle": 0, "axis": "y", "origin": [8, 13.5, 8]},
			"faces": {
				"north": {"uv": [4, 0, 6, 3], "texture": "#2"},
				"east": {"uv": [6, 0, 8, 3], "texture": "#2"},
				"south": {"uv": [6, 3, 8, 6], "texture": "#2"},
				"west": {"uv": [8, 8, 10, 11], "texture": "#2"},
				"up": {"uv": [4, 2, 2, 0], "texture": "#2"},
				"down": {"uv": [2, 10, 0, 12], "texture": "#2"}
			}
		},
		{
			"from": [7.25, 0, 7.25],
			"to": [8.75, 0.5, 8.75],
			"faces": {
				"north": {"uv": [4, 3, 6, 4], "texture": "#2"},
				"east": {"uv": [10, 6, 12, 7], "texture": "#2"},
				"south": {"uv": [10, 7, 12, 8], "texture": "#2"},
				"west": {"uv": [10, 8, 12, 9], "texture": "#2"},
				"up": {"uv": [12, 12, 10, 10], "texture": "#2"},
				"down": {"uv": [12, 0, 10, 2], "texture": "#2"}
			}
		},
		{
			"from": [7.5, 0.5, 7.5],
			"to": [8.5, 4.5, 8.5],
			"rotation": {"angle": 0, "axis": "y", "origin": [8, 8.5, 8]},
			"faces": {
				"north": {"uv": [8, 0, 9, 4], "texture": "#2"},
				"east": {"uv": [8, 4, 9, 8], "texture": "#2"},
				"south": {"uv": [9, 0, 10, 4], "texture": "#2"},
				"west": {"uv": [9, 4, 10, 8], "texture": "#2"},
				"up": {"uv": [11, 10, 10, 9], "texture": "#2"},
				"down": {"uv": [9, 11, 8, 12], "texture": "#2"}
			}
		},
		{
			"from": [7, 9, 7],
			"to": [9, 17.5, 9],
			"rotation": {"angle": 0, "axis": "y", "origin": [8, 13.5, 8]},
			"faces": {
				"north": {"uv": [0, 0, 2, 10], "texture": "#2"},
				"east": {"uv": [2, 2, 4, 12], "texture": "#2"},
				"south": {"uv": [4, 4, 6, 14], "texture": "#2"},
				"west": {"uv": [6, 6, 8, 16], "texture": "#2"},
				"up": {"uv": [12, 4, 10, 2], "texture": "#2"},
				"down": {"uv": [12, 4, 10, 6], "texture": "#2"}
			}
		}
	],
	"display": {
		"thirdperson_righthand": {
			"rotation": [60, -90, 60],
			"translation": [0, 3.25, 1.5]
		},
		"thirdperson_lefthand": {
			"rotation": [60, -90, 60],
			"translation": [0, 3.25, 1.5]
		},
		"firstperson_righthand": {
			"rotation": [0, -90, 25],
			"translation": [1.13, 3.2, 1.13],
			"scale": [0.68, 0.68, 0.68]
		},
		"firstperson_lefthand": {
			"rotation": [0, 90, -25],
			"translation": [1.13, 3.2, 1.13],
			"scale": [0.68, 0.68, 0.68]
		},
		"ground": {
			"translation": [0, 6, 0]
		},
		"gui": {
			"rotation": [0, 180, 45],
			"translation": [-0.5, -0.5, 0]
		},
		"fixed": {
			"rotation": [0, 180, -45],
			"translation": [0.5, -0.5, 0]
		}
	},
	"groups": [
		{
			"name": "group",
			"origin": [8, 13.5, 8],
			"children": [0, 1, 2, 3]
		}
	]
}