{
    "parent": "item/generated",
    "textures": {
        "layer0": "item/paper"
    },
    "overrides": [
        {"predicate": {"custom_model_data":100000}, "model": "furniture/misc/laptop/0"},
        {"predicate": {"custom_model_data":100001}, "model": "furniture/misc/laptop/1"},
        {"predicate": {"custom_model_data":100002}, "model": "furniture/misc/laptop/2"},
        {"predicate": {"custom_model_data":100003}, "model": "furniture/misc/laptop/3"},
        {"predicate": {"custom_model_data":100004}, "model": "furniture/misc/laptop/4"},
        {"predicate": {"custom_model_data":612101}, "model": "gbtan/block/cooling_coil_off"},
        {"predicate": {"custom_model_data":612102}, "model": "gbtan/block/cooling_coil_on"},
        {"predicate": {"custom_model_data":612103}, "model": "gbtan/block/heating_coil_off"},
        {"predicate": {"custom_model_data":612104}, "model": "gbtan/block/heating_coil_on"},
        {"predicate": {"custom_model_data":612105}, "model": "gbtan/item/charcoal_filter"},
        {"predicate": {"custom_model_data":612201}, "model": "item/gb_drawer_1"},
        {"predicate": {"custom_model_data":612299}, "model": "item/compact_machine"},
        {"predicate": {"custom_model_data":612300}, "model": "spacetech/block/stirling_generator_lit"},
        {"predicate": {"custom_model_data":612301}, "model": "spacetech/block/stirling_generator"},
        {"predicate": {"custom_model_data":612302}, "model": "item/energy_bank1"},
        {"predicate": {"custom_model_data":612303}, "model": "item/energy_bank2"},
        {"predicate": {"custom_model_data":612304}, "model": "item/energy_bank3"},
        {"predicate": {"custom_model_data":612305}, "model": "item/energy_bank4"},
        {"predicate": {"custom_model_data":612306}, "model": "item/energy_bank5"},
        {"predicate": {"custom_model_data":612307}, "model": "item/energy_bank6"},
        {"predicate": {"custom_model_data":612308}, "model": "item/energy_bank7"},
        {"predicate": {"custom_model_data":612309}, "model": "item/energy_bank8"},
        {"predicate": {"custom_model_data":612310}, "model": "item/energy_bank9"},
        {"predicate": {"custom_model_data":612312}, "model": "item/oxygen_vent"},
        {"predicate": {"custom_model_data":612612}, "model": "furniture/statues/gameboy612"},
        {"predicate": {"custom_model_data":612613}, "model": "furniture/statues/cookietuna_"},
        {"predicate": {"custom_model_data":612614}, "model": "furniture/statues/lavafoxerex"},
        {"predicate": {"custom_model_data":612615}, "model": "furniture/statues/double_a0605"},
        {"predicate": {"custom_model_data":612616}, "model": "furniture/statues/michael1037"},
        {"predicate": {"custom_model_data":612617}, "model": "furniture/statues/blackmoonkirito"},
        {"predicate": {"custom_model_data":612618}, "model": "furniture/statues/genius0123"},
        {"predicate": {"custom_model_data":612619}, "model": "furniture/statues/donkiismyson"},
        {"predicate": {"custom_model_data":612620}, "model": "furniture/statues/chibamiyuki"},
        {"predicate": {"custom_model_data":612621}, "model": "furniture/statues/tunaismypet"},
        {"predicate": {"custom_model_data":612622}, "model": "furniture/statues/icytuna"},
        {"predicate": {"custom_model_data":612623}, "model": "furniture/statues/_hei2"},
        {"predicate": {"custom_model_data":613000}, "model": "item/gb_crafting"},
        {"predicate": {"custom_model_data":617001}, "model": "spacetech/block/molten_furnace_controller"},
        {"predicate": {"custom_model_data":617002}, "model": "spacetech/block/molten_furnace_controller_lit"},
        {"predicate": {"custom_model_data":617003}, "model": "spacetech/block/molten_furnace_output"},
        {"predicate": {"custom_model_data":800000}, "model": "spacetech/block/conduit/0"},
        {"predicate": {"custom_model_data":800001}, "model": "spacetech/block/conduit/1"},
        {"predicate": {"custom_model_data":800002}, "model": "spacetech/block/conduit/2"},
        {"predicate": {"custom_model_data":800003}, "model": "spacetech/block/conduit/3"},
        {"predicate": {"custom_model_data":800004}, "model": "spacetech/block/conduit/4"},
        {"predicate": {"custom_model_data":800005}, "model": "spacetech/block/conduit/5"},
        {"predicate": {"custom_model_data":800006}, "model": "spacetech/block/conduit/6"},
        {"predicate": {"custom_model_data":800007}, "model": "spacetech/block/conduit/7"},
        {"predicate": {"custom_model_data":800008}, "model": "spacetech/block/conduit/8"},
        {"predicate": {"custom_model_data":800009}, "model": "spacetech/block/conduit/9"},
        {"predicate": {"custom_model_data":800010}, "model": "spacetech/block/conduit/10"},
        {"predicate": {"custom_model_data":800011}, "model": "spacetech/block/conduit/11"},
        {"predicate": {"custom_model_data":800012}, "model": "spacetech/block/conduit/12"},
        {"predicate": {"custom_model_data":800013}, "model": "spacetech/block/conduit/13"},
        {"predicate": {"custom_model_data":800014}, "model": "spacetech/block/conduit/14"},
        {"predicate": {"custom_model_data":800015}, "model": "spacetech/block/conduit/15"},
        {"predicate": {"custom_model_data":800016}, "model": "spacetech/block/conduit/16"},
        {"predicate": {"custom_model_data":800017}, "model": "spacetech/block/conduit/17"},
        {"predicate": {"custom_model_data":800018}, "model": "spacetech/block/conduit/18"},
        {"predicate": {"custom_model_data":800019}, "model": "spacetech/block/conduit/19"},
        {"predicate": {"custom_model_data":800020}, "model": "spacetech/block/conduit/20"},
        {"predicate": {"custom_model_data":800021}, "model": "spacetech/block/conduit/21"},
        {"predicate": {"custom_model_data":800022}, "model": "spacetech/block/conduit/22"},
        {"predicate": {"custom_model_data":800023}, "model": "spacetech/block/conduit/23"},
        {"predicate": {"custom_model_data":800024}, "model": "spacetech/block/conduit/24"},
        {"predicate": {"custom_model_data":800025}, "model": "spacetech/block/conduit/25"},
        {"predicate": {"custom_model_data":800026}, "model": "spacetech/block/conduit/26"},
        {"predicate": {"custom_model_data":800027}, "model": "spacetech/block/conduit/27"},
        {"predicate": {"custom_model_data":800028}, "model": "spacetech/block/conduit/28"},
        {"predicate": {"custom_model_data":800029}, "model": "spacetech/block/conduit/29"},
        {"predicate": {"custom_model_data":800030}, "model": "spacetech/block/conduit/30"},
        {"predicate": {"custom_model_data":800031}, "model": "spacetech/block/conduit/31"},
        {"predicate": {"custom_model_data":800032}, "model": "spacetech/block/conduit/32"},
        {"predicate": {"custom_model_data":800033}, "model": "spacetech/block/conduit/33"},
        {"predicate": {"custom_model_data":800034}, "model": "spacetech/block/conduit/34"},
        {"predicate": {"custom_model_data":800035}, "model": "spacetech/block/conduit/35"},
        {"predicate": {"custom_model_data":800036}, "model": "spacetech/block/conduit/36"},
        {"predicate": {"custom_model_data":800037}, "model": "spacetech/block/conduit/37"},
        {"predicate": {"custom_model_data":800038}, "model": "spacetech/block/conduit/38"},
        {"predicate": {"custom_model_data":800039}, "model": "spacetech/block/conduit/39"},
        {"predicate": {"custom_model_data":800040}, "model": "spacetech/block/conduit/40"},
        {"predicate": {"custom_model_data":800041}, "model": "spacetech/block/conduit/41"},
        {"predicate": {"custom_model_data":800042}, "model": "spacetech/block/conduit/42"},
        {"predicate": {"custom_model_data":800043}, "model": "spacetech/block/conduit/43"},
        {"predicate": {"custom_model_data":800044}, "model": "spacetech/block/conduit/44"},
        {"predicate": {"custom_model_data":800045}, "model": "spacetech/block/conduit/45"},
        {"predicate": {"custom_model_data":800046}, "model": "spacetech/block/conduit/46"},
        {"predicate": {"custom_model_data":800047}, "model": "spacetech/block/conduit/47"},
        {"predicate": {"custom_model_data":800048}, "model": "spacetech/block/conduit/48"},
        {"predicate": {"custom_model_data":800049}, "model": "spacetech/block/conduit/49"},
        {"predicate": {"custom_model_data":800050}, "model": "spacetech/block/conduit/50"},
        {"predicate": {"custom_model_data":800051}, "model": "spacetech/block/conduit/51"},
        {"predicate": {"custom_model_data":800052}, "model": "spacetech/block/conduit/52"},
        {"predicate": {"custom_model_data":800053}, "model": "spacetech/block/conduit/53"},
        {"predicate": {"custom_model_data":800054}, "model": "spacetech/block/conduit/54"},
        {"predicate": {"custom_model_data":800055}, "model": "spacetech/block/conduit/55"},
        {"predicate": {"custom_model_data":800056}, "model": "spacetech/block/conduit/56"},
        {"predicate": {"custom_model_data":800057}, "model": "spacetech/block/conduit/57"},
        {"predicate": {"custom_model_data":800058}, "model": "spacetech/block/conduit/58"},
        {"predicate": {"custom_model_data":800059}, "model": "spacetech/block/conduit/59"},
        {"predicate": {"custom_model_data":800060}, "model": "spacetech/block/conduit/60"},
        {"predicate": {"custom_model_data":800061}, "model": "spacetech/block/conduit/61"},
        {"predicate": {"custom_model_data":800062}, "model": "spacetech/block/conduit/62"},
        {"predicate": {"custom_model_data":800063}, "model": "spacetech/block/conduit/63"},
        {"predicate": {"custom_model_data":911001}, "model": "furniture/studentdesk1"},
        {"predicate": {"custom_model_data":911002}, "model": "furniture/aircon1"},
        {"predicate": {"custom_model_data":911003}, "model": "furniture/teacherdesk1"},
        {"predicate": {"custom_model_data":911004}, "model": "furniture/studentchair1"},
        {"predicate": {"custom_model_data":911005}, "model": "furniture/bench/benchoak"},
        {"predicate": {"custom_model_data":911006}, "model": "furniture/bench/benchbirch"},
        {"predicate": {"custom_model_data":911007}, "model": "furniture/bench/benchspruce"},
        {"predicate": {"custom_model_data":911008}, "model": "furniture/bench/benchjungle"},
        {"predicate": {"custom_model_data":911009}, "model": "furniture/bench/benchacacia"},
        {"predicate": {"custom_model_data":911010}, "model": "furniture/bench/benchdarkoak"},
        {"predicate": {"custom_model_data":911011}, "model": "furniture/bench/benchcrimson"},
        {"predicate": {"custom_model_data":911012}, "model": "furniture/bench/benchwarped"},
        {"predicate": {"custom_model_data":911013}, "model": "furniture/barrel1"},
        {"predicate": {"custom_model_data":911014}, "model": "furniture/anvil"},
        {"predicate": {"custom_model_data":911015}, "model": "furniture/rounded_table_1/rounded_table_1_oak"},
        {"predicate": {"custom_model_data":911016}, "model": "furniture/rounded_table_1/rounded_table_1_birch"},
        {"predicate": {"custom_model_data":911017}, "model": "furniture/rounded_table_1/rounded_table_1_spruce"},
        {"predicate": {"custom_model_data":911018}, "model": "furniture/rounded_table_1/rounded_table_1_jungle"},
        {"predicate": {"custom_model_data":911019}, "model": "furniture/rounded_table_1/rounded_table_1_acacia"},
        {"predicate": {"custom_model_data":911020}, "model": "furniture/rounded_table_1/rounded_table_1_darkoak"},
        {"predicate": {"custom_model_data":911021}, "model": "furniture/rounded_table_1/rounded_table_1_crimson"},
        {"predicate": {"custom_model_data":911022}, "model": "furniture/rounded_table_1/rounded_table_1_warped"},
        {"predicate": {"custom_model_data":911023}, "model": "furniture/rounded_table_1/rounded_table_1_stone"},
        {"predicate": {"custom_model_data":911024}, "model": "furniture/rounded_table_1/rounded_table_1_cobblestone"},
        {"predicate": {"custom_model_data":911025}, "model": "furniture/rounded_table_1/rounded_table_1_mossycobblestone"},
        {"predicate": {"custom_model_data":911026}, "model": "furniture/rounded_table_1/rounded_table_1_cutsandstone"},
        {"predicate": {"custom_model_data":911027}, "model": "furniture/rounded_table_1/rounded_table_1_cutredsandstone"},
        {"predicate": {"custom_model_data":911028}, "model": "furniture/rounded_table_1/rounded_table_1_deepslate"},
        {"predicate": {"custom_model_data":911029}, "model": "furniture/rounded_table_1/rounded_table_1_polisheddiorite"},
        {"predicate": {"custom_model_data":911030}, "model": "furniture/rounded_table_1/rounded_table_1_polishedandesite"},
        {"predicate": {"custom_model_data":911031}, "model": "furniture/rounded_table_1/rounded_table_1_polishedgranite"},
        {"predicate": {"custom_model_data":911032}, "model": "furniture/rounded_table_1/rounded_table_1_smoothstone"},
        {"predicate": {"custom_model_data":911033}, "model": "furniture/rounded_table_1/rounded_table_1_polishedblackstone"},
        {"predicate": {"custom_model_data":911034}, "model": "furniture/rounded_table_1/rounded_table_1_stonebricks"},
        {"predicate": {"custom_model_data":911035}, "model": "furniture/rounded_table_1/rounded_table_1_quartz"},
        {"predicate": {"custom_model_data":911036}, "model": "furniture/smithing_table_1"},
        {"predicate": {"custom_model_data":911037}, "model": "furniture/drinks/orange_juice"},
        {"predicate": {"custom_model_data":911038}, "model": "furniture/smithing_table_2"},
        {"predicate": {"custom_model_data":911039}, "model": "furniture/short_bench/short_benchoak"},
        {"predicate": {"custom_model_data":911040}, "model": "furniture/short_bench/short_benchbirch"},
        {"predicate": {"custom_model_data":911041}, "model": "furniture/short_bench/short_benchspruce"},
        {"predicate": {"custom_model_data":911042}, "model": "furniture/short_bench/short_benchjungle"},
        {"predicate": {"custom_model_data":911043}, "model": "furniture/short_bench/short_benchacacia"},
        {"predicate": {"custom_model_data":911044}, "model": "furniture/short_bench/short_benchdarkoak"},
        {"predicate": {"custom_model_data":911045}, "model": "furniture/short_bench/short_benchcrimson"},
        {"predicate": {"custom_model_data":911046}, "model": "furniture/short_bench/short_benchwarped"},
        {"predicate": {"custom_model_data":911047}, "model": "furniture/globe/globe_copper"},
        {"predicate": {"custom_model_data":911048}, "model": "furniture/globe/globe_gold"},
        {"predicate": {"custom_model_data":911049}, "model": "furniture/globe/globe_oxidized_copper"},
        {"predicate": {"custom_model_data":911050}, "model": "furniture/drinks/apple_juice"},
        {"predicate": {"custom_model_data":911051}, "model": "furniture/drinks/lemonade"},
        {"predicate": {"custom_model_data":911052}, "model": "furniture/shelf"},
        {"predicate": {"custom_model_data":911053}, "model": "furniture/crop_plot/oak"},
        {"predicate": {"custom_model_data":911054}, "model": "furniture/crop_plot/birch"},
        {"predicate": {"custom_model_data":911055}, "model": "furniture/crop_plot/spruce"},
        {"predicate": {"custom_model_data":911056}, "model": "furniture/crop_plot/jungle"},
        {"predicate": {"custom_model_data":911057}, "model": "furniture/crop_plot/acacia"},
        {"predicate": {"custom_model_data":911058}, "model": "furniture/crop_plot/darkoak"},
        {"predicate": {"custom_model_data":911059}, "model": "furniture/crop_plot/crimson"},
        {"predicate": {"custom_model_data":911060}, "model": "furniture/crop_plot/warped"},
        {"predicate": {"custom_model_data":911061}, "model": "furniture/crop_plot/stripped/oak"},
        {"predicate": {"custom_model_data":911062}, "model": "furniture/crop_plot/stripped/birch"},
        {"predicate": {"custom_model_data":911063}, "model": "furniture/crop_plot/stripped/spruce"},
        {"predicate": {"custom_model_data":911064}, "model": "furniture/crop_plot/stripped/jungle"},
        {"predicate": {"custom_model_data":911065}, "model": "furniture/crop_plot/stripped/acacia"},
        {"predicate": {"custom_model_data":911066}, "model": "furniture/crop_plot/stripped/darkoak"},
        {"predicate": {"custom_model_data":911067}, "model": "furniture/crop_plot/stripped/crimson"},
        {"predicate": {"custom_model_data":911068}, "model": "furniture/crop_plot/stripped/warped"},
        {"predicate": {"custom_model_data":911069}, "model": "furniture/misc/locker1"},
        {"predicate": {"custom_model_data":911070}, "model": "furniture/misc/half_white_concrete"},
        {"predicate": {"custom_model_data":911071}, "model": "furniture/misc/double_vert_slab/light_blue_terracotta_light_gray_concrete"},
        {"predicate": {"custom_model_data":911072}, "model": "furniture/misc/ceiling_fan1"},
        {"predicate": {"custom_model_data":912001}, "model": "furniture/studentdesk1bluebook"},
        {"predicate": {"custom_model_data":912002}, "model": "furniture/studentdesk1redbook"},
        {"predicate": {"custom_model_data":912003}, "model": "furniture/studentdesk1yellowbook"},
        {"predicate": {"custom_model_data":912011}, "model": "furniture/stone_path_1"},
        {"predicate": {"custom_model_data":912012}, "model": "furniture/stone_path_2"},
        {"predicate": {"custom_model_data":912013}, "model": "furniture/stone_path_3"},
        {"predicate": {"custom_model_data":912014}, "model": "furniture/stone_path_4"}
    ]
}