{
	"credit": "Made with Blockbench",
	"textures": {
		"0": "katana/mithril_katana"
	},
	"elements": [
		{
			"from": [7.5, 0, 7.5],
			"to": [8.5, 7.5, 8.5],
			"rotation": {"angle": 45, "axis": "y", "origin": [8, 3.75, 8]},
			"faces": {
				"north": {"uv": [2.5, 0, 3.5, 7.5], "texture": "#0"},
				"east": {"uv": [2.5, 0, 3.5, 7.5], "texture": "#0"},
				"south": {"uv": [2.5, 0, 3.5, 7.5], "texture": "#0"},
				"west": {"uv": [2.5, 0, 3.5, 7.5], "texture": "#0"},
				"up": {"uv": [2.5, 0, 3.5, 1], "texture": "#0"},
				"down": {"uv": [2.5, 6.5, 3.5, 7.5], "texture": "#0"}
			}
		},
		{
			"from": [6.75, 7.5, 6.75],
			"to": [8, 8, 8],
			"rotation": {"angle": 45, "axis": "y", "origin": [8, 7.75, 8]},
			"faces": {
				"north": {"uv": [1.25, 0, 2.5, 0.5], "texture": "#0"},
				"east": {"uv": [1.25, 0, 2.25, 0.5], "texture": "#0"},
				"south": {"uv": [0, 0, 1.25, 0.5], "texture": "#0"},
				"west": {"uv": [0, 0, 1, 0.5], "texture": "#0"},
				"up": {"uv": [0, 0, 1.25, 1.25], "texture": "#0"},
				"down": {"uv": [0, 1.5, 1.25, 2.5], "texture": "#0"}
			}
		},
		{
			"from": [6.75, 7.5, 8],
			"to": [7.25, 8, 8.75],
			"rotation": {"angle": 45, "axis": "y", "origin": [8, 7.75, 8]},
			"faces": {
				"north": {"uv": [1.25, 0, 1.75, 0.5], "texture": "#0"},
				"east": {"uv": [0, 0, 1, 0.5], "texture": "#0"},
				"south": {"uv": [0, 0, 0.5, 0.5], "texture": "#0"},
				"west": {"uv": [0, 0, 1, 0.5], "texture": "#0"},
				"up": {"uv": [0, 1.25, 0.5, 2], "texture": "#0"},
				"down": {"uv": [0, 1.5, 0.5, 2.5], "texture": "#0"}
			}
		},
		{
			"from": [6.75, 7.5, 8.75],
			"to": [8, 8, 9.25],
			"rotation": {"angle": 45, "axis": "y", "origin": [8, 7.75, 8]},
			"faces": {
				"north": {"uv": [1.25, 0, 2.5, 0.5], "texture": "#0"},
				"east": {"uv": [0, 0, 0.5, 0.5], "texture": "#0"},
				"south": {"uv": [0, 0, 1.25, 0.5], "texture": "#0"},
				"west": {"uv": [0, 0, 0.5, 0.5], "texture": "#0"},
				"up": {"uv": [0, 0, 1.25, 0.5], "texture": "#0"},
				"down": {"uv": [0, 1.5, 1.25, 2], "texture": "#0"}
			}
		},
		{
			"from": [8.75, 7.5, 7.25],
			"to": [9.25, 8, 8],
			"rotation": {"angle": 45, "axis": "y", "origin": [8, 7.75, 8]},
			"faces": {
				"north": {"uv": [0, 0, 0.5, 0.5], "texture": "#0"},
				"east": {"uv": [0, 0, 1, 0.5], "texture": "#0"},
				"south": {"uv": [1.25, 0, 1.75, 0.5], "texture": "#0"},
				"west": {"uv": [0, 0, 1, 0.5], "texture": "#0"},
				"up": {"uv": [0, 1.25, 0.5, 2], "rotation": 180, "texture": "#0"},
				"down": {"uv": [0, 1.5, 0.5, 2.5], "rotation": 180, "texture": "#0"}
			}
		},
		{
			"from": [8, 7.5, 6.75],
			"to": [9.25, 8, 7.25],
			"rotation": {"angle": 45, "axis": "y", "origin": [8, 7.75, 8]},
			"faces": {
				"north": {"uv": [0, 0, 1.25, 0.5], "texture": "#0"},
				"east": {"uv": [0, 0, 0.5, 0.5], "texture": "#0"},
				"south": {"uv": [1.25, 0, 2.5, 0.5], "texture": "#0"},
				"west": {"uv": [0, 0, 0.5, 0.5], "texture": "#0"},
				"up": {"uv": [0, 0, 1.25, 0.5], "rotation": 180, "texture": "#0"},
				"down": {"uv": [0, 1.5, 1.25, 2], "rotation": 180, "texture": "#0"}
			}
		},
		{
			"from": [8, 7.5, 8],
			"to": [9.25, 8, 9.25],
			"rotation": {"angle": 45, "axis": "y", "origin": [8, 7.75, 8]},
			"faces": {
				"north": {"uv": [0, 0, 1.25, 0.5], "texture": "#0"},
				"east": {"uv": [0, 0, 1.25, 0.5], "texture": "#0"},
				"south": {"uv": [0, 0, 1.25, 0.5], "texture": "#0"},
				"west": {"uv": [0, 0, 1.25, 0.5], "texture": "#0"},
				"up": {"uv": [1.25, 1.25, 2.5, 2.5], "texture": "#0"},
				"down": {"uv": [1.25, 0, 2.5, 1.25], "texture": "#0"}
			}
		},
		{
			"from": [7.5, 7.5, 7.75],
			"to": [8.5, 18, 8.25],
			"rotation": {"angle": 0, "axis": "y", "origin": [8, 8, 8]},
			"faces": {
				"north": {"uv": [3.5, 1, 4.5, 11.5], "texture": "#0"},
				"east": {"uv": [3.5, 1, 4, 11.5], "texture": "#0"},
				"south": {"uv": [4.5, 1, 5.5, 11.5], "texture": "#0"},
				"west": {"uv": [4, 1, 4.5, 11.5], "texture": "#0"},
				"up": {"uv": [4, 0, 5, 0.5], "texture": "#0"},
				"down": {"uv": [4, 0, 5, 0.5], "texture": "#0"}
			}
		},
		{
			"from": [7.5, 7.5, 7.5],
			"to": [8.5, 7.9, 8.5],
			"rotation": {"angle": 0, "axis": "y", "origin": [8, 8, 8]},
			"faces": {
				"north": {"uv": [0, 2.5, 1, 2.9], "texture": "#0"},
				"east": {"uv": [0, 2.5, 1, 2.9], "texture": "#0"},
				"south": {"uv": [0, 2.5, 1, 2.9], "texture": "#0"},
				"west": {"uv": [0, 2.5, 1, 2.9], "texture": "#0"},
				"up": {"uv": [0, 2.5, 1, 3.5], "texture": "#0"},
				"down": {"uv": [0, 2.5, 1, 3.5], "texture": "#0"}
			}
		},
		{
			"from": [7.5, 18, 7.75],
			"to": [8.5, 28, 8.25],
			"rotation": {"angle": 0, "axis": "y", "origin": [8, 8, 8]},
			"faces": {
				"north": {"uv": [3.5, 0, 4.5, 10], "texture": "#0"},
				"east": {"uv": [3.5, 0, 4, 10], "texture": "#0"},
				"south": {"uv": [4.5, 0, 5.5, 10], "texture": "#0"},
				"west": {"uv": [4, 0, 4.5, 10], "texture": "#0"},
				"up": {"uv": [4, 0, 5, 0.5], "texture": "#0"},
				"down": {"uv": [4, 0, 5, 0.5], "texture": "#0"}
			}
		},
		{
			"name": "octagon",
			"from": [7.5, 27.9875, 7.75],
			"to": [7.8392, 28.6625, 8.25],
			"rotation": {"angle": 0, "axis": "y", "origin": [7.5, 27.6, 8]},
			"faces": {
				"north": {"uv": [3.5, 0, 3.9142, 0.6], "texture": "#0"},
				"east": {"uv": [3.5, 0, 4, 0.6], "texture": "#0"},
				"south": {"uv": [3.5, 0, 3.9142, 0.6], "texture": "#0"},
				"west": {"uv": [3.5, 0, 4, 0.6], "texture": "#0"},
				"up": {"uv": [3.5, 0, 3.9142, 0.5], "texture": "#0"},
				"down": {"uv": [3.5, 0, 3.9142, 0.5], "texture": "#0"}
			}
		},
		{
			"name": "octagon",
			"from": [8.025, 27.1733, 7.75],
			"to": [8.5, 28.10173, 8.25],
			"rotation": {"angle": 45, "axis": "z", "origin": [7.5, 27.5875, 8]},
			"faces": {
				"north": {"uv": [3.5, 0, 3.925, 0.82843], "texture": "#0"},
				"east": {"uv": [3.5, 0, 4, 0.82843], "texture": "#0"},
				"south": {"uv": [3.5, 0, 3.925, 0.82843], "texture": "#0"},
				"west": {"uv": [3.5, 0, 4, 0.82843], "texture": "#0"},
				"up": {"uv": [3.5, 0, 3.925, 0.5], "texture": "#0"},
				"down": {"uv": [3.5, 0, 3.925, 0.5], "texture": "#0"}
			}
		}
	],
	"display": {
		"thirdperson_righthand": {
			"rotation": [10, -180, -15],
			"translation": [-0.75, 4.25, 1.5]
		},
		"thirdperson_lefthand": {
			"rotation": [0, 90, 0],
			"translation": [0, 1.75, 0.75]
		},
		"firstperson_righthand": {
			"rotation": [-39.25, -32.75, 21],
			"translation": [0.5, 4.25, -1.5]
		},
		"firstperson_lefthand": {
			"rotation": [-27.75, -90, 0],
			"translation": [0, 1.75, 0.75]
		},
		"ground": {
			"rotation": [0, 0, -90]
		},
		"gui": {
			"rotation": [0, -180, -45],
			"translation": [3, -3, 0],
			"scale": [0.65, 0.65, 0.65]
		},
		"head": {
			"rotation": [-61, 90, 0],
			"scale": [4, 4, 4]
		},
		"fixed": {
			"rotation": [0, 3.25, -45],
			"translation": [-3.5, -3.75, 0],
			"scale": [0.85, 0.85, 0.85]
		}
	},
	"groups": [
		{
			"name": "group",
			"origin": [8, 8, 8],
			"color": 0,
			"children": [0,
				{
					"name": "group",
					"origin": [8, 7.75, 8],
					"color": 0,
					"children": [1, 2, 3, 4, 5, 6]
				}, 7, 8, 9,
				{
					"name": "octagon",
					"origin": [8, 8, 8],
					"color": 0,
					"children": [10, 11]
				}
			]
		}
	]
}