{
	"parent": "item_frame_block",
	"textures": {
		"1": "furniture/misc/color/2",
		"2": "furniture/misc/color/8",
		"particle": "ref/4"
	},
	"elements": [
		{
			"from": [-16, 0, 0],
			"to": [32, 16, 1],
			"faces": {
				"north": {"uv": [0, 0, 16, 16], "texture": "#2"},
				"east": {"uv": [0, 0, 1, 16], "texture": "#2"},
				"south": {"uv": [0, 0, 16, 16], "texture": "#2"},
				"west": {"uv": [0, 0, 1, 16], "texture": "#2"},
				"up": {"uv": [0, 0, 16, 1], "texture": "#2"},
				"down": {"uv": [0, 0, 16, 1], "texture": "#2"}
			}
		},
		{
			"from": [29, 6, -1],
			"to": [31, 11, 0],
			"rotation": {"angle": 0, "axis": "y", "origin": [24, 0, 0]},
			"faces": {
				"north": {"uv": [0, 0, 2, 5], "texture": "#1"},
				"east": {"uv": [0, 0, 1, 5], "texture": "#1"},
				"south": {"uv": [0, 0, 2, 5], "texture": "#1"},
				"west": {"uv": [0, 0, 1, 5], "texture": "#1"},
				"up": {"uv": [0, 0, 2, 1], "texture": "#1"},
				"down": {"uv": [0, 0, 2, 1], "texture": "#1"}
			}
		},
		{
			"from": [27, 9, -1],
			"to": [31, 11, 0],
			"rotation": {"angle": -45, "axis": "z", "origin": [31, 11, 0]},
			"faces": {
				"north": {"uv": [0, 0, 4, 2], "texture": "#1"},
				"east": {"uv": [0, 0, 1, 2], "texture": "#1"},
				"south": {"uv": [0, 0, 4, 2], "texture": "#1"},
				"west": {"uv": [0, 0, 1, 2], "texture": "#1"},
				"up": {"uv": [0, 0, 4, 1], "texture": "#1"},
				"down": {"uv": [0, 0, 4, 1], "texture": "#1"}
			}
		},
		{
			"from": [24.15, 11.85, -1],
			"to": [28.15, 13.85, 0],
			"rotation": {"angle": 0, "axis": "y", "origin": [31, 11, 0]},
			"faces": {
				"north": {"uv": [0, 0, 4, 2], "rotation": 180, "texture": "#1"},
				"east": {"uv": [0, 0, 1, 2], "rotation": 180, "texture": "#1"},
				"south": {"uv": [0, 0, 4, 2], "rotation": 180, "texture": "#1"},
				"west": {"uv": [0, 0, 1, 2], "rotation": 180, "texture": "#1"},
				"up": {"uv": [0, 0, 4, 1], "rotation": 180, "texture": "#1"},
				"down": {"uv": [0, 0, 4, 1], "rotation": 180, "texture": "#1"}
			}
		},
		{
			"from": [24.15, 3.15, -1],
			"to": [28.15, 5.15, 0],
			"rotation": {"angle": 0, "axis": "y", "origin": [31, 5, 0]},
			"faces": {
				"north": {"uv": [0, 2, 4, 4], "rotation": 180, "texture": "#1"},
				"east": {"uv": [0, 2, 1, 4], "rotation": 180, "texture": "#1"},
				"south": {"uv": [0, 2, 4, 4], "rotation": 180, "texture": "#1"},
				"west": {"uv": [0, 2, 1, 4], "rotation": 180, "texture": "#1"},
				"up": {"uv": [0, 1, 4, 2], "rotation": 180, "texture": "#1"},
				"down": {"uv": [0, 1, 4, 2], "rotation": 180, "texture": "#1"}
			}
		},
		{
			"from": [27.75, 5.75, -1],
			"to": [31.75, 7.75, 0],
			"rotation": {"angle": 45, "axis": "z", "origin": [31, 5, 0]},
			"faces": {
				"north": {"uv": [0, 2, 4, 4], "texture": "#1"},
				"east": {"uv": [0, 2, 1, 4], "texture": "#1"},
				"south": {"uv": [0, 2, 4, 4], "texture": "#1"},
				"west": {"uv": [0, 2, 1, 4], "texture": "#1"},
				"up": {"uv": [0, 1, 4, 2], "texture": "#1"},
				"down": {"uv": [0, 1, 4, 2], "texture": "#1"}
			}
		},
		{
			"from": [23.325, 9, -1],
			"to": [25.325, 11, 0],
			"rotation": {"angle": 45, "axis": "z", "origin": [21.325, 11, 0]},
			"faces": {
				"north": {"uv": [4, 0, 6, 2], "texture": "#1"},
				"east": {"uv": [1, 0, 2, 2], "texture": "#1"},
				"south": {"uv": [4, 0, 6, 2], "texture": "#1"},
				"west": {"uv": [1, 0, 2, 2], "texture": "#1"},
				"up": {"uv": [4, 0, 6, 1], "texture": "#1"},
				"down": {"uv": [4, 0, 6, 1], "texture": "#1"}
			}
		},
		{
			"from": [22.575, 5.75, -1],
			"to": [24.575, 7.75, 0],
			"rotation": {"angle": -45, "axis": "z", "origin": [21.325, 5, 0]},
			"faces": {
				"north": {"uv": [4, 2, 6, 4], "texture": "#1"},
				"east": {"uv": [1, 2, 2, 4], "texture": "#1"},
				"south": {"uv": [4, 2, 6, 4], "texture": "#1"},
				"west": {"uv": [1, 2, 2, 4], "texture": "#1"},
				"up": {"uv": [4, 1, 6, 2], "texture": "#1"},
				"down": {"uv": [4, 1, 6, 2], "texture": "#1"}
			}
		},
		{
			"name": "octagon",
			"from": [14.34315, 3, -1],
			"to": [17.65685, 5, 0],
			"rotation": {"angle": 45, "axis": "z", "origin": [16, 7, -0.5]},
			"faces": {
				"north": {"uv": [0, 0, 1, 1], "texture": "#1"},
				"east": {"uv": [0, 0, 1, 1], "texture": "#1"},
				"south": {"uv": [0, 0, 1, 1], "texture": "#1"},
				"west": {"uv": [0, 0, 1, 1], "texture": "#1"},
				"up": {"uv": [0, 0, 1, 1], "texture": "#1"},
				"down": {"uv": [0, 0, 1, 1], "texture": "#1"}
			}
		},
		{
			"name": "octagon",
			"from": [14.34315, 3, -1],
			"to": [17.65685, 5, 0],
			"rotation": {"angle": 0, "axis": "z", "origin": [16, 7, -0.5]},
			"faces": {
				"north": {"uv": [0, 0, 1, 1], "texture": "#1"},
				"east": {"uv": [0, 0, 1, 1], "texture": "#1"},
				"south": {"uv": [0, 0, 1, 1], "texture": "#1"},
				"west": {"uv": [0, 0, 1, 1], "texture": "#1"},
				"up": {"uv": [0, 0, 1, 1], "texture": "#1"},
				"down": {"uv": [0, 0, 1, 1], "texture": "#1"}
			}
		},
		{
			"name": "octagon",
			"from": [14.34315, 12, -1],
			"to": [17.65685, 14, 0],
			"rotation": {"angle": 45, "axis": "z", "origin": [16, 10, -0.5]},
			"faces": {
				"north": {"uv": [0, 0, 1, 1], "texture": "#1"},
				"east": {"uv": [0, 0, 1, 1], "texture": "#1"},
				"south": {"uv": [0, 0, 1, 1], "texture": "#1"},
				"west": {"uv": [0, 0, 1, 1], "texture": "#1"},
				"up": {"uv": [0, 0, 1, 1], "texture": "#1"},
				"down": {"uv": [0, 0, 1, 1], "texture": "#1"}
			}
		},
		{
			"name": "octagon",
			"from": [14.34315, 12, -1],
			"to": [17.65685, 14, 0],
			"rotation": {"angle": 0, "axis": "z", "origin": [16, 10, -0.5]},
			"faces": {
				"north": {"uv": [0, 0, 1, 1], "texture": "#1"},
				"east": {"uv": [0, 0, 1, 1], "texture": "#1"},
				"south": {"uv": [0, 0, 1, 1], "texture": "#1"},
				"west": {"uv": [0, 0, 1, 1], "texture": "#1"},
				"up": {"uv": [0, 0, 1, 1], "texture": "#1"},
				"down": {"uv": [0, 0, 1, 1], "texture": "#1"}
			}
		},
		{
			"name": "octagon",
			"from": [12, 5.34315, -1],
			"to": [14, 8.65685, 0],
			"rotation": {"angle": 45, "axis": "z", "origin": [16, 7, -0.5]},
			"faces": {
				"north": {"uv": [0, 0, 1, 1], "texture": "#1"},
				"east": {"uv": [0, 0, 1, 1], "texture": "#1"},
				"south": {"uv": [0, 0, 1, 1], "texture": "#1"},
				"west": {"uv": [0, 0, 1, 1], "texture": "#1"},
				"up": {"uv": [0, 0, 1, 1], "texture": "#1"},
				"down": {"uv": [0, 0, 1, 1], "texture": "#1"}
			}
		},
		{
			"name": "octagon",
			"from": [12, 5.34315, -1],
			"to": [14, 11.65685, 0],
			"rotation": {"angle": 0, "axis": "z", "origin": [16, 8, -0.5]},
			"faces": {
				"north": {"uv": [0, 0, 1, 1], "texture": "#1"},
				"east": {"uv": [0, 0, 1, 1], "texture": "#1"},
				"south": {"uv": [0, 0, 1, 1], "texture": "#1"},
				"west": {"uv": [0, 0, 1, 1], "texture": "#1"},
				"up": {"uv": [0, 0, 1, 1], "texture": "#1"},
				"down": {"uv": [0, 0, 1, 1], "texture": "#1"}
			}
		},
		{
			"name": "octagon",
			"from": [18, 8.34315, -1],
			"to": [20, 11.65685, 0],
			"rotation": {"angle": 45, "axis": "z", "origin": [16, 10, -0.5]},
			"faces": {
				"north": {"uv": [0, 0, 1, 1], "texture": "#1"},
				"east": {"uv": [0, 0, 1, 1], "texture": "#1"},
				"south": {"uv": [0, 0, 1, 1], "texture": "#1"},
				"west": {"uv": [0, 0, 1, 1], "texture": "#1"},
				"up": {"uv": [0, 0, 1, 1], "texture": "#1"},
				"down": {"uv": [0, 0, 1, 1], "texture": "#1"}
			}
		},
		{
			"name": "octagon",
			"from": [18, 5.34315, -1],
			"to": [20, 11.65685, 0],
			"rotation": {"angle": 0, "axis": "z", "origin": [16, 8, -0.5]},
			"faces": {
				"north": {"uv": [0, 0, 1, 1], "texture": "#1"},
				"east": {"uv": [0, 0, 1, 1], "texture": "#1"},
				"south": {"uv": [0, 0, 1, 1], "texture": "#1"},
				"west": {"uv": [0, 0, 1, 1], "texture": "#1"},
				"up": {"uv": [0, 0, 1, 1], "texture": "#1"},
				"down": {"uv": [0, 0, 1, 1], "texture": "#1"}
			}
		},
		{
			"from": [8, 3, -1],
			"to": [10, 14, 0],
			"faces": {
				"north": {"uv": [0, 0, 2, 11], "texture": "#1"},
				"east": {"uv": [0, 0, 1, 11], "texture": "#1"},
				"south": {"uv": [0, 0, 2, 11], "texture": "#1"},
				"west": {"uv": [0, 0, 1, 11], "texture": "#1"},
				"up": {"uv": [0, 0, 2, 1], "texture": "#1"},
				"down": {"uv": [0, 0, 2, 1], "texture": "#1"}
			}
		},
		{
			"from": [3, 3, -1],
			"to": [8, 6, 0],
			"faces": {
				"north": {"uv": [0, 0, 5, 3], "texture": "#1"},
				"east": {"uv": [0, 0, 1, 3], "texture": "#1"},
				"south": {"uv": [0, 0, 5, 3], "texture": "#1"},
				"west": {"uv": [0, 0, 1, 3], "texture": "#1"},
				"up": {"uv": [0, 0, 5, 1], "texture": "#1"},
				"down": {"uv": [0, 0, 5, 1], "texture": "#1"}
			}
		},
		{
			"from": [-0.5, 3, -1],
			"to": [1.5, 14, 0],
			"faces": {
				"north": {"uv": [0, 0, 2, 11], "texture": "#1"},
				"east": {"uv": [0, 0, 1, 11], "texture": "#1"},
				"south": {"uv": [0, 0, 2, 11], "texture": "#1"},
				"west": {"uv": [0, 0, 1, 11], "texture": "#1"},
				"up": {"uv": [0, 0, 2, 1], "texture": "#1"},
				"down": {"uv": [0, 0, 2, 1], "texture": "#1"}
			}
		},
		{
			"from": [-5.5, 3, -1],
			"to": [-0.5, 6, 0],
			"faces": {
				"north": {"uv": [0, 0, 5, 3], "texture": "#1"},
				"east": {"uv": [0, 0, 1, 3], "texture": "#1"},
				"south": {"uv": [0, 0, 5, 3], "texture": "#1"},
				"west": {"uv": [0, 0, 1, 3], "texture": "#1"},
				"up": {"uv": [0, 0, 5, 1], "texture": "#1"},
				"down": {"uv": [0, 0, 5, 1], "texture": "#1"}
			}
		},
		{
			"from": [-8.5, 3, -1],
			"to": [-6.5, 14, 0],
			"faces": {
				"north": {"uv": [0, 0, 2, 11], "texture": "#1"},
				"east": {"uv": [0, 0, 1, 11], "texture": "#1"},
				"south": {"uv": [0, 0, 2, 11], "texture": "#1"},
				"west": {"uv": [0, 0, 1, 11], "texture": "#1"},
				"up": {"uv": [0, 0, 2, 1], "texture": "#1"},
				"down": {"uv": [0, 0, 2, 1], "texture": "#1"}
			}
		},
		{
			"from": [-13.5, 11, -1],
			"to": [-8.5, 14, 0],
			"faces": {
				"north": {"uv": [0, 0, 5, 3], "texture": "#1"},
				"east": {"uv": [0, 0, 1, 3], "texture": "#1"},
				"south": {"uv": [0, 0, 5, 3], "texture": "#1"},
				"west": {"uv": [0, 0, 1, 3], "texture": "#1"},
				"up": {"uv": [0, 0, 5, 1], "texture": "#1"},
				"down": {"uv": [0, 0, 5, 1], "texture": "#1"}
			}
		},
		{
			"from": [-13.5, 7, -1],
			"to": [-8.5, 10, 0],
			"faces": {
				"north": {"uv": [0, 0, 5, 3], "texture": "#1"},
				"east": {"uv": [0, 0, 1, 3], "texture": "#1"},
				"south": {"uv": [0, 0, 5, 3], "texture": "#1"},
				"west": {"uv": [0, 0, 1, 3], "texture": "#1"},
				"up": {"uv": [0, 0, 5, 1], "texture": "#1"},
				"down": {"uv": [0, 0, 5, 1], "texture": "#1"}
			}
		},
		{
			"from": [-13.5, 3, -1],
			"to": [-8.5, 6, 0],
			"faces": {
				"north": {"uv": [0, 0, 5, 3], "texture": "#1"},
				"east": {"uv": [0, 0, 1, 3], "texture": "#1"},
				"south": {"uv": [0, 0, 5, 3], "texture": "#1"},
				"west": {"uv": [0, 0, 1, 3], "texture": "#1"},
				"up": {"uv": [0, 0, 5, 1], "texture": "#1"},
				"down": {"uv": [0, 0, 5, 1], "texture": "#1"}
			}
		}
	],
	"groups": [0,
		{
			"name": "c",
			"origin": [-2.675, 5, 0],
			"color": 0,
			"children": [1, 2, 3, 4, 5, 6, 7]
		},
		{
			"name": "o",
			"origin": [8, 8, 8],
			"color": 0,
			"children": [8, 9, 10, 11, 12, 13, 14, 15]
		},
		{
			"name": "l",
			"origin": [8, 8, 8],
			"color": 0,
			"children": [16, 17]
		},
		{
			"name": "l",
			"origin": [8, 8, 8],
			"color": 0,
			"children": [18, 19]
		},
		{
			"name": "e",
			"origin": [8, 8, 8],
			"color": 0,
			"children": [20, 21, 22, 23]
		}
	]
}