{
	"credit": "Made by lavafoxerex",
	"textures": {
		"0": "rpg/weapon/odachi/iron",
		"particle": "rpg/weapon/odachi/iron"
	},
	"parent": "rpg/weapon/odachi/parent",
	"display": {
		"thirdperson_righthand": {
			"rotation": [0, -9, 14],
			"translation": [-4, 17, 0.25]
		},
		"thirdperson_lefthand": {
			"rotation": [0, -9, 14],
			"translation": [-4, 17, 0.25]
		},
		"firstperson_righthand": {
			"rotation": [-49, 90, 0],
			"translation": [-9, 7.75, -5.75]
		},
		"firstperson_lefthand": {
			"rotation": [-27.75, -90, 0],
			"translation": [0, 1.75, 0.75]
		},
		"ground": {
			"rotation": [0, 0, -90]
		},
		"gui": {
			"rotation": [0, -180, -45],
			"translation": [-0.25, 0, -0.25],
			"scale": [0.45, 0.45, 0.45]
		},
		"head": {
			"rotation": [-61, 90, 0],
			"scale": [4, 4, 4]
		},
		"fixed": {
			"rotation": [0, 0, -45],
			"translation": [0.25, 0, -0.25],
			"scale": [0.55, 0.55, 0.55]
		}
	}
}