{
  "parent": "minecraft:item/template_spawn_egg",
  "overrides": [
      {"predicate": {"custom_model_data":100000}, "model": "furniture/kyc/laptop/0"},
      {"predicate": {"custom_model_data":100001}, "model": "furniture/kyc/laptop/1"},
      {"predicate": {"custom_model_data":100002}, "model": "furniture/kyc/laptop/2"},
      {"predicate": {"custom_model_data":100003}, "model": "furniture/kyc/laptop/3"},
      {"predicate": {"custom_model_data":100004}, "model": "furniture/kyc/laptop/4"},        
      {"predicate": {"custom_model_data":612101}, "model": "gbtan/block/cooling_coil_off"},
      {"predicate": {"custom_model_data":612102}, "model": "gbtan/block/cooling_coil_on"},
      {"predicate": {"custom_model_data":612103}, "model": "gbtan/block/heating_coil_off"},
      {"predicate": {"custom_model_data":612104}, "model": "gbtan/block/heating_coil_on"},
      {"predicate": {"custom_model_data":612201}, "model": "item/gb_drawer_1"},
      {"predicate": {"custom_model_data":612299}, "model": "item/compact_machine"},
      {"predicate": {"custom_model_data":612301}, "model": "spacetech/block/stirling_generator"},
      {"predicate": {"custom_model_data":612302}, "model": "item/energy_bank1"},
      {"predicate": {"custom_model_data":612303}, "model": "item/energy_bank2"},
      {"predicate": {"custom_model_data":612304}, "model": "item/energy_bank3"},
      {"predicate": {"custom_model_data":612305}, "model": "item/energy_bank4"},
      {"predicate": {"custom_model_data":612306}, "model": "item/energy_bank5"},
      {"predicate": {"custom_model_data":612307}, "model": "item/energy_bank6"},
      {"predicate": {"custom_model_data":612308}, "model": "item/energy_bank7"},
      {"predicate": {"custom_model_data":612309}, "model": "item/energy_bank8"},
      {"predicate": {"custom_model_data":612310}, "model": "item/energy_bank9"},
      {"predicate": {"custom_model_data":612312}, "model": "item/oxygen_vent"},
      {"predicate": {"custom_model_data":613000}, "model": "item/gb_crafting"},
      {"predicate": {"custom_model_data":617001}, "model": "spacetech/block/molten_furnace_controller"},
      {"predicate": {"custom_model_data":617002}, "model": "spacetech/block/molten_furnace_output"},
      {"predicate": {"custom_model_data":617003}, "model": "spacetech/block/conduit/item"},
      {"predicate": {"custom_model_data":911001}, "model": "furniture/kyc/studentdesk1"},
      {"predicate": {"custom_model_data":911002}, "model": "furniture/aircon1"},
      {"predicate": {"custom_model_data":911003}, "model": "furniture/kyc/teacherdesk1"},
      {"predicate": {"custom_model_data":911004}, "model": "furniture/kyc/studentchair1"},
      {"predicate": {"custom_model_data":911005}, "model": "furniture/bench/benchoak"},
      {"predicate": {"custom_model_data":911006}, "model": "furniture/bench/benchbirch"},
      {"predicate": {"custom_model_data":911007}, "model": "furniture/bench/benchspruce"},
      {"predicate": {"custom_model_data":911008}, "model": "furniture/bench/benchjungle"},
      {"predicate": {"custom_model_data":911009}, "model": "furniture/bench/benchacacia"},
      {"predicate": {"custom_model_data":911010}, "model": "furniture/bench/benchdarkoak"},
      {"predicate": {"custom_model_data":911011}, "model": "furniture/bench/benchcrimson"},
      {"predicate": {"custom_model_data":911012}, "model": "furniture/bench/benchwarped"},
      {"predicate": {"custom_model_data":911013}, "model": "furniture/barrel1"},
      {"predicate": {"custom_model_data":911014}, "model": "furniture/anvil"},
      {"predicate": {"custom_model_data":911015}, "model": "furniture/rounded_table_1/rounded_table_1_oak"},
      {"predicate": {"custom_model_data":911016}, "model": "furniture/rounded_table_1/rounded_table_1_birch"},
      {"predicate": {"custom_model_data":911017}, "model": "furniture/rounded_table_1/rounded_table_1_spruce"},
      {"predicate": {"custom_model_data":911018}, "model": "furniture/rounded_table_1/rounded_table_1_jungle"},
      {"predicate": {"custom_model_data":911019}, "model": "furniture/rounded_table_1/rounded_table_1_acacia"},
      {"predicate": {"custom_model_data":911020}, "model": "furniture/rounded_table_1/rounded_table_1_darkoak"},
      {"predicate": {"custom_model_data":911021}, "model": "furniture/rounded_table_1/rounded_table_1_crimson"},
      {"predicate": {"custom_model_data":911022}, "model": "furniture/rounded_table_1/rounded_table_1_warped"},
      {"predicate": {"custom_model_data":911023}, "model": "furniture/rounded_table_1/rounded_table_1_stone"},
      {"predicate": {"custom_model_data":911024}, "model": "furniture/rounded_table_1/rounded_table_1_cobblestone"},
      {"predicate": {"custom_model_data":911025}, "model": "furniture/rounded_table_1/rounded_table_1_mossycobblestone"},
      {"predicate": {"custom_model_data":911026}, "model": "furniture/rounded_table_1/rounded_table_1_cutsandstone"},
      {"predicate": {"custom_model_data":911027}, "model": "furniture/rounded_table_1/rounded_table_1_cutredsandstone"},
      {"predicate": {"custom_model_data":911028}, "model": "furniture/rounded_table_1/rounded_table_1_deepslate"},
      {"predicate": {"custom_model_data":911029}, "model": "furniture/rounded_table_1/rounded_table_1_polisheddiorite"},
      {"predicate": {"custom_model_data":911030}, "model": "furniture/rounded_table_1/rounded_table_1_polishedandesite"},
      {"predicate": {"custom_model_data":911031}, "model": "furniture/rounded_table_1/rounded_table_1_polishedgranite"},
      {"predicate": {"custom_model_data":911032}, "model": "furniture/rounded_table_1/rounded_table_1_smoothstone"},
      {"predicate": {"custom_model_data":911033}, "model": "furniture/rounded_table_1/rounded_table_1_polishedblackstone"},
      {"predicate": {"custom_model_data":911034}, "model": "furniture/rounded_table_1/rounded_table_1_stonebricks"},
      {"predicate": {"custom_model_data":911035}, "model": "furniture/rounded_table_1/rounded_table_1_quartz"},
      {"predicate": {"custom_model_data":911036}, "model": "furniture/smithing_table_1"},
      {"predicate": {"custom_model_data":911037}, "model": "furniture/drinks/orange_juice"},
      {"predicate": {"custom_model_data":911038}, "model": "furniture/smithing_table_2"},
      {"predicate": {"custom_model_data":911039}, "model": "furniture/short_bench/short_benchoak"},
      {"predicate": {"custom_model_data":911040}, "model": "furniture/short_bench/short_benchbirch"},
      {"predicate": {"custom_model_data":911041}, "model": "furniture/short_bench/short_benchspruce"},
      {"predicate": {"custom_model_data":911042}, "model": "furniture/short_bench/short_benchjungle"},
      {"predicate": {"custom_model_data":911043}, "model": "furniture/short_bench/short_benchacacia"},
      {"predicate": {"custom_model_data":911044}, "model": "furniture/short_bench/short_benchdarkoak"},
      {"predicate": {"custom_model_data":911045}, "model": "furniture/short_bench/short_benchcrimson"},
      {"predicate": {"custom_model_data":911046}, "model": "furniture/short_bench/short_benchwarped"},
      {"predicate": {"custom_model_data":911047}, "model": "furniture/classic/globe/globe_copper"},
      {"predicate": {"custom_model_data":911048}, "model": "furniture/classic/globe/globe_gold"},
      {"predicate": {"custom_model_data":911049}, "model": "furniture/classic/globe/globe_oxidized_copper"},
      {"predicate": {"custom_model_data":911050}, "model": "furniture/drinks/apple_juice"},
      {"predicate": {"custom_model_data":911051}, "model": "furniture/drinks/lemonade"},
      {"predicate": {"custom_model_data":911052}, "model": "furniture/shelf"},
      {"predicate": {"custom_model_data":911053}, "model": "furniture/crop_plot/oak"},
      {"predicate": {"custom_model_data":911054}, "model": "furniture/crop_plot/birch"},
      {"predicate": {"custom_model_data":911055}, "model": "furniture/crop_plot/spruce"},
      {"predicate": {"custom_model_data":911056}, "model": "furniture/crop_plot/jungle"},
      {"predicate": {"custom_model_data":911057}, "model": "furniture/crop_plot/acacia"},
      {"predicate": {"custom_model_data":911058}, "model": "furniture/crop_plot/darkoak"},
      {"predicate": {"custom_model_data":911059}, "model": "furniture/crop_plot/crimson"},
      {"predicate": {"custom_model_data":911060}, "model": "furniture/crop_plot/warped"},
      {"predicate": {"custom_model_data":911061}, "model": "furniture/crop_plot/stripped/oak"},
      {"predicate": {"custom_model_data":911062}, "model": "furniture/crop_plot/stripped/birch"},
      {"predicate": {"custom_model_data":911063}, "model": "furniture/crop_plot/stripped/spruce"},
      {"predicate": {"custom_model_data":911064}, "model": "furniture/crop_plot/stripped/jungle"},
      {"predicate": {"custom_model_data":911065}, "model": "furniture/crop_plot/stripped/acacia"},
      {"predicate": {"custom_model_data":911066}, "model": "furniture/crop_plot/stripped/darkoak"},
      {"predicate": {"custom_model_data":911067}, "model": "furniture/crop_plot/stripped/crimson"},
      {"predicate": {"custom_model_data":911068}, "model": "furniture/crop_plot/stripped/warped"},
      {"predicate": {"custom_model_data":911069}, "model": "furniture/kyc/locker1"},
      {"predicate": {"custom_model_data":911070}, "model": "furniture/kyc/half_slab/concrete/white"},
      {"predicate": {"custom_model_data":911071}, "model": "furniture/kyc/double_vert_slab/light_blue_terracotta_light_gray_concrete"},
      {"predicate": {"custom_model_data":911072}, "model": "furniture/kyc/ceiling_fan1"},
      {"predicate": {"custom_model_data":911073}, "model": "furniture/kyc/double_student_desk"},
      {"predicate": {"custom_model_data":911074}, "model": "furniture/kyc/electrical_box"},
      {"predicate": {"custom_model_data":911075}, "model": "furniture/kyc/light1"},
      {"predicate": {"custom_model_data":911076}, "model": "furniture/kyc/door_frame"},
      {"predicate": {"custom_model_data":911077}, "model": "furniture/kyc/hallway_wall"},
      {"predicate": {"custom_model_data":911078}, "model": "furniture/kyc/painting1"},
      {"predicate": {"custom_model_data":911079}, "model": "furniture/kyc/painting2"},
      {"predicate": {"custom_model_data":911080}, "model": "furniture/kyc/half_slab/concrete/black"},
      {"predicate": {"custom_model_data":911081}, "model": "furniture/kyc/half_slab/concrete/blue"},
      {"predicate": {"custom_model_data":911082}, "model": "furniture/kyc/half_slab/concrete/brown"},
      {"predicate": {"custom_model_data":911083}, "model": "furniture/kyc/half_slab/concrete/cyan"},
      {"predicate": {"custom_model_data":911084}, "model": "furniture/kyc/half_slab/concrete/gray"},
      {"predicate": {"custom_model_data":911085}, "model": "furniture/kyc/half_slab/concrete/green"},
      {"predicate": {"custom_model_data":911086}, "model": "furniture/kyc/half_slab/concrete/light_blue"},
      {"predicate": {"custom_model_data":911087}, "model": "furniture/kyc/half_slab/concrete/light_gray"},
      {"predicate": {"custom_model_data":911088}, "model": "furniture/kyc/half_slab/concrete/lime"},
      {"predicate": {"custom_model_data":911089}, "model": "furniture/kyc/half_slab/concrete/magenta"},
      {"predicate": {"custom_model_data":911090}, "model": "furniture/kyc/half_slab/concrete/orange"},
      {"predicate": {"custom_model_data":911091}, "model": "furniture/kyc/half_slab/concrete/pink"},
      {"predicate": {"custom_model_data":911092}, "model": "furniture/kyc/half_slab/concrete/purple"},
      {"predicate": {"custom_model_data":911093}, "model": "furniture/kyc/half_slab/concrete/red"},
      {"predicate": {"custom_model_data":911094}, "model": "furniture/kyc/half_slab/concrete/white"},
      {"predicate": {"custom_model_data":911095}, "model": "furniture/kyc/half_slab/concrete/yellow"},
      {"predicate": {"custom_model_data":911096}, "model": "furniture/kyc/half_slab/terracotta/black"},
      {"predicate": {"custom_model_data":911097}, "model": "furniture/kyc/half_slab/terracotta/blue"},
      {"predicate": {"custom_model_data":911098}, "model": "furniture/kyc/half_slab/terracotta/brown"},
      {"predicate": {"custom_model_data":911099}, "model": "furniture/kyc/half_slab/terracotta/cyan"},
      {"predicate": {"custom_model_data":911100}, "model": "furniture/kyc/half_slab/terracotta/gray"},
      {"predicate": {"custom_model_data":911101}, "model": "furniture/kyc/half_slab/terracotta/green"},
      {"predicate": {"custom_model_data":911102}, "model": "furniture/kyc/half_slab/terracotta/light_blue"},
      {"predicate": {"custom_model_data":911103}, "model": "furniture/kyc/half_slab/terracotta/light_gray"},
      {"predicate": {"custom_model_data":911104}, "model": "furniture/kyc/half_slab/terracotta/lime"},
      {"predicate": {"custom_model_data":911105}, "model": "furniture/kyc/half_slab/terracotta/magenta"},
      {"predicate": {"custom_model_data":911106}, "model": "furniture/kyc/half_slab/terracotta/orange"},
      {"predicate": {"custom_model_data":911107}, "model": "furniture/kyc/half_slab/terracotta/pink"},
      {"predicate": {"custom_model_data":911108}, "model": "furniture/kyc/half_slab/terracotta/purple"},
      {"predicate": {"custom_model_data":911109}, "model": "furniture/kyc/half_slab/terracotta/red"},
      {"predicate": {"custom_model_data":911110}, "model": "furniture/kyc/half_slab/terracotta/white"},
      {"predicate": {"custom_model_data":911111}, "model": "furniture/kyc/half_slab/terracotta/yellow"},
      {"predicate": {"custom_model_data":911112}, "model": "furniture/kyc/ccckyc_name/blank"},
      {"predicate": {"custom_model_data":911113}, "model": "furniture/kyc/ccckyc_name/ccc"},
      {"predicate": {"custom_model_data":911114}, "model": "furniture/kyc/ccckyc_name/colle"},
      {"predicate": {"custom_model_data":911115}, "model": "furniture/kyc/ccckyc_name/ge"},
      {"predicate": {"custom_model_data":911116}, "model": "furniture/kyc/ccckyc_name/kei"},
      {"predicate": {"custom_model_data":911117}, "model": "furniture/kyc/ccckyc_name/yuen"},
      {"predicate": {"custom_model_data":911118}, "model": "furniture/kyc/large_glass_door/glass_panea"},
      {"predicate": {"custom_model_data":911119}, "model": "furniture/kyc/large_glass_door/glass_panea_w_handle"},
      {"predicate": {"custom_model_data":911120}, "model": "furniture/kyc/large_glass_door/glass_paneb"},
      {"predicate": {"custom_model_data":911121}, "model": "furniture/kyc/large_glass_door/glass_panec"},
      {"predicate": {"custom_model_data":911122}, "model": "furniture/kyc/stair_handrail"},
      {"predicate": {"custom_model_data":911123}, "model": "furniture/kyc/stair_handrail_half"},
      {"predicate": {"custom_model_data":911124}, "model": "furniture/kyc/half_slab/moss_block"},
      {"predicate": {"custom_model_data":911125}, "model": "furniture/kyc/white_fence"},
      {"predicate": {"custom_model_data":911126}, "model": "furniture/kyc/card_reader"},
      {"predicate": {"custom_model_data":911127}, "model": "furniture/kyc/windows/hall_window_side"},
      {"predicate": {"custom_model_data":911128}, "model": "furniture/kyc/double_student_desk_middle"},
      {"predicate": {"custom_model_data":911129}, "model": "furniture/kyc/blackboard_left"},
      {"predicate": {"custom_model_data":911130}, "model": "furniture/kyc/blackboard_right"},
      {"predicate": {"custom_model_data":911131}, "model": "furniture/kyc/table_in_covered_playground"},
      {"predicate": {"custom_model_data":911132}, "model": "furniture/classic/misc/rubbish_bin"},
      {"predicate": {"custom_model_data":911133}, "model": "furniture/classic/misc/drinking_machine"},
      {"predicate": {"custom_model_data":911134}, "model": "furniture/classic/misc/long_bench"},
      {"predicate": {"custom_model_data":911135}, "model": "furniture/kyc/information_board"},
      {"predicate": {"custom_model_data":911136}, "model": "furniture/classic/misc/fridge"},
      {"predicate": {"custom_model_data":911137}, "model": "furniture/kyc/yellow_gray_couch"},
      {"predicate": {"custom_model_data":911138}, "model": "furniture/kyc/tables/staff_table"},
      {"predicate": {"custom_model_data":911139}, "model": "furniture/classic/misc/microwave_oven"},
      {"predicate": {"custom_model_data":911140}, "model": "furniture/kyc/pipe_outside_hall"},
      {"predicate": {"custom_model_data":911141}, "model": "furniture/kyc/pipe_into_hall"},
      {"predicate": {"custom_model_data":911142}, "model": "furniture/kyc/pipe_outside_hall_2"},
      {"predicate": {"custom_model_data":911143}, "model": "furniture/kyc/pipe_into_hall_2"},
      {"predicate": {"custom_model_data":911144}, "model": "furniture/kyc/handle"},
      {"predicate": {"custom_model_data":911145}, "model": "furniture/kyc/horizontal_handle"},
      {"predicate": {"custom_model_data":911146}, "model": "furniture/kyc/whiteboard_left"},
      {"predicate": {"custom_model_data":911147}, "model": "furniture/kyc/whiteboard_right"},
      {"predicate": {"custom_model_data":911148}, "model": "furniture/kyc/table_in_va"},
      {"predicate": {"custom_model_data":911149}, "model": "furniture/kyc/va/sink_with_cabinet"},
      {"predicate": {"custom_model_data":911150}, "model": "furniture/kyc/va/cabinet"},
      {"predicate": {"custom_model_data":911151}, "model": "furniture/classic/misc/rubbish_bin_yellow"},
      {"predicate": {"custom_model_data":912011}, "model": "furniture/stone_path_1"},
      {"predicate": {"custom_model_data":912012}, "model": "furniture/stone_path_2"},
      {"predicate": {"custom_model_data":912013}, "model": "furniture/stone_path_3"},
      {"predicate": {"custom_model_data":912014}, "model": "furniture/stone_path_4"},
      {"predicate": {"custom_model_data":913012}, "model": "furniture/magic_carpet"},
      {"predicate": {"custom_model_data":1000001}, "model": "custom/item_frame_block/wallpaper/blue_paint"},
      {"predicate": {"custom_model_data":1000002}, "model": "custom/item_frame_block/wallpaper/light_blue_paint"},
      {"predicate": {"custom_model_data":1000003}, "model": "custom/item_frame_block/wallpaper/white_paint"},
      {"predicate": {"custom_model_data":1000011}, "model": "custom/item_frame_block/large_wallpaper/blue_paint"},
      {"predicate": {"custom_model_data":1000012}, "model": "custom/item_frame_block/large_wallpaper/light_blue_paint"},
      {"predicate": {"custom_model_data":1000013}, "model": "custom/item_frame_block/large_wallpaper/white_paint"}
  ]
}