{
	"parent": "item_frame_block",
	"texture_size": [48, 48],
	"textures": {
		"2": "furniture/misc/large_glass_door/glass_panea",
		"3": "furniture/misc/large_glass_door/iron_block_4848",
		"particle": "block/glass"
	},
	"elements": [
		{
			"from": [1, -15, 7],
			"to": [14, 31, 9],
			"faces": {
				"north": {"uv": [0, 0, 4.33333, 15.33333], "texture": "#2"},
				"east": {"uv": [0, 0, 2, 16], "texture": "#missing"},
				"south": {"uv": [0, 0, 4.33333, 15.33333], "texture": "#2"},
				"west": {"uv": [0, 0, 2, 16], "texture": "#missing"},
				"up": {"uv": [0, 0, 14, 2], "texture": "#missing"},
				"down": {"uv": [0, 0, 14, 2], "texture": "#missing"}
			}
		},
		{
			"from": [14, -15, 6],
			"to": [16, 31, 10],
			"faces": {
				"north": {"uv": [0, 0, 0.66667, 15.33333], "texture": "#3"},
				"east": {"uv": [0.33333, 0.33333, 1.66667, 15.66667], "texture": "#3"},
				"south": {"uv": [0, 0, 0.66667, 15.33333], "texture": "#3"},
				"west": {"uv": [0, 0, 1.33333, 15.33333], "texture": "#3"},
				"up": {"uv": [0, 0, 0.66667, 1.33333], "texture": "#3"},
				"down": {"uv": [0, 0, 0.66667, 1.33333], "texture": "#3"}
			}
		},
		{
			"from": [0, -15, 6],
			"to": [1, 31, 10],
			"faces": {
				"north": {"uv": [0, 0, 0.33333, 15.33333], "texture": "#3"},
				"east": {"uv": [0, 0, 1.33333, 15.33333], "texture": "#3"},
				"south": {"uv": [0, 0, 0.33333, 15.33333], "texture": "#3"},
				"west": {"uv": [0.33333, 0.33333, 1.66667, 15.66667], "texture": "#3"},
				"up": {"uv": [0, 0, 0.33333, 1.33333], "texture": "#3"},
				"down": {"uv": [0, 0, 0.33333, 1.33333], "texture": "#3"}
			}
		},
		{
			"from": [0, -16, 6],
			"to": [16, -15, 10],
			"faces": {
				"north": {"uv": [0, 0, 5.33333, 0.33333], "texture": "#3"},
				"east": {"uv": [0, 0, 1.33333, 0.33333], "texture": "#3"},
				"south": {"uv": [0, 0, 5.33333, 0.33333], "texture": "#3"},
				"west": {"uv": [0, 0, 1.33333, 0.33333], "texture": "#3"},
				"up": {"uv": [0, 0, 5.33333, 1.33333], "texture": "#3"},
				"down": {"uv": [0, 0, 5.33333, 1.33333], "texture": "#3"}
			}
		},
		{
			"from": [0, 31, 6],
			"to": [16, 32, 10],
			"faces": {
				"north": {"uv": [0, 0, 5.33333, 0.33333], "texture": "#3"},
				"east": {"uv": [0, 0, 1.33333, 0.33333], "texture": "#3"},
				"south": {"uv": [0, 0, 5.33333, 0.33333], "texture": "#3"},
				"west": {"uv": [0, 0, 1.33333, 0.33333], "texture": "#3"},
				"up": {"uv": [0.33333, 0.33333, 5.66667, 1.66667], "texture": "#3"},
				"down": {"uv": [0, 0, 5.33333, 1.33333], "texture": "#3"}
			}
		},
		{
			"from": [14.2, 13, 10],
			"to": [15.8, 15, 15],
			"rotation": {"angle": 0, "axis": "y", "origin": [13.4, 8, 13.4]},
			"faces": {
				"north": {"uv": [0, 0, 0.66667, 0.66667], "texture": "#3"},
				"east": {"uv": [0, 0, 1.66667, 0.66667], "texture": "#3"},
				"south": {"uv": [0, 0, 0.66667, 0.66667], "texture": "#3"},
				"west": {"uv": [0, 0, 1.66667, 0.66667], "texture": "#3"},
				"up": {"uv": [0, 0, 0.66667, 1.66667], "texture": "#3"},
				"down": {"uv": [0, 0, 0.66667, 1.66667], "texture": "#3"}
			}
		},
		{
			"from": [14.2, 1, 10],
			"to": [15.8, 3, 15],
			"rotation": {"angle": 0, "axis": "y", "origin": [13.4, 8, 13.4]},
			"faces": {
				"north": {"uv": [0, 0, 0.66667, 0.66667], "texture": "#3"},
				"east": {"uv": [0, 0, 1.66667, 0.66667], "texture": "#3"},
				"south": {"uv": [0, 0, 0.66667, 0.66667], "texture": "#3"},
				"west": {"uv": [0, 0, 1.66667, 0.66667], "texture": "#3"},
				"up": {"uv": [0, 0, 0.66667, 1.66667], "texture": "#3"},
				"down": {"uv": [0, 0, 0.66667, 1.66667], "texture": "#3"}
			}
		},
		{
			"from": [11.2, 13, 13],
			"to": [14.2, 15, 15],
			"rotation": {"angle": 0, "axis": "y", "origin": [13.4, 8, 13.4]},
			"faces": {
				"north": {"uv": [0, 0, 1, 0.66667], "texture": "#3"},
				"east": {"uv": [0, 0, 0.66667, 0.66667], "texture": "#3"},
				"south": {"uv": [0, 0, 1, 0.66667], "texture": "#3"},
				"west": {"uv": [0, 0, 0.66667, 0.66667], "texture": "#3"},
				"up": {"uv": [0, 0, 0.66667, 1], "rotation": 270, "texture": "#3"},
				"down": {"uv": [0, 0, 0.66667, 1], "rotation": 90, "texture": "#3"}
			}
		},
		{
			"from": [11.2, 3, 13],
			"to": [13.2, 13, 15],
			"rotation": {"angle": 0, "axis": "y", "origin": [13.4, 8, 13.4]},
			"faces": {
				"north": {"uv": [0, 0, 0.66667, 3.33333], "texture": "#3"},
				"east": {"uv": [0, 0, 0.66667, 3.33333], "texture": "#3"},
				"south": {"uv": [0, 0, 0.66667, 3.33333], "texture": "#3"},
				"west": {"uv": [0, 0, 0.66667, 3.33333], "texture": "#3"},
				"up": {"uv": [0, 0, 0.66667, 0.66667], "rotation": 270, "texture": "#3"},
				"down": {"uv": [0, 0, 0.66667, 0.66667], "rotation": 90, "texture": "#3"}
			}
		},
		{
			"from": [11.2, 1, 13],
			"to": [14.2, 3, 15],
			"rotation": {"angle": 0, "axis": "y", "origin": [13.4, 8, 13.4]},
			"faces": {
				"north": {"uv": [0, 0, 1, 0.66667], "texture": "#3"},
				"east": {"uv": [0, 0, 0.66667, 0.66667], "texture": "#3"},
				"south": {"uv": [0, 0, 1, 0.66667], "texture": "#3"},
				"west": {"uv": [0, 0, 0.66667, 0.66667], "texture": "#3"},
				"up": {"uv": [0, 0, 0.66667, 1], "rotation": 270, "texture": "#3"},
				"down": {"uv": [0, 0, 0.66667, 1], "rotation": 90, "texture": "#3"}
			}
		},
		{
			"from": [14.2, 13, 1],
			"to": [15.8, 15, 6],
			"rotation": {"angle": 0, "axis": "y", "origin": [13.4, 8, 2.6]},
			"faces": {
				"north": {"uv": [0.66667, 0, 0, 0.66667], "texture": "#3"},
				"east": {"uv": [1.66667, 0, 0, 0.66667], "texture": "#3"},
				"south": {"uv": [0.66667, 0, 0, 0.66667], "texture": "#3"},
				"west": {"uv": [1.66667, 0, 0, 0.66667], "texture": "#3"},
				"up": {"uv": [0, 1.66667, 0.66667, 0], "texture": "#3"},
				"down": {"uv": [0, 1.66667, 0.66667, 0], "texture": "#3"}
			}
		},
		{
			"from": [14.2, 1, 1],
			"to": [15.8, 3, 6],
			"rotation": {"angle": 0, "axis": "y", "origin": [13.4, 8, 2.6]},
			"faces": {
				"north": {"uv": [0.66667, 0, 0, 0.66667], "texture": "#3"},
				"east": {"uv": [1.66667, 0, 0, 0.66667], "texture": "#3"},
				"south": {"uv": [0.66667, 0, 0, 0.66667], "texture": "#3"},
				"west": {"uv": [1.66667, 0, 0, 0.66667], "texture": "#3"},
				"up": {"uv": [0, 1.66667, 0.66667, 0], "texture": "#3"},
				"down": {"uv": [0, 1.66667, 0.66667, 0], "texture": "#3"}
			}
		},
		{
			"from": [11.2, 13, 1],
			"to": [14.2, 15, 3],
			"rotation": {"angle": 0, "axis": "y", "origin": [13.4, 8, 2.6]},
			"faces": {
				"north": {"uv": [1, 0, 0, 0.66667], "texture": "#3"},
				"east": {"uv": [0.66667, 0, 0, 0.66667], "texture": "#3"},
				"south": {"uv": [1, 0, 0, 0.66667], "texture": "#3"},
				"west": {"uv": [0.66667, 0, 0, 0.66667], "texture": "#3"},
				"up": {"uv": [0.66667, 0, 0, 1], "rotation": 270, "texture": "#3"},
				"down": {"uv": [0.66667, 0, 0, 1], "rotation": 90, "texture": "#3"}
			}
		},
		{
			"from": [11.2, 3, 1],
			"to": [13.2, 13, 3],
			"rotation": {"angle": 0, "axis": "y", "origin": [13.4, 8, 2.6]},
			"faces": {
				"north": {"uv": [0.66667, 0, 0, 3.33333], "texture": "#3"},
				"east": {"uv": [0.66667, 0, 0, 3.33333], "texture": "#3"},
				"south": {"uv": [0.66667, 0, 0, 3.33333], "texture": "#3"},
				"west": {"uv": [0.66667, 0, 0, 3.33333], "texture": "#3"},
				"up": {"uv": [0.66667, 0, 0, 0.66667], "rotation": 270, "texture": "#3"},
				"down": {"uv": [0.66667, 0, 0, 0.66667], "rotation": 90, "texture": "#3"}
			}
		},
		{
			"from": [11.2, 1, 1],
			"to": [14.2, 3, 3],
			"rotation": {"angle": 0, "axis": "y", "origin": [13.4, 8, 2.6]},
			"faces": {
				"north": {"uv": [1, 0, 0, 0.66667], "texture": "#3"},
				"east": {"uv": [0.66667, 0, 0, 0.66667], "texture": "#3"},
				"south": {"uv": [1, 0, 0, 0.66667], "texture": "#3"},
				"west": {"uv": [0.66667, 0, 0, 0.66667], "texture": "#3"},
				"up": {"uv": [0.66667, 0, 0, 1], "rotation": 270, "texture": "#3"},
				"down": {"uv": [0.66667, 0, 0, 1], "rotation": 90, "texture": "#3"}
			}
		}
	],
	"groups": [0,
		{
			"name": "group",
			"origin": [0, 0, 0],
			"color": 0,
			"children": [1, 2, 3, 4]
		},
		{
			"name": "group",
			"origin": [0, 0, 0],
			"color": 0,
			"children": [5, 6, 7, 8, 9]
		},
		{
			"name": "group",
			"origin": [0, 0, 0],
			"color": 0,
			"children": [10, 11, 12, 13, 14]
		}
	]
}