{
	"credit": "Made by lavafoxerex",
	"textures": {
		"0": "rpg/weapon/odachi/iron",
		"particle": "rpg/weapon/odachi/iron"
	},
	"elements": [
		{
			"from": [7.55, -14.5, 7.55],
			"to": [8.45, -0.5, 8.45],
			"rotation": {"angle": 45, "axis": "y", "origin": [8, 0, 8]},
			"faces": {
				"north": {"uv": [5, 0, 5.9, 14], "texture": "#0"},
				"east": {"uv": [5, 0, 5.9, 14], "texture": "#0"},
				"south": {"uv": [5, 0, 5.9, 14], "texture": "#0"},
				"west": {"uv": [5, 0, 5.9, 14], "texture": "#0"},
				"up": {"uv": [6, 0, 6.9, 0.9], "texture": "#0"},
				"down": {"uv": [6, 0, 6.9, 0.9], "texture": "#0"}
			}
		},
		{
			"from": [7.5, -15.25, 7.5],
			"to": [8.5, -14.5, 8.5],
			"rotation": {"angle": 45, "axis": "y", "origin": [8, -14.875, 8]},
			"faces": {
				"north": {"uv": [2, 0, 4, 1.5], "texture": "#0"},
				"east": {"uv": [2, 0, 4, 1.5], "texture": "#0"},
				"south": {"uv": [2, 0, 4, 1.5], "texture": "#0"},
				"west": {"uv": [2, 0, 4, 1.5], "texture": "#0"},
				"up": {"uv": [6, 0, 7, 1], "texture": "#0"},
				"down": {"uv": [6, 0, 7, 1], "texture": "#0"}
			}
		},
		{
			"from": [7.4, 0, 7.65],
			"to": [8.6, 0.5, 8.35],
			"rotation": {"angle": 0, "axis": "y", "origin": [8, 7, 8]},
			"faces": {
				"north": {"uv": [2, 0, 4, 1.5], "texture": "#0"},
				"east": {"uv": [2.5, 0, 4, 1.5], "texture": "#0"},
				"south": {"uv": [2, 0, 4, 1.5], "texture": "#0"},
				"west": {"uv": [2, 0, 3.5, 1.5], "texture": "#0"},
				"up": {"uv": [2, 1, 3.2, 1.7], "texture": "#0"},
				"down": {"uv": [2, 1, 3.2, 1.7], "texture": "#0"}
			}
		},
		{
			"from": [7.5, 20.5, 7.75],
			"to": [8.5, 30.5, 8.25],
			"rotation": {"angle": 0, "axis": "y", "origin": [8, 7.5, 8]},
			"faces": {
				"north": {"uv": [0, 0, 1, 10], "texture": "#0"},
				"east": {"uv": [1.5, 0, 2, 10], "texture": "#0"},
				"south": {"uv": [1, 0, 2, 10], "texture": "#0"},
				"west": {"uv": [0.5, 0, 1, 10], "texture": "#0"},
				"up": {"uv": [0, 0, 1, 0.5], "texture": "#0"},
				"down": {"uv": [1, 0, 2, 0.5], "texture": "#0"}
			}
		},
		{
			"from": [7.5, 10.5, 7.75],
			"to": [8.5, 20.5, 8.25],
			"rotation": {"angle": 0, "axis": "y", "origin": [8, 7, 8]},
			"faces": {
				"north": {"uv": [0, 0, 1, 10], "texture": "#0"},
				"east": {"uv": [1.5, 0, 2, 10], "texture": "#0"},
				"south": {"uv": [1, 0, 2, 10], "texture": "#0"},
				"west": {"uv": [0.5, 0, 1, 10], "texture": "#0"},
				"up": {"uv": [0, 0, 1, 0.5], "texture": "#0"},
				"down": {"uv": [1, 0, 2, 0.5], "texture": "#0"}
			}
		},
		{
			"from": [7.5, 0.5, 7.75],
			"to": [8.5, 10.5, 8.25],
			"rotation": {"angle": 0, "axis": "y", "origin": [8, 7, 8]},
			"faces": {
				"north": {"uv": [0, 0, 1, 10], "texture": "#0"},
				"east": {"uv": [1.5, 0, 2, 10], "texture": "#0"},
				"south": {"uv": [1, 0, 2, 10], "texture": "#0"},
				"west": {"uv": [0.5, 0, 1, 10], "texture": "#0"},
				"up": {"uv": [0, 0, 1, 0.5], "texture": "#0"},
				"down": {"uv": [1, 0, 2, 0.5], "texture": "#0"}
			}
		},
		{
			"name": "octagon",
			"from": [7.5, 30.4875, 7.75],
			"to": [7.8392, 31.1625, 8.25],
			"rotation": {"angle": 0, "axis": "y", "origin": [7.5, 30.1, 8]},
			"faces": {
				"north": {"uv": [0, 0, 0.3392, 0.675], "texture": "#0"},
				"east": {"uv": [0, 0, 0.5, 0.675], "texture": "#0"},
				"south": {"uv": [0, 0, 0.3392, 0.675], "texture": "#0"},
				"west": {"uv": [0.5, 0, 1, 0.675], "texture": "#0"},
				"up": {"uv": [0, 0, 0.3392, 0.5], "texture": "#0"},
				"down": {"uv": [0.5, 0, 0.8392, 0.5], "texture": "#0"}
			}
		},
		{
			"name": "octagon",
			"from": [8.025, 29.6733, 7.75],
			"to": [8.5, 30.60173, 8.25],
			"rotation": {"angle": 45, "axis": "z", "origin": [7.5, 30.0875, 8]},
			"faces": {
				"north": {"uv": [0, 0, 0.475, 0.92843], "texture": "#0"},
				"east": {"uv": [0, 0, 0.5, 0.92843], "texture": "#0"},
				"south": {"uv": [0, 0, 0.475, 0.92843], "texture": "#0"},
				"west": {"uv": [0.5, 0, 1, 0.92843], "texture": "#0"},
				"up": {"uv": [0, 0, 0.475, 0.5], "texture": "#0"},
				"down": {"uv": [0.5, 0, 0.975, 0.5], "texture": "#0"}
			}
		},
		{
			"name": "octagon",
			"from": [7.37868, -0.5, 6.5],
			"to": [8.62132, 0, 6.6],
			"display_frame": "TWFkZSBieSBMYXZhZm94ZXJleA==",
			"rotation": {"angle": 45, "axis": "y", "origin": [8, -0.25, 8]},
			"faces": {
				"north": {"uv": [2, 0, 4, 1.5], "texture": "#0"},
				"east": {"uv": [2, 0, 3, 1.5], "texture": "#0"},
				"south": {"uv": [2, 0, 4, 1.5], "texture": "#0"},
				"west": {"uv": [2, 0, 3, 1.5], "texture": "#0"},
				"up": {"uv": [2, 0, 3.24264, 0.1], "texture": "#0"},
				"down": {"uv": [2, 1.5, 3.24264, 1.6], "texture": "#0"}
			}
		},
		{
			"name": "octagon",
			"from": [7.37868, -0.5, 6.5],
			"to": [8.62132, 0, 6.6],
			"rotation": {"angle": 0, "axis": "y", "origin": [8, -0.25, 8]},
			"faces": {
				"north": {"uv": [2, 0, 4, 1.5], "texture": "#0"},
				"east": {"uv": [2, 0, 3, 1.5], "texture": "#0"},
				"south": {"uv": [2, 0, 4, 1.5], "texture": "#0"},
				"west": {"uv": [2, 0, 3, 1.5], "texture": "#0"},
				"up": {"uv": [2, 1.5, 3.24264, 1.6], "texture": "#0"},
				"down": {"uv": [2, 1.5, 3.24264, 1.6], "texture": "#0"}
			}
		},
		{
			"name": "octagon",
			"from": [7.37868, -0.5, 9.4],
			"to": [8.62132, 0, 9.5],
			"rotation": {"angle": 45, "axis": "y", "origin": [8, -0.25, 8]},
			"faces": {
				"north": {"uv": [2, 0, 4, 1.5], "texture": "#0"},
				"east": {"uv": [2, 0, 3, 1.5], "texture": "#0"},
				"south": {"uv": [2, 0, 4, 1.5], "texture": "#0"},
				"west": {"uv": [2, 0, 3, 1.5], "texture": "#0"},
				"up": {"uv": [2, 1.5, 3.24264, 1.6], "texture": "#0"},
				"down": {"uv": [2, 1.5, 3.24264, 1.6], "texture": "#0"}
			}
		},
		{
			"name": "octagon",
			"from": [7.37868, -0.5, 9.4],
			"to": [8.62132, 0, 9.5],
			"rotation": {"angle": 0, "axis": "y", "origin": [8, -0.25, 8]},
			"faces": {
				"north": {"uv": [2, 0, 4, 1.5], "texture": "#0"},
				"east": {"uv": [2, 0, 3, 1.5], "texture": "#0"},
				"south": {"uv": [2, 0, 4, 1.5], "texture": "#0"},
				"west": {"uv": [2, 0, 3, 1.5], "texture": "#0"},
				"up": {"uv": [2, 1.5, 3.24264, 1.6], "texture": "#0"},
				"down": {"uv": [2, 1.5, 3.24264, 1.6], "texture": "#0"}
			}
		},
		{
			"name": "octagon",
			"from": [6.5, -0.5, 7.37868],
			"to": [6.6, 0, 8.62132],
			"rotation": {"angle": 45, "axis": "y", "origin": [8, -0.25, 8]},
			"faces": {
				"north": {"uv": [2, 0, 3, 1.5], "texture": "#0"},
				"east": {"uv": [2, 0, 4, 1.5], "texture": "#0"},
				"south": {"uv": [2, 0, 3, 1.5], "texture": "#0"},
				"west": {"uv": [2, 0, 4, 1.5], "texture": "#0"},
				"up": {"uv": [2, 1.5, 2.1, 2.74264], "texture": "#0"},
				"down": {"uv": [2, 1.5, 2.1, 2.74264], "texture": "#0"}
			}
		},
		{
			"name": "octagon",
			"from": [6.5, -0.5, 7.37868],
			"to": [6.6, 0, 8.62132],
			"rotation": {"angle": 0, "axis": "y", "origin": [8, -0.25, 8]},
			"faces": {
				"north": {"uv": [2, 0, 2.1, 0.5], "texture": "#0"},
				"east": {"uv": [2, 0, 4, 1.5], "texture": "#0"},
				"south": {"uv": [0, 0, 0.1, 0.5], "texture": "#0"},
				"west": {"uv": [2, 0, 4, 1.5], "texture": "#0"},
				"up": {"uv": [2, 1.5, 2.1, 2.74264], "texture": "#0"},
				"down": {"uv": [2, 1.5, 2.1, 2.74264], "texture": "#0"}
			}
		},
		{
			"name": "octagon",
			"from": [9.4, -0.5, 7.37868],
			"to": [9.5, 0, 8.62132],
			"rotation": {"angle": 45, "axis": "y", "origin": [8, -0.25, 8]},
			"faces": {
				"north": {"uv": [2, 0, 3, 1.5], "texture": "#0"},
				"east": {"uv": [2, 0, 4, 1.5], "texture": "#0"},
				"south": {"uv": [2, 0, 3, 1.5], "texture": "#0"},
				"west": {"uv": [2, 0, 4, 1.5], "texture": "#0"},
				"up": {"uv": [2, 1.5, 2.1, 2.74264], "texture": "#0"},
				"down": {"uv": [2, 1.5, 2.1, 2.74264], "texture": "#0"}
			}
		},
		{
			"name": "octagon",
			"from": [9.4, -0.5, 7.37868],
			"to": [9.5, 0, 8.62132],
			"rotation": {"angle": 0, "axis": "y", "origin": [8, -0.25, 8]},
			"faces": {
				"north": {"uv": [2, 0, 3, 1.5], "texture": "#0"},
				"east": {"uv": [2, 0, 4, 1.5], "texture": "#0"},
				"south": {"uv": [2, 0, 3, 1.5], "texture": "#0"},
				"west": {"uv": [2, 0, 4, 1.5], "texture": "#0"},
				"up": {"uv": [2, 1.5, 2.1, 2.74264], "texture": "#0"},
				"down": {"uv": [2, 1.5, 2.1, 2.74264], "texture": "#0"}
			}
		},
		{
			"name": "octagon",
			"from": [7.68934, -0.5, 7.25],
			"to": [8.31066, 0, 8.75],
			"rotation": {"angle": 45, "axis": "y", "origin": [8, -0.25, 8]},
			"faces": {
				"north": {"uv": [2, 1, 2.62132, 1.5], "texture": "#0"},
				"east": {"uv": [2, 0, 3.5, 0.5], "texture": "#0"},
				"south": {"uv": [2, 1, 2.62132, 1.5], "texture": "#0"},
				"west": {"uv": [2, 0, 3.5, 0.5], "texture": "#0"},
				"up": {"uv": [2, 1.5, 2.62132, 3], "texture": "#0"},
				"down": {"uv": [2, 1.5, 2.62132, 3], "texture": "#0"}
			}
		},
		{
			"name": "octagon",
			"from": [7.68934, -0.5, 7.25],
			"to": [8.31066, 0, 8.75],
			"rotation": {"angle": 0, "axis": "y", "origin": [8, -0.25, 8]},
			"faces": {
				"north": {"uv": [2, 1, 2.62132, 1.5], "texture": "#0"},
				"east": {"uv": [2, 0, 3.5, 0.5], "texture": "#0"},
				"south": {"uv": [2, 1, 2.62132, 1.5], "texture": "#0"},
				"west": {"uv": [2, 0, 3.5, 0.5], "texture": "#0"},
				"up": {"uv": [2, 1.5, 2.62132, 3], "texture": "#0"},
				"down": {"uv": [2, 1.5, 2.62132, 3], "texture": "#0"}
			}
		},
		{
			"name": "octagon",
			"from": [7.25, -0.5, 7.68934],
			"to": [8.75, 0, 8.31066],
			"rotation": {"angle": 45, "axis": "y", "origin": [8, -0.25, 8]},
			"faces": {
				"north": {"uv": [2.5, 0.5, 4, 1], "texture": "#0"},
				"east": {"uv": [2, 0, 2.62132, 0.5], "texture": "#0"},
				"south": {"uv": [2.5, 0.5, 4, 1], "texture": "#0"},
				"west": {"uv": [2, 0, 2.62132, 0.5], "texture": "#0"},
				"up": {"uv": [2, 1.5, 3.5, 2.12132], "texture": "#0"},
				"down": {"uv": [2, 1.5, 3.5, 2.12132], "texture": "#0"}
			}
		},
		{
			"name": "octagon",
			"from": [7.25, -0.5, 7.68934],
			"to": [8.75, 0, 8.31066],
			"rotation": {"angle": 0, "axis": "y", "origin": [8, -0.25, 8]},
			"faces": {
				"north": {"uv": [2.5, 0.5, 4, 1], "texture": "#0"},
				"east": {"uv": [2, 0, 2.62132, 0.5], "texture": "#0"},
				"south": {"uv": [2.5, 0.5, 4, 1], "texture": "#0"},
				"west": {"uv": [2, 0, 2.62132, 0.5], "texture": "#0"},
				"up": {"uv": [2, 1.5, 3.5, 2.12132], "texture": "#0"},
				"down": {"uv": [2, 1.5, 3.5, 2.12132], "texture": "#0"}
			}
		},
		{
			"name": "octagon",
			"from": [7.4201, -0.3, 6.6],
			"to": [8.5799, -0.2, 9.4],
			"rotation": {"angle": 45, "axis": "y", "origin": [8, -0.25, 8]},
			"faces": {
				"north": {"uv": [2, 1.5, 3.1598, 1.6], "texture": "#0"},
				"east": {"uv": [2, 1.5, 4.8, 1.6], "texture": "#0"},
				"south": {"uv": [2, 1.5, 3.1598, 1.6], "texture": "#0"},
				"west": {"uv": [2, 1.5, 4.8, 1.6], "texture": "#0"},
				"up": {"uv": [3, 1.5, 4.1598, 4.3], "texture": "#0"},
				"down": {"uv": [2, 1.5, 3.1598, 4.3], "texture": "#0"}
			}
		},
		{
			"name": "octagon",
			"from": [7.4201, -0.3, 6.6],
			"to": [8.5799, -0.2, 9.4],
			"rotation": {"angle": 0, "axis": "y", "origin": [8, -0.25, 8]},
			"faces": {
				"north": {"uv": [2, 1.5, 3.1598, 1.6], "texture": "#0"},
				"east": {"uv": [2, 1.5, 4.8, 1.6], "texture": "#0"},
				"south": {"uv": [2, 1.5, 3.1598, 1.6], "texture": "#0"},
				"west": {"uv": [2, 1.5, 4.8, 1.6], "texture": "#0"},
				"up": {"uv": [2.5, 1.5, 3.6598, 4.3], "texture": "#0"},
				"down": {"uv": [2, 1.5, 3.1598, 4.3], "texture": "#0"}
			}
		},
		{
			"name": "octagon",
			"from": [6.6, -0.3, 7.4201],
			"to": [9.4, -0.2, 8.5799],
			"rotation": {"angle": 45, "axis": "y", "origin": [8, -0.25, 8]},
			"faces": {
				"north": {"uv": [2, 1.5, 4.8, 1.6], "texture": "#0"},
				"east": {"uv": [2, 1.5, 3.1598, 1.6], "texture": "#0"},
				"south": {"uv": [2, 1.5, 4.8, 1.6], "texture": "#0"},
				"west": {"uv": [2, 1.5, 3.1598, 1.6], "texture": "#0"},
				"up": {"uv": [2, 2.5, 4.8, 3.6598], "texture": "#0"},
				"down": {"uv": [2, 3, 4.8, 4.1598], "texture": "#0"}
			}
		},
		{
			"name": "octagon",
			"from": [6.6, -0.3, 7.4201],
			"to": [9.4, -0.2, 8.5799],
			"rotation": {"angle": 0, "axis": "y", "origin": [8, -0.25, 8]},
			"faces": {
				"north": {"uv": [2, 1.5, 4.8, 1.6], "texture": "#0"},
				"east": {"uv": [2, 1.5, 3.1598, 1.6], "texture": "#0"},
				"south": {"uv": [2, 1.5, 4.8, 1.6], "texture": "#0"},
				"west": {"uv": [2, 1.5, 3.1598, 1.6], "texture": "#0"},
				"up": {"uv": [2, 2.5, 4.8, 3.6598], "texture": "#0"},
				"down": {"uv": [2, 3, 4.8, 4.1598], "texture": "#0"}
			}
		}
	],
	"display": {
		"thirdperson_righthand": {
			"rotation": [0, 90, 0],
			"translation": [0, 9.25, 0.75]
		},
		"thirdperson_lefthand": {
			"rotation": [0, -90, 0],
			"translation": [0, 9.25, 0.75]
		},
		"firstperson_righthand": {
			"rotation": [-41.25, 90, 0],
			"translation": [0, 9, -3.25]
		},
		"firstperson_lefthand": {
			"rotation": [-41.25, 90, 0],
			"translation": [0, 9, -3.25]
		},
		"ground": {
			"rotation": [0, 0, -90]
		},
		"gui": {
			"rotation": [0, -180, -45],
			"translation": [-0.25, 0, -0.25],
			"scale": [0.45, 0.45, 0.45]
		},
		"head": {
			"rotation": [-61, 90, 0],
			"scale": [4, 4, 4]
		},
		"fixed": {
			"rotation": [0, 0, -45],
			"translation": [0.25, 0, -0.25],
			"scale": [0.55, 0.55, 0.55]
		}
	},
	"groups": [
		{
			"name": "group",
			"origin": [8, 8, 8],
			"color": 0,
			"children": [
				{
					"name": "group",
					"origin": [8, 8, 8],
					"color": 0,
					"children": [0, 1, 2,
						{
							"name": "group",
							"origin": [8, 7, 8],
							"color": 0,
							"children": [3, 4, 5,
								{
									"name": "octagon",
									"origin": [8, 8, 8],
									"color": 0,
									"children": [6, 7]
								}
							]
						}
					]
				},
				{
					"name": "group",
					"origin": [8, 8, 8],
					"color": 0,
					"children": [
						{
							"name": "octagon",
							"origin": [8, 8, 8],
							"color": 0,
							"children": [8, 9, 10, 11, 12, 13, 14, 15]
						},
						{
							"name": "octagon",
							"origin": [8, 8, 8],
							"color": 0,
							"children": [16, 17, 18, 19]
						},
						{
							"name": "octagon",
							"origin": [8, 8, 8],
							"color": 0,
							"children": [20, 21, 22, 23]
						}
					]
				}
			]
		}
	]
}