{
	"credit": "Made by lavafoxerex",
	"textures": {
		"0": "rpg/weapon/longsword/iron",
		"particle": "rpg/weapon/longsword/iron"
	},
	"parent": "rpg/weapon/longsword/parent",
	"display": {
		"thirdperson_righthand": {
			"rotation": [-180, -180, 12],
			"translation": [-4.25, 17, 1.5],
			"scale": [3, 3, 3]
		},
		"thirdperson_lefthand": {
			"rotation": [-180, -180, 12],
			"translation": [-4.25, 17, 1.5],
			"scale": [3, 3, 3]
		},
		"firstperson_righthand": {
			"rotation": [131, 36, -14],
			"translation": [0.5, 9, -15.25],
			"scale": [3, 3, 3]
		},
		"firstperson_lefthand": {
			"rotation": [131, 36, -14],
			"translation": [0.5, 9, -15.25],
			"scale": [3, 3, 3]
		},
		"gui": {
			"rotation": [-180, -180, 45],
			"translation": [-0.45, -0.45, 0],
			"scale": [1.25, 1.25, 1.25]
		},
		"head": {
			"scale": [4, 4, 4]
		},
		"fixed": {
			"rotation": [0, 0, 45],
			"translation": [0.5, -0.5, 0],
			"scale": [1.75, 1.75, 1.75]
		}
	}
}