{
	"credit": "Made with Blockbench",
	"textures": {
		"4": "rpg/weapon/soul_scythe/soul_scythe"
	},
	"elements": [
		{
			"from": [8.75, 14, 7.75],
			"to": [9.25, 20, 8.25],
			"rotation": {"angle": 0, "axis": "z", "origin": [16.5, 23.5, 15.5]},
			"faces": {
				"north": {"uv": [4, 5, 5, 11], "texture": "#4"},
				"east": {"uv": [5, 5, 6, 11], "texture": "#4"},
				"south": {"uv": [6, 6, 7, 12], "texture": "#4"},
				"west": {"uv": [7, 7, 8, 13], "texture": "#4"},
				"up": {"uv": [1, 13, 0, 12], "texture": "#4"},
				"down": {"uv": [3, 12, 2, 13], "texture": "#4"}
			}
		},
		{
			"from": [8.65, 18, 7.65],
			"to": [9.35, 18.1, 8.35],
			"rotation": {"angle": 0, "axis": "z", "origin": [16.5, 24.5, 15.5]},
			"faces": {
				"north": {"uv": [10, 13, 11, 14], "texture": "#4"},
				"east": {"uv": [11, 13, 12, 14], "texture": "#4"},
				"south": {"uv": [12, 13, 13, 14], "texture": "#4"},
				"west": {"uv": [13, 13, 14, 14], "texture": "#4"},
				"up": {"uv": [14, 5, 13, 4], "texture": "#4"},
				"down": {"uv": [14, 6, 13, 7], "texture": "#4"}
			}
		},
		{
			"from": [8.75, 4, 7.75],
			"to": [9.25, 14, 8.25],
			"rotation": {"angle": -22.5, "axis": "z", "origin": [9.275, 14, 8]},
			"faces": {
				"north": {"uv": [0, 0, 1, 10], "texture": "#4"},
				"east": {"uv": [1, 1, 2, 11], "texture": "#4"},
				"south": {"uv": [2, 2, 3, 12], "texture": "#4"},
				"west": {"uv": [3, 3, 4, 13], "texture": "#4"},
				"up": {"uv": [1, 15, 0, 14], "texture": "#4"},
				"down": {"uv": [2, 14, 1, 15], "texture": "#4"}
			}
		},
		{
			"from": [8.65, 2, 7.65],
			"to": [9.35, 4, 8.35],
			"rotation": {"angle": -22.5, "axis": "z", "origin": [9.275, 14, 8]},
			"faces": {
				"north": {"uv": [0, 10, 1, 12], "texture": "#4"},
				"east": {"uv": [1, 11, 2, 13], "texture": "#4"},
				"south": {"uv": [4, 11, 5, 13], "texture": "#4"},
				"west": {"uv": [5, 11, 6, 13], "texture": "#4"},
				"up": {"uv": [3, 15, 2, 14], "texture": "#4"},
				"down": {"uv": [4, 14, 3, 15], "texture": "#4"}
			}
		},
		{
			"from": [8.65, 4.25, 7.65],
			"to": [9.35, 4.75, 8.35],
			"rotation": {"angle": -22.5, "axis": "z", "origin": [9.275, 14, 8]},
			"faces": {
				"north": {"uv": [4, 14, 5, 15], "texture": "#4"},
				"east": {"uv": [5, 14, 6, 15], "texture": "#4"},
				"south": {"uv": [6, 14, 7, 15], "texture": "#4"},
				"west": {"uv": [10, 14, 11, 15], "texture": "#4"},
				"up": {"uv": [12, 15, 11, 14], "texture": "#4"},
				"down": {"uv": [13, 14, 12, 15], "texture": "#4"}
			}
		},
		{
			"from": [8.65, 19.2, 7.65],
			"to": [9.35, 19.3, 8.35],
			"rotation": {"angle": 0, "axis": "z", "origin": [16.5, 25.7, 15.5]},
			"faces": {
				"north": {"uv": [13, 14, 14, 15], "texture": "#4"},
				"east": {"uv": [14, 14, 15, 15], "texture": "#4"},
				"south": {"uv": [14, 0, 15, 1], "texture": "#4"},
				"west": {"uv": [14, 4, 15, 5], "texture": "#4"},
				"up": {"uv": [15, 6, 14, 5], "texture": "#4"},
				"down": {"uv": [15, 6, 14, 7], "texture": "#4"}
			}
		},
		{
			"from": [8.65, 18.6, 7.65],
			"to": [9.35, 18.7, 8.35],
			"rotation": {"angle": 0, "axis": "z", "origin": [16.5, 25.1, 15.5]},
			"faces": {
				"north": {"uv": [14, 7, 15, 8], "texture": "#4"},
				"east": {"uv": [14, 8, 15, 9], "texture": "#4"},
				"south": {"uv": [14, 9, 15, 10], "texture": "#4"},
				"west": {"uv": [14, 10, 15, 11], "texture": "#4"},
				"up": {"uv": [15, 12, 14, 11], "texture": "#4"},
				"down": {"uv": [15, 12, 14, 13], "texture": "#4"}
			}
		},
		{
			"from": [8.5, 20, 7.5],
			"to": [10.5, 21, 8.5],
			"rotation": {"angle": 22.5, "axis": "z", "origin": [9, 20.5, 8]},
			"faces": {
				"north": {"uv": [11, 4, 13, 5], "texture": "#4"},
				"east": {"uv": [14, 13, 15, 14], "texture": "#4"},
				"south": {"uv": [8, 12, 10, 13], "texture": "#4"},
				"west": {"uv": [0, 15, 1, 16], "texture": "#4"},
				"up": {"uv": [12, 13, 10, 12], "texture": "#4"},
				"down": {"uv": [14, 12, 12, 13], "texture": "#4"}
			}
		},
		{
			"from": [6.975, 20, 7.5],
			"to": [8.975, 21, 8.5],
			"rotation": {"angle": -22.5, "axis": "z", "origin": [8.475, 20.5, 8]},
			"faces": {
				"north": {"uv": [12, 5, 14, 6], "texture": "#4"},
				"east": {"uv": [1, 15, 2, 16], "texture": "#4"},
				"south": {"uv": [0, 13, 2, 14], "texture": "#4"},
				"west": {"uv": [2, 15, 3, 16], "texture": "#4"},
				"up": {"uv": [4, 14, 2, 13], "texture": "#4"},
				"down": {"uv": [6, 13, 4, 14], "texture": "#4"}
			}
		},
		{
			"from": [9.8, 20.775, 7.5],
			"to": [10.8, 22.775, 8.5],
			"rotation": {"angle": -22.5, "axis": "z", "origin": [10.3, 21.275, 8]},
			"faces": {
				"north": {"uv": [6, 12, 7, 14], "texture": "#4"},
				"east": {"uv": [7, 13, 8, 15], "texture": "#4"},
				"south": {"uv": [8, 13, 9, 15], "texture": "#4"},
				"west": {"uv": [9, 13, 10, 15], "texture": "#4"},
				"up": {"uv": [4, 16, 3, 15], "texture": "#4"},
				"down": {"uv": [5, 15, 4, 16], "texture": "#4"}
			}
		},
		{
			"from": [7.35, 20.975, 7.95],
			"to": [13.65, 22.375, 8.05],
			"rotation": {"angle": 0, "axis": "z", "origin": [10.1, 20.975, 8]},
			"faces": {
				"north": {"uv": [4, 3, 10, 4], "texture": "#4"},
				"east": {"uv": [5, 15, 6, 16], "texture": "#4"},
				"south": {"uv": [6, 5, 12, 6], "texture": "#4"},
				"west": {"uv": [6, 15, 7, 16], "texture": "#4"},
				"up": {"uv": [13, 7, 7, 6], "texture": "#4"},
				"down": {"uv": [14, 8, 8, 9], "texture": "#4"}
			}
		},
		{
			"from": [7.35, 20.9, 7.8],
			"to": [13.45, 21.35, 8.2],
			"rotation": {"angle": 0, "axis": "z", "origin": [10.1, 20.975, 8]},
			"faces": {
				"north": {"uv": [8, 0, 14, 1], "texture": "#4"},
				"east": {"uv": [7, 15, 8, 16], "texture": "#4"},
				"south": {"uv": [8, 7, 14, 8], "texture": "#4"},
				"west": {"uv": [8, 15, 9, 16], "texture": "#4"},
				"up": {"uv": [14, 10, 8, 9], "texture": "#4"},
				"down": {"uv": [15, 1, 9, 2], "texture": "#4"}
			}
		},
		{
			"from": [13.5, 20.975, 7.95],
			"to": [20.6, 22.375, 8.05],
			"rotation": {"angle": -22.5, "axis": "z", "origin": [13.6, 22.075, 8]},
			"faces": {
				"north": {"uv": [1, 0, 8, 1], "texture": "#4"},
				"east": {"uv": [9, 15, 10, 16], "texture": "#4"},
				"south": {"uv": [2, 1, 9, 2], "texture": "#4"},
				"west": {"uv": [10, 15, 11, 16], "texture": "#4"},
				"up": {"uv": [10, 3, 3, 2], "texture": "#4"},
				"down": {"uv": [11, 4, 4, 5], "texture": "#4"}
			}
		},
		{
			"from": [13.75, 20.9, 7.8],
			"to": [19.6, 21.35, 8.2],
			"rotation": {"angle": -22.5, "axis": "z", "origin": [13.6, 22.075, 8]},
			"faces": {
				"north": {"uv": [8, 10, 14, 11], "texture": "#4"},
				"east": {"uv": [11, 15, 12, 16], "texture": "#4"},
				"south": {"uv": [10, 2, 16, 3], "texture": "#4"},
				"west": {"uv": [12, 15, 13, 16], "texture": "#4"},
				"up": {"uv": [16, 4, 10, 3], "texture": "#4"},
				"down": {"uv": [14, 11, 8, 12], "texture": "#4"}
			}
		}
	],
	"display": {
		"thirdperson_righthand": {
			"rotation": [-8.25, 90, 55],
			"translation": [-0.25, -0.75, -0.5],
			"scale": [1.5, 1.5, 1.5]
		},
		"thirdperson_lefthand": {
			"rotation": [-8.25, -90, -55],
			"translation": [-0.25, -0.75, -0.5],
			"scale": [1.5, 1.5, 1.5]
		},
		"firstperson_righthand": {
			"rotation": [-25, 80, 25],
			"translation": [1, 0.25, 1]
		},
		"firstperson_lefthand": {
			"rotation": [-25, -80, -25],
			"translation": [1, 0.25, 1]
		},
		"ground": {
			"rotation": [90, 0, 90],
			"translation": [4.75, 0, 0]
		},
		"gui": {
			"rotation": [0, 0, -22.5],
			"translation": [-3, -3.5, 0],
			"scale": [0.7, 0.7, 0.7]
		},
		"fixed": {
			"rotation": [0, -180, -22.5],
			"translation": [3.75, -3.5, 0],
			"scale": [0.8, 0.8, 0.8]
		}
	},
	"groups": [
		{
			"name": "group",
			"origin": [16.3, 12.825, 8],
			"children": [0, 1,
				{
					"name": "group",
					"origin": [9.275, 16, 8],
					"children": [2, 3, 4]
				}, 5, 6, 7, 8, 9, 10, 11, 12, 13]
		}
	]
}