{
	"elements": [
		{
			"from": [4, 0, 5],
			"to": [10, 1, 11],
			"faces": {
				"north": {"uv": [0, 0, 6, 1], "texture": "#1"},
				"east": {"uv": [0, 0, 6, 1], "texture": "#1"},
				"south": {"uv": [0, 0, 6, 1], "texture": "#1"},
				"west": {"uv": [0, 0, 6, 1], "texture": "#1"},
				"up": {"uv": [0, 0, 6, 6], "texture": "#1"},
				"down": {"uv": [0, 0, 6, 6], "texture": "#1"}
			}
		},
		{
			"from": [4.5, 1, 5.5],
			"to": [9.5, 2, 10.5],
			"faces": {
				"north": {"uv": [6, 0, 11, 1], "texture": "#1"},
				"east": {"uv": [6, 0, 11, 1], "texture": "#1"},
				"south": {"uv": [6, 0, 11, 1], "texture": "#1"},
				"west": {"uv": [6, 0, 11, 1], "texture": "#1"},
				"up": {"uv": [6, 0, 11, 5], "texture": "#1"},
				"down": {"uv": [6, 0, 11, 5], "texture": "#1"}
			}
		},
		{
			"name": "octagon",
			"from": [4.92893, 3.5, 7.75],
			"to": [9.07107, 4.25, 8.25],
			"rotation": {"angle": 22.5, "axis": "z", "origin": [7, 8.5, 8]},
			"faces": {
				"north": {"uv": [11, 0, 15.14214, 0.75], "texture": "#1"},
				"east": {"uv": [11, 0, 11.5, 0.75], "texture": "#1"},
				"south": {"uv": [11, 0, 15.14214, 0.75], "texture": "#1"},
				"west": {"uv": [11, 0, 11.5, 0.75], "texture": "#1"},
				"up": {"uv": [11, 0, 15.14214, 0.5], "texture": "#1"},
				"down": {"uv": [11, 0, 15.14214, 0.5], "texture": "#1"}
			}
		},
		{
			"name": "octagon",
			"from": [6.82893, 3.5, 7.75],
			"to": [9.07107, 4.25, 8.25],
			"rotation": {"angle": -22.5, "axis": "z", "origin": [7, 8.5, 8]},
			"faces": {
				"north": {"uv": [11, 0, 13.24214, 0.75], "texture": "#1"},
				"east": {"uv": [11, 0, 11.5, 0.75], "texture": "#1"},
				"south": {"uv": [11, 0, 13.24214, 0.75], "texture": "#1"},
				"west": {"uv": [11, 0, 11.5, 0.75], "texture": "#1"},
				"up": {"uv": [11, 0, 13.24214, 0.5], "texture": "#1"},
				"down": {"uv": [11, 0, 13.24214, 0.5], "texture": "#1"}
			}
		},
		{
			"name": "octagon",
			"from": [5.82893, 3.25, 7.5],
			"to": [6.82893, 4.5, 8.5],
			"rotation": {"angle": -22.5, "axis": "z", "origin": [7, 8.5, 8]},
			"faces": {
				"north": {"uv": [11, 0, 12, 1.25], "texture": "#1"},
				"east": {"uv": [11, 0, 12, 1.25], "texture": "#1"},
				"south": {"uv": [11, 0, 12, 1.25], "texture": "#1"},
				"west": {"uv": [11, 0, 12, 1.25], "texture": "#1"},
				"up": {"uv": [11, 1, 12, 2], "texture": "#1"},
				"down": {"uv": [11, 1, 12, 2], "texture": "#1"}
			}
		},
		{
			"name": "octagon",
			"from": [6.15393, 4.5, 7.825],
			"to": [6.50393, 5.6, 8.175],
			"rotation": {"angle": -22.5, "axis": "z", "origin": [7, 8.5, 8]},
			"faces": {
				"north": {"uv": [11, 0, 11.35, 1.1], "texture": "#1"},
				"east": {"uv": [11, 0, 11.35, 1.1], "texture": "#1"},
				"south": {"uv": [11, 0, 11.35, 1.1], "texture": "#1"},
				"west": {"uv": [11, 0, 11.35, 1.1], "texture": "#1"},
				"up": {"uv": [11, 0, 11.35, 0.35], "texture": "#1"},
				"down": {"uv": [11, 0, 11.35, 0.35], "texture": "#1"}
			}
		},
		{
			"name": "octagon",
			"from": [6.15393, 11.5, 7.825],
			"to": [6.50393, 12.6, 8.175],
			"rotation": {"angle": -22.5, "axis": "z", "origin": [7, 8.5, 8]},
			"faces": {
				"north": {"uv": [11, 0, 11.35, 1.1], "texture": "#1"},
				"east": {"uv": [11, 0, 11.35, 1.1], "texture": "#1"},
				"south": {"uv": [11, 0, 11.35, 1.1], "texture": "#1"},
				"west": {"uv": [11, 0, 11.35, 1.1], "texture": "#1"},
				"up": {"uv": [11, 0, 11.35, 0.35], "texture": "#1"},
				"down": {"uv": [11, 0, 11.35, 0.35], "texture": "#1"}
			}
		},
		{
			"name": "octagon",
			"from": [6.82893, 12.75, 7.75],
			"to": [9.07107, 13.5, 8.25],
			"rotation": {"angle": -22.5, "axis": "z", "origin": [7, 8.5, 8]},
			"faces": {
				"north": {"uv": [11, 0, 13.24214, 0.75], "texture": "#1"},
				"east": {"uv": [11, 0, 11.5, 0.75], "texture": "#1"},
				"south": {"uv": [11, 0, 13.24214, 0.75], "texture": "#1"},
				"west": {"uv": [11, 0, 11.5, 0.75], "texture": "#1"},
				"up": {"uv": [11, 0, 13.24214, 0.5], "texture": "#1"},
				"down": {"uv": [11, 0, 13.24214, 0.5], "texture": "#1"}
			}
		},
		{
			"name": "octagon",
			"from": [5.82893, 12.5, 7.5],
			"to": [6.82893, 13.75, 8.5],
			"rotation": {"angle": -22.5, "axis": "z", "origin": [7, 8.5, 8]},
			"faces": {
				"north": {"uv": [11, 0, 12, 1.25], "texture": "#1"},
				"east": {"uv": [11, 0, 12, 1.25], "texture": "#1"},
				"south": {"uv": [11, 0, 12, 1.25], "texture": "#1"},
				"west": {"uv": [11, 0, 12, 1.25], "texture": "#1"},
				"up": {"uv": [11, 1, 12, 2], "texture": "#1"},
				"down": {"uv": [11, 1, 12, 2], "texture": "#1"}
			}
		},
		{
			"name": "octagon",
			"from": [11.25, 6.42893, 7.75],
			"to": [12, 10.57107, 8.25],
			"rotation": {"angle": 22.5, "axis": "z", "origin": [7, 8.5, 8]},
			"faces": {
				"north": {"uv": [11, 0, 11.75, 4.14214], "texture": "#1"},
				"east": {"uv": [11, 0, 11.5, 4.14214], "texture": "#1"},
				"south": {"uv": [11, 0, 11.75, 4.14214], "texture": "#1"},
				"west": {"uv": [11, 0, 11.5, 4.14214], "texture": "#1"},
				"up": {"uv": [11, 0, 11.75, 0.5], "texture": "#1"},
				"down": {"uv": [11, 0, 11.75, 0.5], "texture": "#1"}
			}
		},
		{
			"name": "octagon",
			"from": [11.25, 6.42893, 7.75],
			"to": [12, 10.57107, 8.25],
			"rotation": {"angle": -22.5, "axis": "z", "origin": [7, 8.5, 8]},
			"faces": {
				"north": {"uv": [11, 0, 11.75, 4.14214], "texture": "#1"},
				"east": {"uv": [11, 0, 11.5, 4.14214], "texture": "#1"},
				"south": {"uv": [11, 0, 11.75, 4.14214], "texture": "#1"},
				"west": {"uv": [11, 0, 11.5, 4.14214], "texture": "#1"},
				"up": {"uv": [11, 0, 11.75, 0.5], "texture": "#1"},
				"down": {"uv": [11, 0, 11.75, 0.5], "texture": "#1"}
			}
		},
		{
			"from": [6.6, 2, 7.6],
			"to": [7.4, 3.5, 8.4],
			"faces": {
				"north": {"uv": [11, 0, 11.8, 1.5], "texture": "#1"},
				"east": {"uv": [11, 0, 11.8, 1.5], "texture": "#1"},
				"south": {"uv": [11, 0, 11.8, 1.5], "texture": "#1"},
				"west": {"uv": [11, 0, 11.8, 1.5], "texture": "#1"},
				"up": {"uv": [11, 0, 11.8, 0.8], "texture": "#1"},
				"down": {"uv": [11, 0, 11.8, 0.8], "texture": "#1"}
			}
		},
		{
			"name": "earth",
			"from": [3.38321, 5.7697, 5],
			"to": [9.38321, 11.7697, 11],
			"rotation": {"angle": -22.5, "axis": "z", "origin": [6.38321, 8.6697, 8]},
			"faces": {
				"north": {"uv": [0, 6, 3, 9], "texture": "#1"},
				"east": {"uv": [9, 6, 12, 9], "texture": "#1"},
				"south": {"uv": [3, 6, 6, 9], "texture": "#1"},
				"west": {"uv": [6, 6, 9, 9], "texture": "#1"},
				"up": {"uv": [3, 9, 6, 12], "texture": "#1"},
				"down": {"uv": [0, 9, 3, 12], "texture": "#1"}
			}
		}
	],
	"display": {
		"ground": {
			"translation": [0, 4.25, 0]
		},
		"gui": {
			"rotation": [30, 225, 0],
			"translation": [-0.75, 1, 0]
		},
		"fixed": {
			"rotation": [90, -180, -180],
			"translation": [2, 0, -16],
			"scale": [2.001, 2.001, 2.001]
		}
	},
	"groups": [
		{
			"name": "group",
			"origin": [8, 8, 8],
			"children": [
				{
					"name": "base",
					"origin": [0, 0, 0],
					"children": [0, 1]
				},
				{
					"name": "octagon",
					"origin": [8, 8, 8],
					"children": [2, 3, 4, 5, 6, 7, 8, 9, 10, 11]
				}, 12]
		}
	]
}