{
	"credit": "Made by lavafoxerex",
	"textures": {
		"0": "block/light_gray_wool",
		"1": "block/oak_log",
		"particle": "block/light_gray_wool"
	},
	"elements": [
		{
			"from": [7.4496, 10.15022, 7.45248],
			"to": [8.4846, 14.21722, 8.33448],
			"rotation": {"angle": 22.5, "axis": "x", "origin": [7.8456, 14.22469, 7.46284]},
			"faces": {
				"north": {"uv": [0, 2, 8, 4], "rotation": 90, "texture": "#1"},
				"east": {"uv": [0, 3, 8, 5], "rotation": 90, "texture": "#1"},
				"south": {"uv": [0, 0, 8, 2], "rotation": 270, "texture": "#1"},
				"west": {"uv": [0, 1, 8, 3], "rotation": 90, "texture": "#1"},
				"up": {"uv": [0, 3, 2, 5], "rotation": 270, "texture": "#1"},
				"down": {"uv": [6, 0, 8, 2], "rotation": 270, "texture": "#1"}
			}
		},
		{
			"from": [7.4496, 13.33522, 7.45248],
			"to": [8.4846, 14.21722, 10.13448],
			"rotation": {"angle": -45, "axis": "x", "origin": [7.8456, 14.22469, 7.46284]},
			"faces": {
				"north": {"uv": [4, 5, 4.882, 6.035], "rotation": 90, "texture": "#1"},
				"east": {"uv": [0, 0, 0.882, 2.682], "rotation": 90, "texture": "#1"},
				"south": {"uv": [9, 0, 9.882, 1.035], "rotation": 270, "texture": "#1"},
				"west": {"uv": [4, 3, 4.882, 5.682], "rotation": 90, "texture": "#1"},
				"up": {"uv": [0, 0, 2.682, 1.035], "rotation": 270, "texture": "#1"},
				"down": {"uv": [0, 0, 2.682, 1.035], "rotation": 270, "texture": "#1"}
			}
		},
		{
			"from": [7.4496, 1.78278, 7.45248],
			"to": [8.4846, 5.84978, 8.33448],
			"rotation": {"angle": -22.5, "axis": "x", "origin": [7.8456, 1.77531, 7.46284]},
			"faces": {
				"north": {"uv": [8, 2, 0, 4], "rotation": 90, "texture": "#1"},
				"east": {"uv": [8, 3, 0, 5], "rotation": 90, "texture": "#1"},
				"south": {"uv": [8, 0, 0, 2], "rotation": 270, "texture": "#1"},
				"west": {"uv": [8, 1, 0, 3], "rotation": 90, "texture": "#1"},
				"up": {"uv": [8, 0, 6, 2], "rotation": 270, "texture": "#1"},
				"down": {"uv": [2, 3, 0, 5], "rotation": 270, "texture": "#1"}
			}
		},
		{
			"from": [7.4496, 1.78278, 7.45248],
			"to": [8.4846, 2.66478, 10.13448],
			"rotation": {"angle": 45, "axis": "x", "origin": [7.8456, 1.77531, 7.46284]},
			"faces": {
				"north": {"uv": [4.882, 5, 4, 6.035], "rotation": 90, "texture": "#1"},
				"east": {"uv": [0.882, 0, 0, 2.682], "rotation": 90, "texture": "#1"},
				"south": {"uv": [9.882, 0, 9, 1.035], "rotation": 270, "texture": "#1"},
				"west": {"uv": [4.882, 3, 4, 5.682], "rotation": 90, "texture": "#1"},
				"up": {"uv": [2.682, 0, 0, 1.035], "rotation": 270, "texture": "#1"},
				"down": {"uv": [2.682, 0, 0, 1.035], "rotation": 270, "texture": "#1"}
			}
		},
		{
			"from": [7.375, 5.5, 5.71836],
			"to": [8.625, 10.5, 6.96836],
			"rotation": {"angle": 0, "axis": "y", "origin": [6.875, 5.5, 9.86836]},
			"faces": {
				"north": {"uv": [3, 0, 5, 10], "texture": "#0"},
				"east": {"uv": [2, 0, 4, 10], "texture": "#0"},
				"south": {"uv": [4, 0, 6, 10], "texture": "#0"},
				"west": {"uv": [1, 0, 3, 10], "texture": "#0"},
				"up": {"uv": [0, 0, 1, 1], "texture": "#0"},
				"down": {"uv": [0, 1, 1, 2], "texture": "#0"}
			}
		},
		{
			"name": "string",
			"from": [7.875, 0.25, 9.375],
			"to": [8.125, 15.75, 9.625],
			"rotation": {"angle": 0, "axis": "y", "origin": [8, 8, 9.5]},
			"faces": {
				"north": {"uv": [0, 0, 0.25, 15.5], "texture": "#0"},
				"east": {"uv": [0, 0, 0.25, 15.5], "texture": "#0"},
				"south": {"uv": [0, 0, 0.25, 15.5], "texture": "#0"},
				"west": {"uv": [0, 0, 0.25, 15.5], "texture": "#0"},
				"up": {"uv": [0, 0, 0.25, 0.25], "rotation": 270, "texture": "#0"},
				"down": {"uv": [0, 0, 0.25, 0.25], "rotation": 90, "texture": "#0"}
			}
		}
	],
	"display": {
		"thirdperson_righthand": {
			"translation": [0, -2, 2.5],
			"scale": [1, 1.1, 1]
		},
		"thirdperson_lefthand": {
			"translation": [0, -2, 2.5],
			"scale": [1, 1.1, 1]
		},
		"firstperson_righthand": {
			"rotation": [7.25, 0, 0],
			"translation": [0, 6.25, 1]
		},
		"firstperson_lefthand": {
			"rotation": [7.25, 0, 0],
			"translation": [0, 6.25, 1]
		},
		"ground": {
			"rotation": [0, 0, 90]
		},
		"gui": {
			"rotation": [90, 45, 90],
			"translation": [-1, 1.25, 0],
			"scale": [1.2, 1.2, 1.2]
		},
		"fixed": {
			"rotation": [90, -45, 90],
			"translation": [1, 1, 0],
			"scale": [1.2, 1.2, 1.2]
		}
	},
	"groups": [
		{
			"name": "group",
			"origin": [8, 8, 8],
			"color": 0,
			"children": [
				{
					"name": "up",
					"origin": [7.67099, 12.23309, 9.81846],
					"color": 0,
					"children": [0, 1]
				},
				{
					"name": "down",
					"origin": [7.67099, 12.23309, 9.81846],
					"color": 0,
					"children": [2, 3]
				},
				{
					"name": "mid",
					"origin": [8, 8, 8],
					"color": 0,
					"children": [4]
				},
				5
			]
		}
	]
}