{
	"credit": "Made by Gameboy612",
	"parent": "item_frame_block",
	"texture_size": [64, 64],
	"textures": {
		"0": "furniture/kyc/drinking_machine",
		"particle": "furniture/kyc/drinking_machine"
	},
	"elements": [
		{
			"from": [2, 20, 4],
			"to": [5, 22, 11],
			"faces": {
				"north": {"uv": [0, 12, 0.75, 12.5], "texture": "#0"},
				"east": {"uv": [10.5, 5.5, 12.25, 6], "texture": "#0"},
				"south": {"uv": [0.75, 12, 1.5, 12.5], "texture": "#0"},
				"west": {"uv": [10.5, 6, 12.25, 6.5], "texture": "#0"},
				"up": {"uv": [7.75, 12.25, 7, 10.5], "texture": "#0"},
				"down": {"uv": [8.5, 10.5, 7.75, 12.25], "texture": "#0"}
			}
		},
		{
			"from": [1, 0, 1],
			"to": [15, 20, 15],
			"faces": {
				"north": {"uv": [0, 0, 3.5, 5], "texture": "#0"},
				"east": {"uv": [3.5, 0, 7, 5], "texture": "#0"},
				"south": {"uv": [0, 5, 3.5, 10], "texture": "#0"},
				"west": {"uv": [3.5, 5, 7, 10], "texture": "#0"},
				"up": {"uv": [10.5, 3.5, 7, 0], "texture": "#0"},
				"down": {"uv": [10.5, 3.5, 7, 7], "texture": "#0"}
			}
		},
		{
			"from": [14, 20, 1],
			"to": [15, 23, 15],
			"faces": {
				"north": {"uv": [1.5, 12, 1.75, 12.75], "texture": "#0"},
				"east": {"uv": [0, 10, 3.5, 10.75], "texture": "#0"},
				"south": {"uv": [1.75, 12.5, 2, 13.25], "texture": "#0"},
				"west": {"uv": [3.5, 10, 7, 10.75], "texture": "#0"},
				"up": {"uv": [10, 14, 9.75, 10.5], "texture": "#0"},
				"down": {"uv": [10.25, 10.5, 10, 14], "texture": "#0"}
			}
		},
		{
			"from": [1, 20, 1],
			"to": [2, 23, 15],
			"faces": {
				"north": {"uv": [6.75, 10.75, 7, 11.5], "texture": "#0"},
				"east": {"uv": [7, 9, 10.5, 9.75], "texture": "#0"},
				"south": {"uv": [6.75, 11.5, 7, 12.25], "texture": "#0"},
				"west": {"uv": [7, 9.75, 10.5, 10.5], "texture": "#0"},
				"up": {"uv": [9.5, 14, 9.25, 10.5], "texture": "#0"},
				"down": {"uv": [9.75, 10.5, 9.5, 14], "texture": "#0"}
			}
		},
		{
			"from": [2, 20, 1],
			"to": [14, 23, 2],
			"faces": {
				"north": {"uv": [10, 7, 13, 7.75], "texture": "#0"},
				"east": {"uv": [2, 12.5, 2.25, 13.25], "texture": "#0"},
				"south": {"uv": [10, 7.75, 13, 8.5], "texture": "#0"},
				"west": {"uv": [2.25, 12.5, 2.5, 13.25], "texture": "#0"},
				"up": {"uv": [6.75, 11, 3.75, 10.75], "texture": "#0"},
				"down": {"uv": [13.25, 10.75, 10.25, 11], "texture": "#0"}
			}
		},
		{
			"from": [2, 20, 12],
			"to": [14, 23, 15],
			"faces": {
				"north": {"uv": [10.5, 0, 13.5, 0.75], "texture": "#0"},
				"east": {"uv": [11.25, 9, 12, 9.75], "texture": "#0"},
				"south": {"uv": [10.5, 0.75, 13.5, 1.5], "texture": "#0"},
				"west": {"uv": [11.25, 9.75, 12, 10.5], "texture": "#0"},
				"up": {"uv": [13.5, 2.25, 10.5, 1.5], "texture": "#0"},
				"down": {"uv": [13.5, 2.25, 10.5, 3], "texture": "#0"}
			}
		},
		{
			"from": [2, 20, 10],
			"to": [14, 22, 14],
			"faces": {
				"north": {"uv": [10, 8.5, 13, 9], "texture": "#0"},
				"east": {"uv": [10.25, 11.5, 11.25, 12], "texture": "#0"},
				"south": {"uv": [10.5, 3, 13.5, 3.5], "texture": "#0"},
				"west": {"uv": [11.25, 11.5, 12.25, 12], "texture": "#0"},
				"up": {"uv": [10, 8, 7, 7], "texture": "#0"},
				"down": {"uv": [10, 8, 7, 9], "texture": "#0"}
			}
		},
		{
			"from": [2, 20, 2],
			"to": [14, 22, 4],
			"faces": {
				"north": {"uv": [10.5, 3.5, 13.5, 4], "texture": "#0"},
				"east": {"uv": [12, 10, 12.5, 10.5], "texture": "#0"},
				"south": {"uv": [10.5, 4, 13.5, 4.5], "texture": "#0"},
				"west": {"uv": [11.25, 12, 11.75, 12.5], "texture": "#0"},
				"up": {"uv": [13.5, 5, 10.5, 4.5], "texture": "#0"},
				"down": {"uv": [13.5, 5, 10.5, 5.5], "texture": "#0"}
			}
		},
		{
			"from": [11, 20, 4],
			"to": [14, 22, 11],
			"faces": {
				"north": {"uv": [12, 9, 12.75, 9.5], "texture": "#0"},
				"east": {"uv": [10.5, 6.5, 12.25, 7], "texture": "#0"},
				"south": {"uv": [12, 9.5, 12.75, 10], "texture": "#0"},
				"west": {"uv": [0, 10.75, 1.75, 11.25], "texture": "#0"},
				"up": {"uv": [9.25, 12.25, 8.5, 10.5], "texture": "#0"},
				"down": {"uv": [11.25, 9, 10.5, 10.75], "texture": "#0"}
			}
		},
		{
			"from": [9, 20, 4],
			"to": [11, 21, 11],
			"faces": {
				"north": {"uv": [4, 12.5, 4.5, 12.75], "texture": "#0"},
				"east": {"uv": [11.25, 10.5, 13, 10.75], "texture": "#0"},
				"south": {"uv": [4.5, 12.5, 5, 12.75], "texture": "#0"},
				"west": {"uv": [0, 11.75, 1.75, 12], "texture": "#0"},
				"up": {"uv": [2.25, 12.5, 1.75, 10.75], "texture": "#0"},
				"down": {"uv": [2.75, 10.75, 2.25, 12.5], "texture": "#0"}
			}
		},
		{
			"from": [5, 20, 4],
			"to": [7, 21, 11],
			"faces": {
				"north": {"uv": [5, 12.5, 5.5, 12.75], "texture": "#0"},
				"east": {"uv": [11.75, 11, 13.5, 11.25], "texture": "#0"},
				"south": {"uv": [5.5, 12.5, 6, 12.75], "texture": "#0"},
				"west": {"uv": [11.75, 11.25, 13.5, 11.5], "texture": "#0"},
				"up": {"uv": [3.25, 12.5, 2.75, 10.75], "texture": "#0"},
				"down": {"uv": [3.75, 10.75, 3.25, 12.5], "texture": "#0"}
			}
		},
		{
			"from": [7, 20, 4],
			"to": [9, 21, 6],
			"faces": {
				"north": {"uv": [6, 12.5, 6.5, 12.75], "texture": "#0"},
				"east": {"uv": [12.5, 10, 13, 10.25], "texture": "#0"},
				"south": {"uv": [12.5, 10.25, 13, 10.5], "texture": "#0"},
				"west": {"uv": [11.25, 12.5, 11.75, 12.75], "texture": "#0"},
				"up": {"uv": [12.25, 12.5, 11.75, 12], "texture": "#0"},
				"down": {"uv": [12.75, 5.5, 12.25, 6], "texture": "#0"}
			}
		},
		{
			"from": [7, 20, 8],
			"to": [9, 21, 11],
			"faces": {
				"north": {"uv": [11.75, 12.5, 12.25, 12.75], "texture": "#0"},
				"east": {"uv": [2.5, 12.5, 3.25, 12.75], "texture": "#0"},
				"south": {"uv": [12.25, 12.5, 12.75, 12.75], "texture": "#0"},
				"west": {"uv": [3.25, 12.5, 4, 12.75], "texture": "#0"},
				"up": {"uv": [10.75, 12.75, 10.25, 12], "texture": "#0"},
				"down": {"uv": [11.25, 12, 10.75, 12.75], "texture": "#0"}
			}
		},
		{
			"from": [7, 23, 12.5],
			"to": [9, 29, 14.5],
			"rotation": {"angle": 0, "axis": "y", "origin": [8, 24, 13.5]},
			"faces": {
				"north": {"uv": [3.75, 11, 4.25, 12.5], "texture": "#0"},
				"east": {"uv": [4.25, 11, 4.75, 12.5], "texture": "#0"},
				"south": {"uv": [4.75, 11, 5.25, 12.5], "texture": "#0"},
				"west": {"uv": [5.25, 11, 5.75, 12.5], "texture": "#0"},
				"up": {"uv": [12.75, 6.5, 12.25, 6], "texture": "#0"},
				"down": {"uv": [12.75, 6.5, 12.25, 7], "texture": "#0"}
			}
		},
		{
			"from": [7, 27.75, 8.25],
			"to": [9, 29.75, 14.25],
			"rotation": {"angle": 45, "axis": "x", "origin": [8, 29, 13.5]},
			"faces": {
				"north": {"uv": [6.75, 12.25, 7.25, 12.75], "texture": "#0"},
				"east": {"uv": [10.25, 11, 11.75, 11.5], "texture": "#0"},
				"south": {"uv": [7.25, 12.25, 7.75, 12.75], "texture": "#0"},
				"west": {"uv": [0, 11.25, 1.5, 11.75], "texture": "#0"},
				"up": {"uv": [6.25, 12.5, 5.75, 11], "texture": "#0"},
				"down": {"uv": [6.75, 11, 6.25, 12.5], "texture": "#0"}
			}
		},
		{
			"from": [7, 25.75, 8.25],
			"to": [9, 27.75, 10.25],
			"rotation": {"angle": 45, "axis": "x", "origin": [8, 29, 13.5]},
			"faces": {
				"north": {"uv": [7.75, 12.25, 8.25, 12.75], "texture": "#0"},
				"east": {"uv": [8.25, 12.25, 8.75, 12.75], "texture": "#0"},
				"south": {"uv": [8.75, 12.25, 9.25, 12.75], "texture": "#0"},
				"west": {"uv": [12.25, 11.5, 12.75, 12], "texture": "#0"},
				"up": {"uv": [12.75, 12.5, 12.25, 12], "texture": "#0"},
				"down": {"uv": [0.5, 12.5, 0, 13], "texture": "#0"}
			}
		},
		{
			"from": [2, 22, 2],
			"to": [4, 23, 4],
			"faces": {
				"north": {"uv": [2.5, 12.75, 3, 13], "texture": "#0"},
				"east": {"uv": [3, 12.75, 3.5, 13], "texture": "#0"},
				"south": {"uv": [3.5, 12.75, 4, 13], "texture": "#0"},
				"west": {"uv": [4, 12.75, 4.5, 13], "texture": "#0"},
				"up": {"uv": [1, 13, 0.5, 12.5], "texture": "#0"},
				"down": {"uv": [1.5, 12.5, 1, 13], "texture": "#0"}
			}
		},
		{
			"from": [2, 22.9, 2],
			"to": [3, 24.65, 3],
			"rotation": {"angle": 0, "axis": "y", "origin": [2.5, 24, 2.5]},
			"faces": {
				"north": {"uv": [1.5, 11.25, 1.75, 11.75], "texture": "#0"},
				"east": {"uv": [6.5, 12.5, 6.75, 13], "texture": "#0"},
				"south": {"uv": [1.5, 12.75, 1.75, 13.25], "texture": "#0"},
				"west": {"uv": [4.5, 12.75, 4.75, 13.25], "texture": "#0"},
				"up": {"uv": [10.5, 10.75, 10.25, 10.5], "texture": "#0"},
				"down": {"uv": [5, 12.75, 4.75, 13], "texture": "#0"}
			}
		},
		{
			"from": [2.4, 24.4, 2],
			"to": [3.4, 25.8, 3],
			"rotation": {"angle": -45, "axis": "z", "origin": [2.5, 25, 2.5]},
			"faces": {
				"north": {"uv": [5, 12.75, 5.25, 13], "texture": "#0"},
				"east": {"uv": [5.25, 12.75, 5.5, 13], "texture": "#0"},
				"south": {"uv": [5.5, 12.75, 5.75, 13], "texture": "#0"},
				"west": {"uv": [12.75, 5.5, 13, 5.75], "texture": "#0"},
				"up": {"uv": [6, 13, 5.75, 12.75], "texture": "#0"},
				"down": {"uv": [13, 5.75, 12.75, 6], "texture": "#0"}
			}
		},
		{
			"from": [6, 0, 15],
			"to": [7, 3, 16],
			"faces": {
				"north": {"uv": [0, 0, 0.25, 0.75], "texture": "#0"},
				"east": {"uv": [0, 0, 0.25, 0.75], "texture": "#0"},
				"south": {"uv": [0, 0, 0.25, 0.75], "texture": "#0"},
				"west": {"uv": [0, 0, 0.25, 0.75], "texture": "#0"},
				"up": {"uv": [0, 0, 0.25, 0.25], "texture": "#0"},
				"down": {"uv": [0, 0, 0.25, 0.25], "texture": "#0"}
			}
		},
		{
			"from": [5, 3, 15],
			"to": [6, 5, 16],
			"faces": {
				"north": {"uv": [0, 0, 0.25, 0.5], "texture": "#0"},
				"east": {"uv": [0, 0, 0.25, 0.5], "texture": "#0"},
				"south": {"uv": [0, 0, 0.25, 0.5], "texture": "#0"},
				"west": {"uv": [0, 0, 0.25, 0.5], "texture": "#0"},
				"up": {"uv": [0, 0, 0.25, 0.25], "texture": "#0"},
				"down": {"uv": [0, 0, 0.25, 0.25], "texture": "#0"}
			}
		},
		{
			"from": [6, 5, 15],
			"to": [7, 7, 16],
			"faces": {
				"north": {"uv": [0, 0, 0.25, 0.5], "texture": "#0"},
				"east": {"uv": [0, 0, 0.25, 0.5], "texture": "#0"},
				"south": {"uv": [0, 0, 0.25, 0.5], "texture": "#0"},
				"west": {"uv": [0, 0, 0.25, 0.5], "texture": "#0"},
				"up": {"uv": [0, 0, 0.25, 0.25], "texture": "#0"},
				"down": {"uv": [0, 0, 0.25, 0.25], "texture": "#0"}
			}
		},
		{
			"from": [7, 7, 15],
			"to": [8, 10, 16],
			"faces": {
				"north": {"uv": [0, 0, 0.25, 0.75], "texture": "#0"},
				"east": {"uv": [0, 0, 0.25, 0.75], "texture": "#0"},
				"south": {"uv": [0, 0, 0.25, 0.75], "texture": "#0"},
				"west": {"uv": [0, 0, 0.25, 0.75], "texture": "#0"},
				"up": {"uv": [0, 0, 0.25, 0.25], "texture": "#0"},
				"down": {"uv": [0, 0, 0.25, 0.25], "texture": "#0"}
			}
		},
		{
			"from": [6, 10, 15],
			"to": [7, 13, 16],
			"faces": {
				"north": {"uv": [0, 0, 0.25, 0.75], "texture": "#0"},
				"east": {"uv": [0, 0, 0.25, 0.75], "texture": "#0"},
				"south": {"uv": [0, 0, 0.25, 0.75], "texture": "#0"},
				"west": {"uv": [0, 0, 0.25, 0.75], "texture": "#0"},
				"up": {"uv": [0, 0, 0.25, 0.25], "texture": "#0"},
				"down": {"uv": [0, 0, 0.25, 0.25], "texture": "#0"}
			}
		},
		{
			"from": [7, 13, 15],
			"to": [8, 15, 16],
			"faces": {
				"north": {"uv": [0, 0, 0.25, 0.5], "texture": "#0"},
				"east": {"uv": [0, 0, 0.25, 0.5], "texture": "#0"},
				"south": {"uv": [0, 0, 0.25, 0.5], "texture": "#0"},
				"west": {"uv": [0, 0, 0.25, 0.5], "texture": "#0"},
				"up": {"uv": [0, 0, 0.25, 0.25], "texture": "#0"},
				"down": {"uv": [0, 0, 0.25, 0.25], "texture": "#0"}
			}
		},
		{
			"from": [8, 15, 15],
			"to": [9, 17, 16],
			"faces": {
				"north": {"uv": [0, 0, 0.25, 0.5], "texture": "#0"},
				"east": {"uv": [0, 0, 0.25, 0.5], "texture": "#0"},
				"south": {"uv": [0, 0, 0.25, 0.5], "texture": "#0"},
				"west": {"uv": [0, 0, 0.25, 0.5], "texture": "#0"},
				"up": {"uv": [0, 0, 0.25, 0.25], "texture": "#0"},
				"down": {"uv": [0, 0, 0.25, 0.25], "texture": "#0"}
			}
		},
		{
			"from": [7, 17, 15],
			"to": [8, 19, 16],
			"faces": {
				"north": {"uv": [0, 0, 0.25, 0.5], "texture": "#0"},
				"east": {"uv": [0, 0, 0.25, 0.5], "texture": "#0"},
				"south": {"uv": [0, 0, 0.25, 0.5], "texture": "#0"},
				"west": {"uv": [0, 0, 0.25, 0.5], "texture": "#0"},
				"up": {"uv": [0, 0, 0.25, 0.25], "texture": "#0"},
				"down": {"uv": [0, 0, 0.25, 0.25], "texture": "#0"}
			}
		},
		{
			"from": [8, 19, 15],
			"to": [9, 21, 16],
			"faces": {
				"north": {"uv": [0, 0, 0.25, 0.5], "texture": "#0"},
				"east": {"uv": [0, 0, 0.25, 0.5], "texture": "#0"},
				"south": {"uv": [0, 0, 0.25, 0.5], "texture": "#0"},
				"west": {"uv": [0, 0, 0.25, 0.5], "texture": "#0"},
				"up": {"uv": [0, 0, 0.25, 0.25], "texture": "#0"},
				"down": {"uv": [0, 0, 0.25, 0.25], "texture": "#0"}
			}
		},
		{
			"from": [7, 21, 15],
			"to": [8, 22, 16],
			"faces": {
				"north": {"uv": [0, 0, 0.25, 0.25], "texture": "#0"},
				"east": {"uv": [0, 0, 0.25, 0.25], "texture": "#0"},
				"south": {"uv": [0, 0, 0.25, 0.25], "texture": "#0"},
				"west": {"uv": [0, 0, 0.25, 0.25], "texture": "#0"},
				"up": {"uv": [0, 0, 0.25, 0.25], "texture": "#0"},
				"down": {"uv": [0, 0, 0.25, 0.25], "texture": "#0"}
			}
		}
	],
	"groups": [
		{
			"name": "base",
			"origin": [0, 0, 0],
			"color": 0,
			"nbt": "{}",
			"armAnimationEnabled": false,
			"children": [0, 1, 2, 3, 4, 5, 6, 7, 8, 9, 10, 11, 12]
		},
		{
			"name": "tap",
			"origin": [8, 8, 8],
			"color": 0,
			"nbt": "{}",
			"armAnimationEnabled": false,
			"children": [13, 14, 15]
		},
		{
			"name": "fountain",
			"origin": [8, 8, 8],
			"color": 0,
			"nbt": "{}",
			"armAnimationEnabled": false,
			"children": [16, 17, 18]
		},
		{
			"name": "wiring",
			"origin": [8, 8, 8],
			"color": 0,
			"nbt": "{}",
			"armAnimationEnabled": false,
			"children": [19, 20, 21, 22, 23, 24, 25, 26, 27, 28]
		}
	]
}