{
	"elements": [
		{
			"name": "octagon",
			"from": [6.96447, 0.5, 5.5],
			"to": [9.03553, 1.497, 10.5],
			"rotation": {"angle": 45, "axis": "y", "origin": [8, 8, 8]},
			"faces": {
				"north": {"uv": [0, 0, 2.07106, 0.997], "texture": "#0"},
				"east": {"uv": [0, 0, 5, 0.997], "texture": "#0"},
				"south": {"uv": [0, 0, 2.07106, 0.997], "texture": "#0"},
				"west": {"uv": [0, 0, 5, 0.997], "texture": "#0"},
				"up": {"uv": [0, 0, 2.07106, 5], "texture": "#0"},
				"down": {"uv": [0, 0, 2.07106, 5], "texture": "#0"}
			}
		},
		{
			"name": "octagon",
			"from": [6.96447, 0.5, 5.5],
			"to": [9.03553, 1.499, 10.5],
			"rotation": {"angle": 0, "axis": "y", "origin": [8, 8, 8]},
			"faces": {
				"north": {"uv": [0, 0, 2.07106, 0.999], "texture": "#0"},
				"east": {"uv": [0, 0, 5, 0.999], "texture": "#0"},
				"south": {"uv": [0, 0, 2.07106, 0.999], "texture": "#0"},
				"west": {"uv": [0, 0, 5, 0.999], "texture": "#0"},
				"up": {"uv": [0, 0, 2.07106, 5], "texture": "#0"},
				"down": {"uv": [0, 0, 2.07106, 5], "texture": "#0"}
			}
		},
		{
			"name": "octagon",
			"from": [5.5, 0.5, 6.96447],
			"to": [10.5, 1.5, 9.03553],
			"rotation": {"angle": 45, "axis": "y", "origin": [8, 8, 8]},
			"faces": {
				"north": {"uv": [0, 0, 5, 1], "texture": "#0"},
				"east": {"uv": [0, 0, 2.07106, 1], "texture": "#0"},
				"south": {"uv": [0, 0, 5, 1], "texture": "#0"},
				"west": {"uv": [0, 0, 2.07106, 1], "texture": "#0"},
				"up": {"uv": [0, 0, 5, 2.07106], "texture": "#0"},
				"down": {"uv": [0, 0, 5, 2.07106], "texture": "#0"}
			}
		},
		{
			"name": "octagon",
			"from": [5.5, 0.5, 6.96447],
			"to": [10.5, 1.498, 9.03553],
			"rotation": {"angle": 0, "axis": "y", "origin": [8, 8, 8]},
			"faces": {
				"north": {"uv": [0, 0, 5, 0.998], "texture": "#0"},
				"east": {"uv": [0, 0, 2.07106, 0.998], "texture": "#0"},
				"south": {"uv": [0, 0, 5, 0.998], "texture": "#0"},
				"west": {"uv": [0, 0, 2.07106, 0.998], "texture": "#0"},
				"up": {"uv": [0, 0, 5, 2.07106], "texture": "#0"},
				"down": {"uv": [0, 0, 5, 2.07106], "texture": "#0"}
			}
		},
		{
			"name": "octagon",
			"from": [4.68629, 16, 0],
			"to": [11.31371, 16.999, 16],
			"rotation": {"angle": 45, "axis": "y", "origin": [8, 16, 8]},
			"faces": {
				"north": {"uv": [0, 0, 6.62742, 0.999], "texture": "#0"},
				"east": {"uv": [0, 0, 16, 0.999], "texture": "#0"},
				"south": {"uv": [0, 0, 6.62742, 0.999], "texture": "#0"},
				"west": {"uv": [0, 0, 16, 0.999], "texture": "#0"},
				"up": {"uv": [4, 0, 10.62742, 16], "texture": "#1"},
				"down": {"uv": [0, 0, 6.62742, 16], "texture": "#0"}
			}
		},
		{
			"name": "octagon",
			"from": [4.68629, 16, 0],
			"to": [11.31371, 16.997, 16],
			"rotation": {"angle": 0, "axis": "y", "origin": [8, 16, 8]},
			"faces": {
				"north": {"uv": [0, 0, 6.62742, 0.997], "texture": "#0"},
				"east": {"uv": [0, 0, 16, 0.997], "texture": "#0"},
				"south": {"uv": [0, 0, 6.62742, 0.997], "texture": "#0"},
				"west": {"uv": [0, 0, 16, 0.997], "texture": "#0"},
				"up": {"uv": [5, 0, 11.62742, 16], "texture": "#1"},
				"down": {"uv": [0, 0, 6.62742, 16], "texture": "#0"}
			}
		},
		{
			"name": "octagon",
			"from": [0, 16, 4.68629],
			"to": [16, 16.998, 11.31371],
			"rotation": {"angle": 45, "axis": "y", "origin": [8, 16, 8]},
			"faces": {
				"north": {"uv": [0, 0, 16, 0.998], "texture": "#0"},
				"east": {"uv": [0, 0, 6.62742, 0.998], "texture": "#0"},
				"south": {"uv": [0, 0, 16, 0.998], "texture": "#0"},
				"west": {"uv": [0, 0, 6.62742, 0.998], "texture": "#0"},
				"up": {"uv": [0, 4, 16, 10.62742], "texture": "#1"},
				"down": {"uv": [0, 0, 16, 6.62742], "texture": "#0"}
			}
		},
		{
			"name": "octagon",
			"from": [0, 16, 4.68629],
			"to": [16, 16.9999, 11.31371],
			"rotation": {"angle": 0, "axis": "y", "origin": [8, 16, 8]},
			"faces": {
				"north": {"uv": [0, 0, 16, 0.9999], "texture": "#0"},
				"east": {"uv": [0, 0, 6.62742, 0.9999], "texture": "#0"},
				"south": {"uv": [0, 0, 16, 0.9999], "texture": "#0"},
				"west": {"uv": [0, 0, 6.62742, 0.9999], "texture": "#0"},
				"up": {"uv": [0, 4.375, 16, 11.00242], "texture": "#1"},
				"down": {"uv": [0, 0, 16, 6.62742], "texture": "#0"}
			}
		},
		{
			"name": "octagon",
			"from": [6.75736, 15, 5],
			"to": [9.24264, 16, 11],
			"rotation": {"angle": 45, "axis": "y", "origin": [8, 15, 8]},
			"faces": {
				"north": {"uv": [0, 0, 2.48528, 1], "texture": "#0"},
				"east": {"uv": [0, 0, 6, 1], "texture": "#0"},
				"south": {"uv": [0, 0, 2.48528, 1], "texture": "#0"},
				"west": {"uv": [0, 0, 6, 1], "texture": "#0"},
				"up": {"uv": [0, 0, 2.48528, 6], "texture": "#0"},
				"down": {"uv": [0, 0, 2.48528, 6], "texture": "#0"}
			}
		},
		{
			"name": "octagon",
			"from": [6.75736, 15, 5],
			"to": [9.24264, 16, 11],
			"rotation": {"angle": 0, "axis": "y", "origin": [8, 15, 8]},
			"faces": {
				"north": {"uv": [0, 0, 2.48528, 1], "texture": "#0"},
				"east": {"uv": [0, 0, 6, 1], "texture": "#0"},
				"south": {"uv": [0, 0, 2.48528, 1], "texture": "#0"},
				"west": {"uv": [0, 0, 6, 1], "texture": "#0"},
				"up": {"uv": [0, 0, 2.48528, 6], "texture": "#0"},
				"down": {"uv": [0, 0, 2.48528, 6], "texture": "#0"}
			}
		},
		{
			"name": "octagon",
			"from": [5, 15, 6.75736],
			"to": [11, 16, 9.24264],
			"rotation": {"angle": 45, "axis": "y", "origin": [8, 15, 8]},
			"faces": {
				"north": {"uv": [0, 0, 6, 1], "texture": "#0"},
				"east": {"uv": [0, 0, 2.48528, 1], "texture": "#0"},
				"south": {"uv": [0, 0, 6, 1], "texture": "#0"},
				"west": {"uv": [0, 0, 2.48528, 1], "texture": "#0"},
				"up": {"uv": [0, 0, 6, 2.48528], "texture": "#0"},
				"down": {"uv": [0, 0, 6, 2.48528], "texture": "#0"}
			}
		},
		{
			"name": "octagon",
			"from": [5, 15, 6.75736],
			"to": [11, 16, 9.24264],
			"rotation": {"angle": 0, "axis": "y", "origin": [8, 15, 8]},
			"faces": {
				"north": {"uv": [0, 0, 6, 1], "texture": "#0"},
				"east": {"uv": [0, 0, 2.48528, 1], "texture": "#0"},
				"south": {"uv": [0, 0, 6, 1], "texture": "#0"},
				"west": {"uv": [0, 0, 2.48528, 1], "texture": "#0"},
				"up": {"uv": [0, 0, 6, 2.48528], "texture": "#0"},
				"down": {"uv": [0, 0, 6, 2.48528], "texture": "#0"}
			}
		},
		{
			"name": "octagon",
			"from": [7.58579, 0.5, 7],
			"to": [8.41421, 15.5, 9],
			"rotation": {"angle": 45, "axis": "y", "origin": [8, 8, 8]},
			"faces": {
				"north": {"uv": [0, 0, 0.82842, 15], "texture": "#0"},
				"east": {"uv": [0, 0, 2, 15], "texture": "#0"},
				"south": {"uv": [0, 0, 0.82842, 15], "texture": "#0"},
				"west": {"uv": [0, 0, 2, 15], "texture": "#0"},
				"up": {"uv": [0, 0, 0.82842, 2], "texture": "#0"},
				"down": {"uv": [0, 0, 0.82842, 2], "texture": "#0"}
			}
		},
		{
			"name": "octagon",
			"from": [7.58579, 0.5, 7],
			"to": [8.41421, 15.5, 9],
			"rotation": {"angle": 0, "axis": "y", "origin": [8, 8, 8]},
			"faces": {
				"north": {"uv": [0, 0, 0.82842, 15], "texture": "#0"},
				"east": {"uv": [0, 0, 2, 15], "texture": "#0"},
				"south": {"uv": [0, 0, 0.82842, 15], "texture": "#0"},
				"west": {"uv": [0, 0, 2, 15], "texture": "#0"},
				"up": {"uv": [0, 0, 0.82842, 2], "texture": "#0"},
				"down": {"uv": [0, 0, 0.82842, 2], "texture": "#0"}
			}
		},
		{
			"name": "octagon",
			"from": [7, 0.5, 7.58579],
			"to": [9, 15.5, 8.41421],
			"rotation": {"angle": 45, "axis": "y", "origin": [8, 8, 8]},
			"faces": {
				"north": {"uv": [0, 0, 2, 15], "texture": "#0"},
				"east": {"uv": [0, 0, 0.82842, 15], "texture": "#0"},
				"south": {"uv": [0, 0, 2, 15], "texture": "#0"},
				"west": {"uv": [0, 0, 0.82842, 15], "texture": "#0"},
				"up": {"uv": [0, 0, 2, 0.82842], "texture": "#0"},
				"down": {"uv": [0, 0, 2, 0.82842], "texture": "#0"}
			}
		},
		{
			"name": "octagon",
			"from": [7, 0.5, 7.58579],
			"to": [9, 15.5, 8.41421],
			"rotation": {"angle": 0, "axis": "y", "origin": [8, 8, 8]},
			"faces": {
				"north": {"uv": [0, 0, 2, 15], "texture": "#0"},
				"east": {"uv": [0, 0, 0.82842, 15], "texture": "#0"},
				"south": {"uv": [0, 0, 2, 15], "texture": "#0"},
				"west": {"uv": [0, 0, 0.82842, 15], "texture": "#0"},
				"up": {"uv": [0, 0, 2, 0.82842], "texture": "#0"},
				"down": {"uv": [0, 0, 2, 0.82842], "texture": "#0"}
			}
		}
	],
	"display": {
		"firstperson_righthand": {
			"rotation": [0, -90, 25],
			"translation": [1.13, 0, 1.13],
			"scale": [0.68, 0.68, 0.68]
		},
		"firstperson_lefthand": {
			"rotation": [0, -90, 25],
			"translation": [1.13, 0, 1.13],
			"scale": [0.68, 0.68, 0.68]
		},
		"ground": {
			"translation": [0, 2, 0],
			"scale": [0.5, 0.5, 0.5]
		},
		"gui": {
			"rotation": [30, 225, 0],
			"translation": [0, -1, 0],
			"scale": [0.625, 0.625, 0.625]
		},
		"head": {
			"rotation": [-60, 0, 0],
			"translation": [0, 7.5, -11.5],
			"scale": [1.6, 1.6, 1.6]
		},
		"fixed": {
			"rotation": [90, -180, -180],
			"translation": [0, 0, -14],
			"scale": [2.001, 2.001, 2.001]
		}
	},
	"groups": [
		{
			"name": "group",
			"origin": [8, 8, 8],
			"children": [
				{
					"name": "base",
					"origin": [8, 8, 8],
					"children": [0, 1, 2, 3]
				},
				{
					"name": "octagon",
					"origin": [8, 8, 8],
					"children": [4, 5, 6, 7]
				},
				{
					"name": "octagon",
					"origin": [8, 8, 8],
					"children": [8, 9, 10, 11]
				},
				{
					"name": "trunk",
					"origin": [8, 8, 8],
					"children": [12, 13, 14, 15]
				}
			]
		}
	]
}