{
	"credit": "Made with Blockbench",
	"textures": {
		"0": "misc/kaguya_cloth",
		"particle": "misc/kaguya_cloth"
	},
	"elements": [
		{
			"from": [7, 7, 7.5],
			"to": [8.2, 9, 8.5],
			"rotation": {"angle": -22.5, "axis": "y", "origin": [8, 8, 8]},
			"faces": {
				"north": {"uv": [0, 0, 1.2, 2], "texture": "#0"},
				"east": {"uv": [0, 0, 1, 2], "texture": "#0"},
				"south": {"uv": [0, 0, 1.2, 2], "texture": "#0"},
				"west": {"uv": [0, 0, 1, 2], "texture": "#0"},
				"up": {"uv": [0, 0, 1, 1.2], "rotation": 90, "texture": "#0"},
				"down": {"uv": [0, 0, 1, 1.2], "rotation": 270, "texture": "#0"}
			}
		},
		{
			"from": [7.8, 7, 7.5],
			"to": [9, 9, 8.5],
			"rotation": {"angle": 22.5, "axis": "y", "origin": [8, 8, 8]},
			"faces": {
				"north": {"uv": [0, 0, 1.2, 2], "texture": "#0"},
				"east": {"uv": [0, 0, 1, 2], "texture": "#0"},
				"south": {"uv": [0, 0, 1.2, 2], "texture": "#0"},
				"west": {"uv": [0, 0, 1, 2], "texture": "#0"},
				"up": {"uv": [0, 0, 1, 1.2], "rotation": 90, "texture": "#0"},
				"down": {"uv": [0, 0, 1, 1.2], "rotation": 270, "texture": "#0"}
			}
		},
		{
			"from": [7.8, 7, 6.875],
			"to": [9, 9, 7.875],
			"rotation": {"angle": -22.5, "axis": "y", "origin": [8, 8, 7.375]},
			"faces": {
				"north": {"uv": [7, 6, 8.2, 8], "texture": "#0"},
				"east": {"uv": [0, 0, 1, 2], "texture": "#0"},
				"south": {"uv": [0, 0, 1.2, 2], "texture": "#0"},
				"west": {"uv": [0, 0, 1, 2], "texture": "#0"},
				"up": {"uv": [0, 0, 1, 1.2], "rotation": 270, "texture": "#0"},
				"down": {"uv": [0, 0, 1, 1.2], "rotation": 90, "texture": "#0"}
			}
		},
		{
			"from": [7, 7, 6.875],
			"to": [8.2, 9, 7.875],
			"rotation": {"angle": 22.5, "axis": "y", "origin": [8, 8, 7.375]},
			"faces": {
				"north": {"uv": [8, 6, 9.2, 8], "texture": "#0"},
				"east": {"uv": [0, 0, 1, 2], "texture": "#0"},
				"south": {"uv": [0, 0, 1.2, 2], "texture": "#0"},
				"west": {"uv": [0, 0, 1, 2], "texture": "#0"},
				"up": {"uv": [0, 0, 1, 1.2], "rotation": 270, "texture": "#0"},
				"down": {"uv": [0, 0, 1, 1.2], "rotation": 90, "texture": "#0"}
			}
		},
		{
			"from": [8.225, 2.975, 7.5],
			"to": [10.525, 9, 8.5],
			"rotation": {"angle": 45, "axis": "z", "origin": [9.5, 7.5, 8]},
			"faces": {
				"north": {"uv": [0, 1, 2, 16], "texture": "#0"},
				"east": {"uv": [0, 1, 1, 16], "texture": "#0"},
				"south": {"uv": [0, 1, 2, 16], "texture": "#0"},
				"west": {"uv": [0, 0, 1, 6.025], "texture": "#0"},
				"up": {"uv": [0, 0, 1, 2.3], "rotation": 90, "texture": "#0"},
				"down": {"uv": [0, 0, 1, 2.3], "rotation": 270, "texture": "#0"}
			}
		},
		{
			"from": [8.3, 2.825, 7.475],
			"to": [10.05, 8.825, 8.475],
			"rotation": {"angle": 22.5, "axis": "z", "origin": [9.5, 7.5, 8]},
			"faces": {
				"north": {"uv": [0, 2, 2, 16], "texture": "#0"},
				"east": {"uv": [0, 1, 1, 16], "texture": "#0"},
				"south": {"uv": [0, 0, 2, 16], "texture": "#0"},
				"west": {"uv": [0, 1, 1, 16], "texture": "#0"},
				"up": {"uv": [0, 0, 1, 1.75], "rotation": 90, "texture": "#0"},
				"down": {"uv": [0, 0, 1, 1.75], "rotation": 270, "texture": "#0"}
			}
		},
		{
			"from": [5.475, 2.975, 7.5],
			"to": [7.775, 9, 8.5],
			"rotation": {"angle": -45, "axis": "z", "origin": [6.5, 7.5, 8]},
			"faces": {
				"north": {"uv": [0, 1, 2, 16], "texture": "#0"},
				"east": {"uv": [1, 0, 2, 6.025], "texture": "#0"},
				"south": {"uv": [0, 1, 2, 16], "texture": "#0"},
				"west": {"uv": [0, 1, 1, 16], "texture": "#0"},
				"up": {"uv": [0, 2.3, 1, 4.6], "rotation": 90, "texture": "#0"},
				"down": {"uv": [0, 2.3, 1, 4.6], "rotation": 270, "texture": "#0"}
			}
		},
		{
			"from": [5.95, 2.825, 7.475],
			"to": [7.7, 8.825, 8.475],
			"rotation": {"angle": -22.5, "axis": "z", "origin": [6.5, 7.5, 8]},
			"faces": {
				"north": {"uv": [2, 2, 0, 16], "texture": "#0"},
				"east": {"uv": [1, 0, 0, 6], "texture": "#0"},
				"south": {"uv": [2, 0, 0, 16], "texture": "#0"},
				"west": {"uv": [1, 2, 0, 16], "texture": "#0"},
				"up": {"uv": [0, 1.75, 1, 0], "rotation": 90, "texture": "#0"},
				"down": {"uv": [0, 1.75, 1, 0], "rotation": 270, "texture": "#0"}
			}
		}
	],
	"display": {
		"head": {
			"rotation": [-13.75, -180, 0],
			"translation": [0, 2.5, 7.25],
			"scale": [2, 2, 2]
		}
	},
	"groups": [
		{
			"name": "group",
			"origin": [6.5, 7.5, 8],
			"color": 0,
			"children": [0, 1, 2, 3, 4, 5, 6, 7]
		}
	]
}