{
	"credit": "Made with Blockbench",
	"texture_size": [32, 32],
	"textures": {
		"0": "furniture/barrel",
		"particle": "furniture/barrel"
	},
	"elements": [
		{
			"name": "octagon",
			"from": [5.10051, 0.5, 1],
			"to": [10.89949, 16, 15],
			"rotation": {"angle": 45, "axis": "y", "origin": [8, 1, 8]},
			"faces": {
				"north": {"uv": [0, 0, 2.89949, 7.75], "texture": "#0"},
				"east": {"uv": [0, 0, 7, 7.75], "texture": "#0"},
				"south": {"uv": [0, 0, 2.89949, 7.75], "texture": "#0"},
				"west": {"uv": [0, 0, 7, 7.75], "texture": "#0"},
				"up": {"uv": [0, 8, 2.89949, 15], "texture": "#0"},
				"down": {"uv": [0, 8, 2.89949, 15], "texture": "#0"}
			}
		},
		{
			"name": "octagon",
			"from": [5.10051, 0.5, 1],
			"to": [10.89949, 16, 15],
			"rotation": {"angle": 0, "axis": "y", "origin": [8, 1, 8]},
			"faces": {
				"north": {"uv": [0, 0, 2.89949, 7.75], "texture": "#0"},
				"east": {"uv": [0, 0, 7, 7.75], "texture": "#0"},
				"south": {"uv": [0, 0, 2.89949, 7.75], "texture": "#0"},
				"west": {"uv": [0, 0, 7, 7.75], "texture": "#0"},
				"up": {"uv": [0, 8, 2.89949, 15], "texture": "#0"},
				"down": {"uv": [0, 8, 2.89949, 15], "texture": "#0"}
			}
		},
		{
			"name": "octagon",
			"from": [1, 0.5, 5.10051],
			"to": [15, 16, 10.89949],
			"rotation": {"angle": 45, "axis": "y", "origin": [8, 1, 8]},
			"faces": {
				"north": {"uv": [0, 0, 7, 7.75], "texture": "#0"},
				"east": {"uv": [0, 0, 2.89949, 7.75], "texture": "#0"},
				"south": {"uv": [0, 0, 7, 7.75], "texture": "#0"},
				"west": {"uv": [0, 0, 2.89949, 7.75], "texture": "#0"},
				"up": {"uv": [3, 8, 10, 10.89949], "texture": "#0"},
				"down": {"uv": [3, 8, 10, 10.89949], "texture": "#0"}
			}
		},
		{
			"name": "octagon",
			"from": [1, 0.5, 5.10051],
			"to": [15, 16, 10.89949],
			"rotation": {"angle": 0, "axis": "y", "origin": [8, 1, 8]},
			"faces": {
				"north": {"uv": [0, 0, 7, 7.75], "texture": "#0"},
				"east": {"uv": [0, 0, 2.89949, 7.75], "texture": "#0"},
				"south": {"uv": [0, 0, 7, 7.75], "texture": "#0"},
				"west": {"uv": [0, 0, 2.89949, 7.75], "texture": "#0"},
				"up": {"uv": [3, 8, 10, 10.89949], "texture": "#0"},
				"down": {"uv": [3, 8, 10, 10.89949], "texture": "#0"}
			}
		},
		{
			"name": "octagon",
			"from": [4.99695, 1.5, 0.75],
			"to": [11.00305, 2.5, 15.25],
			"rotation": {"angle": 45, "axis": "y", "origin": [8, 2, 8]},
			"faces": {
				"north": {"uv": [13, 0, 16.00305, 0.5], "texture": "#0"},
				"east": {"uv": [9, 0, 16.25, 0.5], "texture": "#0"},
				"south": {"uv": [13, 0, 16.00305, 0.5], "texture": "#0"},
				"west": {"uv": [9, 0, 16.25, 0.5], "texture": "#0"},
				"up": {"uv": [13, 0, 16.00305, 7.25], "texture": "#0"},
				"down": {"uv": [13, 0, 16.00305, 7.25], "texture": "#0"}
			}
		},
		{
			"name": "octagon",
			"from": [4.99695, 1.5, 0.75],
			"to": [11.00305, 2.5, 15.25],
			"rotation": {"angle": 0, "axis": "y", "origin": [8, 2, 8]},
			"faces": {
				"north": {"uv": [13, 0, 16.00305, 0.5], "texture": "#0"},
				"east": {"uv": [9, 0, 16.25, 0.5], "texture": "#0"},
				"south": {"uv": [13, 0, 16.00305, 0.5], "texture": "#0"},
				"west": {"uv": [9, 0, 16.25, 0.5], "texture": "#0"},
				"up": {"uv": [13, 0, 16.00305, 7.25], "texture": "#0"},
				"down": {"uv": [13, 0, 16.00305, 7.25], "texture": "#0"}
			}
		},
		{
			"name": "octagon",
			"from": [0.75, 1.5, 4.99695],
			"to": [15.25, 2.5, 11.00305],
			"rotation": {"angle": 45, "axis": "y", "origin": [8, 2, 8]},
			"faces": {
				"north": {"uv": [9, 0, 16.25, 0.5], "texture": "#0"},
				"east": {"uv": [13, 0, 16.00305, 0.5], "texture": "#0"},
				"south": {"uv": [9, 0, 16.25, 0.5], "texture": "#0"},
				"west": {"uv": [9, 0, 16.25, 0.5], "texture": "#0"},
				"up": {"uv": [9, 4.5, 16.25, 7.50305], "texture": "#0"},
				"down": {"uv": [9, 4.5, 16.25, 7.50305], "texture": "#0"}
			}
		},
		{
			"name": "octagon",
			"from": [0.75, 1.5, 4.99695],
			"to": [15.25, 2.5, 11.00305],
			"rotation": {"angle": 0, "axis": "y", "origin": [8, 2, 8]},
			"faces": {
				"north": {"uv": [9, 0, 16.25, 0.5], "texture": "#0"},
				"east": {"uv": [13, 0, 16.00305, 0.5], "texture": "#0"},
				"south": {"uv": [9, 0, 16.25, 0.5], "texture": "#0"},
				"west": {"uv": [9, 0, 16.25, 0.5], "texture": "#0"},
				"up": {"uv": [9, 4.5, 16.25, 7.50305], "texture": "#0"},
				"down": {"uv": [9, 4.5, 16.25, 7.50305], "texture": "#0"}
			}
		},
		{
			"name": "octagon",
			"from": [4.99695, 14.5, 0.75],
			"to": [11.00305, 15.5, 15.25],
			"rotation": {"angle": 45, "axis": "y", "origin": [8, 15, 8]},
			"faces": {
				"north": {"uv": [13, 0, 16.00305, 0.5], "texture": "#0"},
				"east": {"uv": [9, 0, 16.25, 0.5], "texture": "#0"},
				"south": {"uv": [13, 0, 16.00305, 0.5], "texture": "#0"},
				"west": {"uv": [9, 0, 16.25, 0.5], "texture": "#0"},
				"up": {"uv": [13, 0, 16.00305, 7.25], "texture": "#0"},
				"down": {"uv": [13, 0, 16.00305, 7.25], "texture": "#0"}
			}
		},
		{
			"name": "octagon",
			"from": [4.99695, 14.5, 0.75],
			"to": [11.00305, 15.5, 15.25],
			"rotation": {"angle": 0, "axis": "y", "origin": [8, 15, 8]},
			"faces": {
				"north": {"uv": [13, 0, 16.00305, 0.5], "texture": "#0"},
				"east": {"uv": [9, 0, 16.25, 0.5], "texture": "#0"},
				"south": {"uv": [13, 0, 16.00305, 0.5], "texture": "#0"},
				"west": {"uv": [9, 0, 16.25, 0.5], "texture": "#0"},
				"up": {"uv": [13, 0, 16.00305, 7.25], "texture": "#0"},
				"down": {"uv": [13, 0, 16.00305, 7.25], "texture": "#0"}
			}
		},
		{
			"name": "octagon",
			"from": [0.75, 14.5, 4.99695],
			"to": [15.25, 15.5, 11.00305],
			"rotation": {"angle": 45, "axis": "y", "origin": [8, 15, 8]},
			"faces": {
				"north": {"uv": [9, 0, 16.25, 0.5], "texture": "#0"},
				"east": {"uv": [13, 0, 16.00305, 0.5], "texture": "#0"},
				"south": {"uv": [9, 0, 16.25, 0.5], "texture": "#0"},
				"west": {"uv": [13, 0, 16.00305, 0.5], "texture": "#0"},
				"up": {"uv": [9, 4.5, 16.25, 7.50305], "texture": "#0"},
				"down": {"uv": [8.75, 4.5, 16, 7.50305], "texture": "#0"}
			}
		},
		{
			"name": "octagon",
			"from": [0.75, 14.5, 4.99695],
			"to": [15.25, 15.5, 11.00305],
			"rotation": {"angle": 0, "axis": "y", "origin": [8, 15, 8]},
			"faces": {
				"north": {"uv": [9, 0, 16.25, 0.5], "texture": "#0"},
				"east": {"uv": [13, 0, 16.00305, 0.5], "texture": "#0"},
				"south": {"uv": [9, 0, 16.25, 0.5], "texture": "#0"},
				"west": {"uv": [13, 0, 16.00305, 0.5], "texture": "#0"},
				"up": {"uv": [9, 4.5, 16.25, 7.50305], "texture": "#0"},
				"down": {"uv": [9, 4.5, 16.25, 7.50305], "texture": "#0"}
			}
		},
		{
			"name": "octagon",
			"from": [5.20406, 16, 14.25],
			"to": [10.79594, 16.5, 14.75],
			"rotation": {"angle": 45, "axis": "y", "origin": [8, 16, 8]},
			"faces": {
				"north": {"uv": [0, 0, 2.79594, 0.25], "texture": "#0"},
				"east": {"uv": [0, 0, 0.25, 0.25], "texture": "#0"},
				"south": {"uv": [0, 0, 2.79594, 0.25], "texture": "#0"},
				"west": {"uv": [0, 0, 0.25, 0.25], "texture": "#0"},
				"up": {"uv": [0, 0, 2.79594, 0.25], "texture": "#0"},
				"down": {"uv": [0, 0, 2.79594, 0.25], "texture": "#0"}
			}
		},
		{
			"name": "octagon",
			"from": [5.20406, 16, 1.25],
			"to": [10.79594, 16.5, 1.75],
			"rotation": {"angle": 45, "axis": "y", "origin": [8, 16, 8]},
			"faces": {
				"north": {"uv": [0, 0, 2.79594, 0.25], "texture": "#0"},
				"east": {"uv": [0, 0, 0.25, 0.25], "texture": "#0"},
				"south": {"uv": [0, 0, 2.79594, 0.25], "texture": "#0"},
				"west": {"uv": [0, 0, 0.25, 0.25], "texture": "#0"},
				"up": {"uv": [0, 0, 2.79594, 0.25], "texture": "#0"},
				"down": {"uv": [0, 0, 2.79594, 0.25], "texture": "#0"}
			}
		},
		{
			"name": "octagon",
			"from": [5.20406, 16, 14.25],
			"to": [10.79594, 16.5, 14.75],
			"rotation": {"angle": 0, "axis": "y", "origin": [8, 16, 8]},
			"faces": {
				"north": {"uv": [0, 0, 2.79594, 0.25], "texture": "#0"},
				"east": {"uv": [0, 0, 0.25, 0.25], "texture": "#0"},
				"south": {"uv": [0, 0, 2.79594, 0.25], "texture": "#0"},
				"west": {"uv": [0, 0, 0.25, 0.25], "texture": "#0"},
				"up": {"uv": [0, 0, 2.79594, 0.25], "texture": "#0"},
				"down": {"uv": [0, 0, 2.79594, 0.25], "texture": "#0"}
			}
		},
		{
			"name": "octagon",
			"from": [5.20406, 16, 1.25],
			"to": [10.79594, 16.5, 1.75],
			"rotation": {"angle": 0, "axis": "y", "origin": [8, 16, 8]},
			"faces": {
				"north": {"uv": [0, 0, 2.79594, 0.25], "texture": "#0"},
				"east": {"uv": [0, 0, 0.25, 0.25], "texture": "#0"},
				"south": {"uv": [0, 0, 2.79594, 0.25], "texture": "#0"},
				"west": {"uv": [0, 0, 0.25, 0.25], "texture": "#0"},
				"up": {"uv": [0, 0, 2.79594, 0.25], "texture": "#0"},
				"down": {"uv": [0, 0, 2.79594, 0.25], "texture": "#0"}
			}
		},
		{
			"name": "octagon",
			"from": [1.25, 16, 5.20406],
			"to": [1.75, 16.5, 10.79594],
			"rotation": {"angle": 45, "axis": "y", "origin": [8, 16, 8]},
			"faces": {
				"north": {"uv": [0, 0, 0.25, 0.25], "texture": "#0"},
				"east": {"uv": [0, 0, 2.79594, 0.25], "texture": "#0"},
				"south": {"uv": [0, 0, 0.25, 0.25], "texture": "#0"},
				"west": {"uv": [0, 0, 2.79594, 0.25], "texture": "#0"},
				"up": {"uv": [0, 0, 0.25, 2.79594], "texture": "#0"},
				"down": {"uv": [0, 0, 0.25, 2.79594], "texture": "#0"}
			}
		},
		{
			"name": "octagon",
			"from": [14.25, 16, 5.20406],
			"to": [14.75, 16.5, 10.79594],
			"rotation": {"angle": 45, "axis": "y", "origin": [8, 16, 8]},
			"faces": {
				"north": {"uv": [0, 0, 0.25, 0.25], "texture": "#0"},
				"east": {"uv": [0, 0, 2.79594, 0.25], "texture": "#0"},
				"south": {"uv": [0, 0, 0.25, 0.25], "texture": "#0"},
				"west": {"uv": [0, 0, 2.79594, 0.25], "texture": "#0"},
				"up": {"uv": [0, 0, 0.25, 2.79594], "texture": "#0"},
				"down": {"uv": [0, 0, 0.25, 2.79594], "texture": "#0"}
			}
		},
		{
			"name": "octagon",
			"from": [1.25, 16, 5.20406],
			"to": [1.75, 16.5, 10.79594],
			"rotation": {"angle": 0, "axis": "y", "origin": [8, 16, 8]},
			"faces": {
				"north": {"uv": [0, 0, 0.25, 0.25], "texture": "#0"},
				"east": {"uv": [0, 0, 2.79594, 0.25], "texture": "#0"},
				"south": {"uv": [0, 0, 0.25, 0.25], "texture": "#0"},
				"west": {"uv": [0, 0, 2.79594, 0.25], "texture": "#0"},
				"up": {"uv": [0, 0, 0.25, 2.79594], "texture": "#0"},
				"down": {"uv": [0, 0, 0.25, 2.79594], "texture": "#0"}
			}
		},
		{
			"name": "octagon",
			"from": [14.25, 16, 5.20406],
			"to": [14.75, 16.5, 10.79594],
			"rotation": {"angle": 0, "axis": "y", "origin": [8, 16, 8]},
			"faces": {
				"north": {"uv": [0, 0, 0.25, 0.25], "texture": "#0"},
				"east": {"uv": [0, 0, 2.79594, 0.25], "texture": "#0"},
				"south": {"uv": [0, 0, 0.25, 0.25], "texture": "#0"},
				"west": {"uv": [0, 0, 2.79594, 0.25], "texture": "#0"},
				"up": {"uv": [0, 0, 0.25, 2.79594], "texture": "#0"},
				"down": {"uv": [0, 0, 0.25, 2.79594], "texture": "#0"}
			}
		},
		{
			"name": "octagon",
			"from": [5.20406, 0, 14.25],
			"to": [10.79594, 0.5, 14.75],
			"rotation": {"angle": 45, "axis": "y", "origin": [8, 0, 8]},
			"faces": {
				"north": {"uv": [0, 0, 2.79594, 0.25], "texture": "#0"},
				"east": {"uv": [0, 0, 0.25, 0.25], "texture": "#0"},
				"south": {"uv": [0, 0, 2.79594, 0.25], "texture": "#0"},
				"west": {"uv": [0, 0, 0.25, 0.25], "texture": "#0"},
				"up": {"uv": [0, 0, 2.79594, 0.25], "texture": "#0"},
				"down": {"uv": [0, 0, 2.79594, 0.25], "texture": "#0"}
			}
		},
		{
			"name": "octagon",
			"from": [5.20406, 0, 1.25],
			"to": [10.79594, 0.5, 1.75],
			"rotation": {"angle": 45, "axis": "y", "origin": [8, 0, 8]},
			"faces": {
				"north": {"uv": [0, 0, 2.79594, 0.25], "texture": "#0"},
				"east": {"uv": [0, 0, 0.25, 0.25], "texture": "#0"},
				"south": {"uv": [0, 0, 2.79594, 0.25], "texture": "#0"},
				"west": {"uv": [0, 0, 0.25, 0.25], "texture": "#0"},
				"up": {"uv": [0, 0, 2.79594, 0.25], "texture": "#0"},
				"down": {"uv": [0, 0, 2.79594, 0.25], "texture": "#0"}
			}
		},
		{
			"name": "octagon",
			"from": [5.20406, 0, 14.25],
			"to": [10.79594, 0.5, 14.75],
			"rotation": {"angle": 0, "axis": "y", "origin": [8, 0, 8]},
			"faces": {
				"north": {"uv": [0, 0, 2.79594, 0.25], "texture": "#0"},
				"east": {"uv": [0, 0, 0.25, 0.25], "texture": "#0"},
				"south": {"uv": [0, 0, 2.79594, 0.25], "texture": "#0"},
				"west": {"uv": [0, 0, 0.25, 0.25], "texture": "#0"},
				"up": {"uv": [0, 0, 2.79594, 0.25], "texture": "#0"},
				"down": {"uv": [0, 0, 2.79594, 0.25], "texture": "#0"}
			}
		},
		{
			"name": "octagon",
			"from": [5.20406, 0, 1.25],
			"to": [10.79594, 0.5, 1.75],
			"rotation": {"angle": 0, "axis": "y", "origin": [8, 0, 8]},
			"faces": {
				"north": {"uv": [0, 0, 2.79594, 0.25], "texture": "#0"},
				"east": {"uv": [0, 0, 0.25, 0.25], "texture": "#0"},
				"south": {"uv": [0, 0, 2.79594, 0.25], "texture": "#0"},
				"west": {"uv": [0, 0, 0.25, 0.25], "texture": "#0"},
				"up": {"uv": [0, 0, 2.79594, 0.25], "texture": "#0"},
				"down": {"uv": [0, 0, 2.79594, 0.25], "texture": "#0"}
			}
		},
		{
			"name": "octagon",
			"from": [1.25, 0, 5.20406],
			"to": [1.75, 0.5, 10.79594],
			"rotation": {"angle": 45, "axis": "y", "origin": [8, 0, 8]},
			"faces": {
				"north": {"uv": [0, 0, 0.25, 0.25], "texture": "#0"},
				"east": {"uv": [0, 0, 2.79594, 0.25], "texture": "#0"},
				"south": {"uv": [0, 0, 0.25, 0.25], "texture": "#0"},
				"west": {"uv": [0, 0, 2.79594, 0.25], "texture": "#0"},
				"up": {"uv": [0, 0, 0.25, 2.79594], "texture": "#0"},
				"down": {"uv": [0, 0, 0.25, 2.79594], "texture": "#0"}
			}
		},
		{
			"name": "octagon",
			"from": [14.25, 0, 5.20406],
			"to": [14.75, 0.5, 10.79594],
			"rotation": {"angle": 45, "axis": "y", "origin": [8, 0, 8]},
			"faces": {
				"north": {"uv": [0, 0, 0.25, 0.25], "texture": "#0"},
				"east": {"uv": [0, 0, 2.79594, 0.25], "texture": "#0"},
				"south": {"uv": [0, 0, 0.25, 0.25], "texture": "#0"},
				"west": {"uv": [0, 0, 2.79594, 0.25], "texture": "#0"},
				"up": {"uv": [0, 0, 0.25, 2.79594], "texture": "#0"},
				"down": {"uv": [0, 0, 0.25, 2.79594], "texture": "#0"}
			}
		},
		{
			"name": "octagon",
			"from": [1.25, 0, 5.20406],
			"to": [1.75, 0.5, 10.79594],
			"rotation": {"angle": 0, "axis": "y", "origin": [8, 0, 8]},
			"faces": {
				"north": {"uv": [0, 0, 0.25, 0.25], "texture": "#0"},
				"east": {"uv": [0, 0, 2.79594, 0.25], "texture": "#0"},
				"south": {"uv": [0, 0, 0.25, 0.25], "texture": "#0"},
				"west": {"uv": [0, 0, 2.79594, 0.25], "texture": "#0"},
				"up": {"uv": [0, 0, 0.25, 2.79594], "texture": "#0"},
				"down": {"uv": [0, 0, 0.25, 2.79594], "texture": "#0"}
			}
		},
		{
			"name": "octagon",
			"from": [14.25, 0, 5.20406],
			"to": [14.75, 0.5, 10.79594],
			"rotation": {"angle": 0, "axis": "y", "origin": [8, 0, 8]},
			"faces": {
				"north": {"uv": [0, 0, 0.25, 0.25], "texture": "#0"},
				"east": {"uv": [0, 0, 2.79594, 0.25], "texture": "#0"},
				"south": {"uv": [0, 0, 0.25, 0.25], "texture": "#0"},
				"west": {"uv": [0, 0, 2.79594, 0.25], "texture": "#0"},
				"up": {"uv": [0, 0, 0.25, 2.79594], "texture": "#0"},
				"down": {"uv": [0, 0, 0.25, 2.79594], "texture": "#0"}
			}
		},
		{
			"from": [3.5, 15.75, 7],
			"to": [5.5, 16.75, 9],
			"rotation": {"angle": 0, "axis": "y", "origin": [5.5, 16.5, 5.5]},
			"faces": {
				"north": {"uv": [4, 11, 5, 11.5], "texture": "#0"},
				"east": {"uv": [3, 11, 4, 11.5], "texture": "#0"},
				"south": {"uv": [3, 11.5, 4, 12], "texture": "#0"},
				"west": {"uv": [3, 11.5, 4, 12], "texture": "#0"},
				"up": {"uv": [3, 11, 4, 12], "texture": "#0"},
				"down": {"uv": [3, 11, 4, 12], "texture": "#0"}
			}
		}
	],
	"display": {
		"thirdperson_righthand": {
			"rotation": [75, 45, 0],
			"translation": [0, 2.5, 0],
			"scale": [0.375, 0.375, 0.375]
		},
		"firstperson_righthand": {
			"rotation": [0, 45, 0],
			"scale": [0.6, 0.6, 0.6]
		},
		"firstperson_lefthand": {
			"rotation": [0, 225, 0],
			"scale": [0.6, 0.6, 0.6]
		},
		"ground": {
			"translation": [0, 2, 0],
			"scale": [0.5, 0.5, 0.5]
		},
		"gui": {
			"rotation": [30, 225, 0],
			"scale": [0.625, 0.625, 0.625]
		},
		"head": {
			"translation": [0, 5.25, 0],
			"scale": [1.6, 1.6, 1.6]
		},
		"fixed": {
			"rotation": [90, -180, -180],
			"translation": [0, 0, -14],
			"scale": [2.001, 2.001, 2.001]
		}
	},
	"groups": [
		{
			"name": "group",
			"origin": [8, 8, 8],
			"children": [
				{
					"name": "octagon",
					"origin": [8, 8, 8],
					"children": [0, 1, 2, 3]
				},
				{
					"name": "octagon",
					"origin": [8, 8, 8],
					"children": [4, 5, 6, 7]
				},
				{
					"name": "octagon",
					"origin": [8, 8, 8],
					"children": [8, 9, 10, 11]
				},
				{
					"name": "octagon",
					"origin": [8, 8, 8],
					"children": [12, 13, 14, 15, 16, 17, 18, 19]
				},
				{
					"name": "octagon",
					"origin": [8, 8, 8],
					"children": [20, 21, 22, 23, 24, 25, 26, 27]
				}, 28]
		}
	]
}