{
	"credit": "Made by Gameboy612",
	"parent": "item_frame_block",
	"textures": {
		"0": "block/black_concrete",
		"1": "block/smooth_stone",
		"particle": "block/black_concrete"
	},
	"elements": [
		{
			"from": [7.1, -8, 4],
			"to": [7.9, 12, 5],
			"rotation": {"angle": 0, "axis": "y", "origin": [0, 0, 16]},
			"faces": {
				"north": {"uv": [1, 0, 1.8, 16], "texture": "#1"},
				"east": {"uv": [1, 0, 2, 16], "texture": "#1"},
				"south": {"uv": [1, 0, 1.8, 16], "texture": "#1"},
				"west": {"uv": [1, 0, 2, 16], "texture": "#1"},
				"up": {"uv": [0, 1, 0.8, 2], "texture": "#1"},
				"down": {"uv": [0, 1, 0.8, 2], "texture": "#1"}
			}
		},
		{
			"from": [7.1, -8, 0],
			"to": [7.9, 8, 1],
			"rotation": {"angle": 0, "axis": "y", "origin": [0, 0, 16]},
			"faces": {
				"north": {"uv": [1, 0, 1.8, 16], "texture": "#1"},
				"east": {"uv": [1, 0, 2, 16], "texture": "#1"},
				"south": {"uv": [1, 0, 1.8, 16], "texture": "#1"},
				"west": {"uv": [1, 0, 2, 16], "texture": "#1"},
				"up": {"uv": [0, 1, 0.8, 2], "texture": "#1"},
				"down": {"uv": [0, 1, 0.8, 2], "texture": "#1"}
			}
		},
		{
			"from": [7.1, 0, 8],
			"to": [7.9, 16, 9],
			"rotation": {"angle": 0, "axis": "y", "origin": [0, 0, 16]},
			"faces": {
				"north": {"uv": [1, 0, 1.8, 16], "texture": "#1"},
				"east": {"uv": [1, 0, 2, 16], "texture": "#1"},
				"south": {"uv": [1, 0, 1.8, 16], "texture": "#1"},
				"west": {"uv": [1, 0, 2, 16], "texture": "#1"},
				"up": {"uv": [0, 1, 0.8, 2], "texture": "#1"},
				"down": {"uv": [0, 1, 0.8, 2], "texture": "#1"}
			}
		},
		{
			"from": [7.1, 8, 20],
			"to": [7.9, 28, 21],
			"rotation": {"angle": 0, "axis": "y", "origin": [0, 0, 16]},
			"faces": {
				"north": {"uv": [1, 0, 1.8, 16], "texture": "#1"},
				"east": {"uv": [1, 0, 2, 16], "texture": "#1"},
				"south": {"uv": [1, 0, 1.8, 16], "texture": "#1"},
				"west": {"uv": [1, 0, 2, 16], "texture": "#1"},
				"up": {"uv": [0, 1, 0.8, 2], "texture": "#1"},
				"down": {"uv": [0, 1, 0.8, 2], "texture": "#1"}
			}
		},
		{
			"from": [7.1, 8, 16],
			"to": [7.9, 24, 17],
			"rotation": {"angle": 0, "axis": "y", "origin": [0, 0, 16]},
			"faces": {
				"north": {"uv": [1, 0, 1.8, 16], "texture": "#1"},
				"east": {"uv": [1, 0, 2, 16], "texture": "#1"},
				"south": {"uv": [1, 0, 1.8, 16], "texture": "#1"},
				"west": {"uv": [1, 0, 2, 16], "texture": "#1"},
				"up": {"uv": [0, 1, 0.8, 2], "texture": "#1"},
				"down": {"uv": [0, 1, 0.8, 2], "texture": "#1"}
			}
		},
		{
			"from": [7.1, 16, 24],
			"to": [7.9, 31, 25],
			"rotation": {"angle": 0, "axis": "y", "origin": [0, 0, 16]},
			"faces": {
				"north": {"uv": [1, 0, 1.8, 15], "texture": "#1"},
				"east": {"uv": [1, 0, 2, 15], "texture": "#1"},
				"south": {"uv": [1, 0, 1.8, 15], "texture": "#1"},
				"west": {"uv": [1, 0, 2, 15], "texture": "#1"},
				"up": {"uv": [0, 1, 0.8, 2], "texture": "#1"},
				"down": {"uv": [0, 1, 0.8, 2], "texture": "#1"}
			}
		},
		{
			"from": [7.1, 16, 28],
			"to": [7.9, 31, 29],
			"rotation": {"angle": 0, "axis": "y", "origin": [0, 0, 16]},
			"faces": {
				"north": {"uv": [1, 0, 1.8, 15], "texture": "#1"},
				"east": {"uv": [1, 0, 2, 15], "texture": "#1"},
				"south": {"uv": [1, 0, 1.8, 15], "texture": "#1"},
				"west": {"uv": [1, 0, 2, 15], "texture": "#1"},
				"up": {"uv": [0, 1, 0.8, 2], "texture": "#1"},
				"down": {"uv": [0, 1, 0.8, 2], "texture": "#1"}
			}
		},
		{
			"from": [7.1, 0, 12],
			"to": [7.9, 20, 13],
			"rotation": {"angle": 0, "axis": "y", "origin": [0, 0, 16]},
			"faces": {
				"north": {"uv": [1, 0, 1.8, 16], "texture": "#1"},
				"east": {"uv": [1, 0, 2, 16], "texture": "#1"},
				"south": {"uv": [1, 0, 1.8, 16], "texture": "#1"},
				"west": {"uv": [1, 0, 2, 16], "texture": "#1"},
				"up": {"uv": [0, 1, 0.8, 2], "texture": "#1"},
				"down": {"uv": [0, 1, 0.8, 2], "texture": "#1"}
			}
		},
		{
			"from": [7, -6, -1],
			"to": [8, 28, 0],
			"rotation": {"angle": 45, "axis": "x", "origin": [0, 0, 16]},
			"faces": {
				"north": {"uv": [1, 0, 0, 16], "texture": "#0"},
				"east": {"uv": [1, 0, 0, 16], "texture": "#0"},
				"south": {"uv": [1, 0, 0, 16], "texture": "#0"},
				"west": {"uv": [1, 0, 0, 16], "texture": "#0"},
				"up": {"uv": [0, 1, 1, 0], "texture": "#0"},
				"down": {"uv": [0, 1, 1, 0], "texture": "#0"}
			}
		},
		{
			"from": [7, 31, 24],
			"to": [8, 32, 32],
			"rotation": {"angle": 0, "axis": "y", "origin": [0, 0, 16]},
			"faces": {
				"north": {"uv": [1, 0, 0, 1], "texture": "#0"},
				"east": {"uv": [8, 0, 0, 1], "texture": "#0"},
				"south": {"uv": [1, 0, 0, 1], "texture": "#0"},
				"west": {"uv": [8, 0, 0, 1], "texture": "#0"},
				"up": {"uv": [0, 8, 1, 0], "texture": "#0"},
				"down": {"uv": [0, 8, 1, 0], "texture": "#0"}
			}
		}
	]
}