{
	"parent": "item_frame_block",
	"textures": {
		"0": "block/white_concrete",
		"particle": "block/white_concrete"
	},
	"elements": [
		{
			"from": [12, 0, 0],
			"to": [16, 8, 16],
			"faces": {
				"north": {"uv": [0, 0, 4, 8], "texture": "#0"},
				"east": {"uv": [0, 0, 16, 8], "texture": "#0"},
				"south": {"uv": [0, 0, 4, 8], "texture": "#0"},
				"west": {"uv": [0, 0, 16, 8], "texture": "#0"},
				"up": {"uv": [0, 0, 4, 16], "texture": "#0"},
				"down": {"uv": [0, 0, 4, 16], "texture": "#0"}
			}
		},
		{
			"from": [12, 0.6, -9],
			"to": [16, 8, 0],
			"rotation": {"angle": -22.5, "axis": "x", "origin": [0, 8, 0]},
			"faces": {
				"north": {"uv": [0, 0, 4, 7.4], "rotation": 180, "texture": "#0"},
				"east": {"uv": [0, 0, 7.4, 9], "rotation": 270, "texture": "#0"},
				"south": {"uv": [0, 0, 4, 7.4], "texture": "#0"},
				"west": {"uv": [0, 0, 7.4, 9], "rotation": 90, "texture": "#0"},
				"up": {"uv": [0, 0, 4, 9], "rotation": 180, "texture": "#0"},
				"down": {"uv": [0, 0, 4, 9], "texture": "#0"}
			}
		},
		{
			"from": [12, 2.525, -8.325],
			"to": [16, 4.55, -7.325],
			"rotation": {"angle": 0, "axis": "x", "origin": [0, 8, 0]},
			"faces": {
				"north": {"uv": [0, 0, 4, 2.025], "texture": "#0"},
				"east": {"uv": [0, 0, 1, 2.025], "texture": "#0"},
				"south": {"uv": [0, 0, 4, 2.025], "texture": "#0"},
				"west": {"uv": [0, 0, 1, 2.025], "texture": "#0"},
				"up": {"uv": [0, 0, 4, 1], "texture": "#0"},
				"down": {"uv": [0, 0, 4, 1], "texture": "#0"}
			}
		},
		{
			"from": [12, -4, -16],
			"to": [16, 0, -7],
			"rotation": {"angle": -22.5, "axis": "x", "origin": [0, 0, -16]},
			"faces": {
				"north": {"uv": [0, 0, 4, 4], "rotation": 180, "texture": "#0"},
				"east": {"uv": [0, 0, 4, 9], "rotation": 270, "texture": "#0"},
				"south": {"uv": [0, 0, 4, 4], "texture": "#0"},
				"west": {"uv": [0, 0, 4, 9], "rotation": 90, "texture": "#0"},
				"up": {"uv": [0, 0, 4, 9], "rotation": 180, "texture": "#0"},
				"down": {"uv": [0, 0, 4, 9], "texture": "#0"}
			}
		}
	],
	"groups": [
		{
			"name": "group",
			"origin": [0, 0, -16],
			"color": 0,
			"children": [0,
				{
					"name": "group",
					"origin": [0, 0, -16],
					"color": 0,
					"children": [1, 2, 3]
				}
			]
		}
	],
	"display": {
		"fixed": {
			"rotation": [90, -180, -180],
			"translation": [0, 0, -8],
			"scale": [2.001, 2.001, 2.001]
		}
	}
}