{
	"credit": "Made by Gameboy612",
	"parent": "item_frame_block",
	"texture_size": [64, 64],
	"textures": {
		"0": "furniture/kyc/table_in_va",
		"particle": "furniture/kyc/table_in_va"
	},
	"elements": [
		{
			"from": [-12, 0, 0],
			"to": [-11, 15, 1],
			"faces": {
				"north": {"uv": [8, 6, 8.25, 9.75], "texture": "#0"},
				"east": {"uv": [7.5, 8, 7.75, 11.75], "texture": "#0"},
				"south": {"uv": [7.75, 8, 8, 11.75], "texture": "#0"},
				"west": {"uv": [8.25, 6, 8.5, 9.75], "texture": "#0"},
				"up": {"uv": [10.5, 6.75, 10.25, 6.5], "texture": "#0"},
				"down": {"uv": [10.5, 6.75, 10.25, 7], "texture": "#0"}
			}
		},
		{
			"from": [-12, 0, 15],
			"to": [-11, 15, 16],
			"faces": {
				"north": {"uv": [8.5, 9.75, 8.75, 13.5], "texture": "#0"},
				"east": {"uv": [8.75, 9.75, 9, 13.5], "texture": "#0"},
				"south": {"uv": [9, 9.75, 9.25, 13.5], "texture": "#0"},
				"west": {"uv": [9.25, 9.75, 9.5, 13.5], "texture": "#0"},
				"up": {"uv": [10.5, 8.25, 10.25, 8], "texture": "#0"},
				"down": {"uv": [10.5, 8.25, 10.25, 8.5], "texture": "#0"}
			}
		},
		{
			"from": [27, 0, 0],
			"to": [28, 15, 1],
			"faces": {
				"north": {"uv": [8.5, 6, 8.75, 9.75], "texture": "#0"},
				"east": {"uv": [8.75, 6, 9, 9.75], "texture": "#0"},
				"south": {"uv": [9, 6, 9.25, 9.75], "texture": "#0"},
				"west": {"uv": [9.25, 6, 9.5, 9.75], "texture": "#0"},
				"up": {"uv": [10.5, 7.25, 10.25, 7], "texture": "#0"},
				"down": {"uv": [10.5, 7.25, 10.25, 7.5], "texture": "#0"}
			}
		},
		{
			"from": [27, 12, 1],
			"to": [28, 13, 15],
			"faces": {
				"north": {"uv": [10.25, 8.5, 10.5, 8.75], "texture": "#0"},
				"east": {"uv": [9.5, 9.75, 13, 10], "texture": "#0"},
				"south": {"uv": [10.25, 8.75, 10.5, 9], "texture": "#0"},
				"west": {"uv": [10, 6, 13.5, 6.25], "texture": "#0"},
				"up": {"uv": [10.25, 9.75, 10, 6.25], "texture": "#0"},
				"down": {"uv": [9.75, 10, 9.5, 13.5], "texture": "#0"}
			}
		},
		{
			"from": [-12, 12, 1],
			"to": [-11, 13, 15],
			"faces": {
				"north": {"uv": [10.25, 9, 10.5, 9.25], "texture": "#0"},
				"east": {"uv": [9.75, 10, 13.25, 10.25], "texture": "#0"},
				"south": {"uv": [10.25, 9.25, 10.5, 9.5], "texture": "#0"},
				"west": {"uv": [10.25, 6.25, 13.75, 6.5], "texture": "#0"},
				"up": {"uv": [10, 13.75, 9.75, 10.25], "texture": "#0"},
				"down": {"uv": [10.25, 10.25, 10, 13.75], "texture": "#0"}
			}
		},
		{
			"from": [-11, 12, 0],
			"to": [27, 13, 16],
			"faces": {
				"north": {"uv": [8, 4.5, 15.5, 4.75], "texture": "#0"},
				"east": {"uv": [8, 5, 12, 5.25], "texture": "#0"},
				"south": {"uv": [8, 4.75, 15.5, 5], "texture": "#0"},
				"west": {"uv": [8, 5.25, 12, 5.5], "texture": "#0"},
				"up": {"uv": [7.5, 12, 0, 8], "texture": "#0"},
				"down": {"uv": [15.5, 0, 8, 4], "texture": "#0"}
			}
		},
		{
			"from": [27, 0, 15],
			"to": [28, 15, 16],
			"faces": {
				"north": {"uv": [9.5, 6, 9.75, 9.75], "texture": "#0"},
				"east": {"uv": [9.75, 6, 10, 9.75], "texture": "#0"},
				"south": {"uv": [8, 9.75, 8.25, 13.5], "texture": "#0"},
				"west": {"uv": [8.25, 9.75, 8.5, 13.5], "texture": "#0"},
				"up": {"uv": [10.5, 7.75, 10.25, 7.5], "texture": "#0"},
				"down": {"uv": [10.5, 7.75, 10.25, 8], "texture": "#0"}
			}
		},
		{
			"from": [-12, 15, 0],
			"to": [28, 16, 16],
			"faces": {
				"north": {"uv": [8, 4, 16, 4.25], "texture": "#0"},
				"east": {"uv": [8, 5.5, 12, 5.75], "texture": "#0"},
				"south": {"uv": [8, 4.25, 16, 4.5], "texture": "#0"},
				"west": {"uv": [8, 5.75, 12, 6], "texture": "#0"},
				"up": {"uv": [8, 4, 0, 0], "texture": "#0"},
				"down": {"uv": [8, 4, 0, 8], "texture": "#0"}
			}
		}
	]
}