{
	"credit": "Made with Blockbench",
	"textures": {
		"0": "rpg/weapon/soul_scythe/soul_scythe",
		"particle": "rpg/weapon/soul_scythe/soul_scythe"
	},
	"elements": [
		{
			"from": [8.75, 14, 7.75],
			"to": [9.25, 20, 8.25],
			"rotation": {"angle": 0, "axis": "y", "origin": [16.5, 23.5, 15.5]},
			"faces": {
				"north": {"uv": [0.5, 2.5, 1, 8.5], "texture": "#0"},
				"east": {"uv": [0, 0, 0.5, 6], "texture": "#0"},
				"south": {"uv": [0.5, 2.5, 1, 8.5], "texture": "#0"},
				"west": {"uv": [0, 4, 0.5, 10], "texture": "#0"},
				"up": {"uv": [0, 0, 0.5, 0.5], "texture": "#0"},
				"down": {"uv": [0, 0, 0.5, 0.5], "texture": "#0"}
			}
		},
		{
			"from": [8.75, 4, 7.75],
			"to": [9.25, 14, 8.25],
			"rotation": {"angle": -22.5, "axis": "z", "origin": [9.275, 14, 8]},
			"faces": {
				"north": {"uv": [0.5, 0, 1, 10], "texture": "#0"},
				"east": {"uv": [0.5, 0, 1, 10], "texture": "#0"},
				"south": {"uv": [0.5, 0, 1, 10], "texture": "#0"},
				"west": {"uv": [0.5, 0, 1, 10], "texture": "#0"},
				"up": {"uv": [0, 14, 0.5, 14.5], "texture": "#0"},
				"down": {"uv": [1, 14, 1.5, 14.5], "texture": "#0"}
			}
		},
		{
			"from": [8.65, 2, 7.65],
			"to": [9.35, 4, 8.35],
			"rotation": {"angle": -22.5, "axis": "z", "origin": [9.275, 14, 8]},
			"faces": {
				"north": {"uv": [2.25, 2, 2.95, 4], "texture": "#0"},
				"east": {"uv": [2.7, 2, 2, 4], "texture": "#0"},
				"south": {"uv": [2.25, 2, 2.95, 4], "texture": "#0"},
				"west": {"uv": [2.7, 2, 2, 4], "texture": "#0"},
				"up": {"uv": [2, 2.5, 3, 3.5], "texture": "#0"},
				"down": {"uv": [2, 3, 3, 4], "texture": "#0"}
			}
		},
		{
			"from": [8.65, 4.25, 7.65],
			"to": [9.35, 4.75, 8.35],
			"rotation": {"angle": -22.5, "axis": "z", "origin": [9.275, 14, 8]},
			"faces": {
				"north": {"uv": [2, 2, 2.7, 2.5], "texture": "#0"},
				"east": {"uv": [2.7, 2, 2, 2.5], "texture": "#0"},
				"south": {"uv": [2, 2, 2.7, 2.5], "texture": "#0"},
				"west": {"uv": [2.7, 2, 2, 2.5], "texture": "#0"},
				"up": {"uv": [2, 2, 3, 3], "texture": "#0"},
				"down": {"uv": [2, 2, 3, 3], "texture": "#0"}
			}
		},
		{
			"from": [8.65, 18, 7.65],
			"to": [9.35, 18.1, 8.35],
			"rotation": {"angle": 0, "axis": "y", "origin": [16.5, 24.5, 15.5]},
			"faces": {
				"north": {"uv": [3.25, 2, 3.95, 2.1], "texture": "#0"},
				"east": {"uv": [3.25, 2, 3.95, 2.1], "texture": "#0"},
				"south": {"uv": [3.25, 2, 3.95, 2.1], "texture": "#0"},
				"west": {"uv": [3.25, 2, 3.95, 2.1], "texture": "#0"},
				"up": {"uv": [3, 2, 4, 3], "texture": "#0"},
				"down": {"uv": [3, 2, 4, 3], "texture": "#0"}
			}
		},
		{
			"from": [8.65, 18.6, 7.65],
			"to": [9.35, 18.7, 8.35],
			"rotation": {"angle": 0, "axis": "y", "origin": [16.5, 25.1, 15.5]},
			"faces": {
				"north": {"uv": [3.25, 2, 3.95, 2.1], "texture": "#0"},
				"east": {"uv": [3.25, 2, 3.95, 2.1], "texture": "#0"},
				"south": {"uv": [3.25, 2, 3.95, 2.1], "texture": "#0"},
				"west": {"uv": [3.25, 2, 3.95, 2.1], "texture": "#0"},
				"up": {"uv": [3, 2, 4, 3], "texture": "#0"},
				"down": {"uv": [3, 2, 4, 3], "texture": "#0"}
			}
		},
		{
			"from": [8.65, 19.2, 7.65],
			"to": [9.35, 19.3, 8.35],
			"rotation": {"angle": 0, "axis": "y", "origin": [16.5, 25.7, 15.5]},
			"faces": {
				"north": {"uv": [3.25, 2, 3.95, 2.1], "texture": "#0"},
				"east": {"uv": [3.25, 2, 3.95, 2.1], "texture": "#0"},
				"south": {"uv": [3.25, 2, 3.95, 2.1], "texture": "#0"},
				"west": {"uv": [3.25, 2, 3.95, 2.1], "texture": "#0"},
				"up": {"uv": [3, 2, 4, 3], "texture": "#0"},
				"down": {"uv": [3, 2, 4, 3], "texture": "#0"}
			}
		},
		{
			"from": [7.35, 20.975, 7.95],
			"to": [13.65, 22.375, 8.05],
			"rotation": {"angle": 0, "axis": "y", "origin": [10.1, 20.975, 8]},
			"faces": {
				"north": {"uv": [2, 0.5, 8.3, 1.9], "texture": "#0"},
				"east": {"uv": [2, 0.5, 2.1, 1.9], "texture": "#0"},
				"south": {"uv": [2, 0.5, 8.3, 1.9], "texture": "#0"},
				"west": {"uv": [2, 0.5, 2.1, 1.9], "texture": "#0"},
				"up": {"uv": [2, 0.5, 8.3, 0.6], "texture": "#0"},
				"down": {"uv": [2, 1.5, 8.3, 1.6], "texture": "#0"}
			}
		},
		{
			"from": [6.975, 20, 7.5],
			"to": [8.975, 21, 8.5],
			"rotation": {"angle": -22.5, "axis": "z", "origin": [8.475, 20.5, 8]},
			"faces": {
				"north": {"uv": [0, 0, 2, 1], "texture": "#0"},
				"east": {"uv": [1, 0, 2, 1], "texture": "#0"},
				"south": {"uv": [0, 0, 2, 1], "texture": "#0"},
				"west": {"uv": [0.5, 0, 1.5, 1], "texture": "#0"},
				"up": {"uv": [0, 0, 2, 1], "texture": "#0"},
				"down": {"uv": [0, 0, 2, 1], "texture": "#0"}
			}
		},
		{
			"from": [8.5, 20, 7.5],
			"to": [10.5, 21, 8.5],
			"rotation": {"angle": 22.5, "axis": "z", "origin": [9, 20.5, 8]},
			"faces": {
				"north": {"uv": [0, 0, 2, 1], "texture": "#0"},
				"east": {"uv": [1, 0, 2, 1], "texture": "#0"},
				"south": {"uv": [0, 0, 2, 1], "texture": "#0"},
				"west": {"uv": [0, 0, 1, 1], "texture": "#0"},
				"up": {"uv": [0, 0, 2, 1], "texture": "#0"},
				"down": {"uv": [0, 0, 2, 1], "texture": "#0"}
			}
		},
		{
			"from": [9.8, 20.775, 7.5],
			"to": [10.8, 22.775, 8.5],
			"rotation": {"angle": -22.5, "axis": "z", "origin": [10.3, 21.275, 8]},
			"faces": {
				"north": {"uv": [0, 0, 1, 2], "texture": "#0"},
				"east": {"uv": [0, 0, 1, 2], "texture": "#0"},
				"south": {"uv": [0, 0, 1, 2], "texture": "#0"},
				"west": {"uv": [0, 0, 1, 2], "texture": "#0"},
				"up": {"uv": [0, 0, 1, 1], "texture": "#0"},
				"down": {"uv": [0, 0, 1, 1], "texture": "#0"}
			}
		},
		{
			"from": [7.35, 20.9, 7.8],
			"to": [13.45, 21.35, 8.2],
			"rotation": {"angle": 0, "axis": "y", "origin": [10.1, 20.975, 8]},
			"faces": {
				"north": {"uv": [2, 0, 8.1, 0.45], "texture": "#0"},
				"east": {"uv": [2, 0, 2.4, 0.45], "texture": "#0"},
				"south": {"uv": [2, 0, 8.1, 0.45], "texture": "#0"},
				"west": {"uv": [2, 0, 2.4, 0.45], "texture": "#0"},
				"up": {"uv": [2, 0, 8.1, 0.4], "texture": "#0"},
				"down": {"uv": [2, 0, 8.1, 0.4], "texture": "#0"}
			}
		},
		{
			"from": [13.525, 20.975, 7.95],
			"to": [20.6, 22.375, 8.05],
			"rotation": {"angle": -22.5, "axis": "z", "origin": [13.6, 22.075, 8]},
			"display_frame": "TWFkZSBieSBMYXZhZm94ZXJleA==",
			"faces": {
				"north": {"uv": [2, 0.5, 9.1, 1.9], "texture": "#0"},
				"east": {"uv": [2, 0.5, 2.1, 1.9], "texture": "#0"},
				"south": {"uv": [2, 0.5, 9.1, 1.9], "texture": "#0"},
				"west": {"uv": [2, 0.5, 2.1, 1.9], "texture": "#0"},
				"up": {"uv": [2, 0.5, 9.1, 0.6], "texture": "#0"},
				"down": {"uv": [2, 1.5, 9.1, 1.6], "texture": "#0"}
			}
		},
		{
			"from": [13.75, 20.9, 7.8],
			"to": [17.6, 21.35, 8.2],
			"rotation": {"angle": -22.5, "axis": "z", "origin": [13.6, 22.075, 8]},
			"faces": {
				"north": {"uv": [4.5, 0, 8.35, 0.45], "texture": "#0"},
				"east": {"uv": [2, 0, 2.4, 0.45], "texture": "#0"},
				"south": {"uv": [2, 0, 5.85, 0.45], "texture": "#0"},
				"west": {"uv": [2, 0, 2.4, 0.45], "texture": "#0"},
				"up": {"uv": [2, 0, 5.85, 0.4], "texture": "#0"},
				"down": {"uv": [2, 0, 5.85, 0.4], "texture": "#0"}
			}
		}
	],
	"display": {
		"thirdperson_righthand": {
			"rotation": [-8.25, 90, 55],
			"translation": [-0.25, -0.75, -0.5],
			"scale": [1.5, 1.5, 1.5]
		},
		"thirdperson_lefthand": {
			"rotation": [-8.25, -90, -55],
			"translation": [-0.25, -0.75, -0.5],
			"scale": [1.5, 1.5, 1.5]
		},
		"firstperson_righthand": {
			"rotation": [-25, 80, 25],
			"translation": [1, 0.25, 1]
		},
		"firstperson_lefthand": {
			"rotation": [-25, -80, -25],
			"translation": [1, 0.25, 1]
		},
		"ground": {
			"rotation": [90, 0, 90],
			"translation": [4.75, 0, 0]
		},
		"gui": {
			"rotation": [0, 0, -22.5],
			"translation": [-3.5, -3.5, 0],
			"scale": [0.7, 0.7, 0.7]
		},
		"head": {
			"rotation": [-37.5, 90, 0],
			"translation": [0, -7.5, 0],
			"scale": [4, 4, 4]
		},
		"fixed": {
			"rotation": [0, -180, -22.5],
			"translation": [3.75, -3.5, 0],
			"scale": [0.8, 0.8, 0.8]
		}
	},
	"groups": [
		{
			"name": "group",
			"origin": [16.3, 12.825, 8],
			"color": 0,
			"children": [0,
				{
					"name": "group",
					"origin": [9.275, 16, 8],
					"color": 0,
					"children": [1, 2, 3]
				},
				{
					"name": "group",
					"origin": [16.5, 25.7, 15.5],
					"color": 0,
					"children": [4, 5, 6]
				}, 7,
				{
					"name": "group",
					"origin": [10.3, 21.275, 8],
					"color": 0,
					"children": [8, 9, 10]
				}, 11, 12, 13]
		}
	]
}