{
    "parent": "item/generated",
    "textures": {
        "layer0": "item/feather"
    },
    "overrides": [
        {"predicate": {"custom_model_data":100000}, "model": "rpg/book/menu"},
        {"predicate": {"custom_model_data":100001}, "model": "rpg/magic_array/simple/level1"},
        {"predicate": {"custom_model_data":100002}, "model": "rpg/magic_array/simple/level1_heal"},
        {"predicate": {"custom_model_data":100101}, "model": "misc/kaguya_cloth"},
        {"predicate": {"custom_model_data":486001}, "model": "chemistry/compound/bluish_green_test_tube"},
        {"predicate": {"custom_model_data":486002}, "model": "chemistry/compound/pale_green_test_tube"},
        {"predicate": {"custom_model_data":486003}, "model": "chemistry/compound/yellowish_brown_test_tube"},
        {"predicate": {"custom_model_data":486004}, "model": "chemistry/compound/pink_test_tube"},
        {"predicate": {"custom_model_data":486005}, "model": "chemistry/compound/green_test_tube"},
        {"predicate": {"custom_model_data":486006}, "model": "chemistry/compound/dark_green_test_tube"},
        {"predicate": {"custom_model_data":486007}, "model": "chemistry/compound/yellow_test_tube"},
        {"predicate": {"custom_model_data":486008}, "model": "chemistry/compound/orange_test_tube"},
        {"predicate": {"custom_model_data":486009}, "model": "chemistry/compound/very_pale_pink_test_tube"},
        {"predicate": {"custom_model_data":486010}, "model": "chemistry/compound/purple_test_tube"},
        {"predicate": {"custom_model_data":487011}, "model": "chemistry/element/sodium"},
        {"predicate": {"custom_model_data":487012}, "model": "chemistry/element/magnesium"},
        {"predicate": {"custom_model_data":487019}, "model": "chemistry/element/potassium"},
        {"predicate": {"custom_model_data":487020}, "model": "chemistry/element/calcium"},
        {"predicate": {"custom_model_data":487029}, "model": "chemistry/element/copper"},
        {"predicate": {"custom_model_data":488000}, "model": "chemistry/compound/white_test_tube"},
        {"predicate": {"custom_model_data":488001}, "model": "chemistry/compound/white_powder"},
        {"predicate": {"custom_model_data":488002}, "model": "chemistry/compound/black_powder"},
        {"predicate": {"custom_model_data":489000}, "model": "chemistry/misc/silvery_ball"},
        {"predicate": {"custom_model_data":612001}, "model": "gbtan/item/temperature_stabilizer_core"},
        {"predicate": {"custom_model_data":612002}, "model": "gbtan/item/temperature_stabilizer"},
        {"predicate": {"custom_model_data":616001}, "model": "spacetech/item/ore_chunk/aluminium"},
        {"predicate": {"custom_model_data":616002}, "model": "spacetech/item/ore_chunk/magnesium"},
        {"predicate": {"custom_model_data":616003}, "model": "spacetech/item/ore_chunk/iron"},
        {"predicate": {"custom_model_data":616004}, "model": "spacetech/item/powder/iron_powder"},
        {"predicate": {"custom_model_data":617001}, "model": "spacetech/item/aluminium_can/molten_iron"},
        {"predicate": {"custom_model_data":617002}, "model": "spacetech/item/bucket/molten_iron"},
        {"predicate": {"custom_model_data":617003}, "model": "spacetech/item/bucket/molten_magnesium"},
        {"predicate": {"custom_model_data":617004}, "model": "spacetech/item/bucket/molten_aluminium"},
        {"predicate": {"custom_model_data":618001}, "model": "spacetech/item/gear/copper_gear"},
        {"predicate": {"custom_model_data":618002}, "model": "spacetech/item/parts/power_crystal"},
        {"predicate": {"custom_model_data":700000}, "model": "furniture/item/furniture_menu"}
    ]
}