{
	"credit": "Made with Blockbench",
	"texture_size": [128, 128],
	"textures": {
		"4": "furniture/misc/locker1"
	},
	"elements": [
		{
			"from": [15, 0, 0],
			"to": [16, 22, 16],
			"faces": {
				"north": {"uv": [1.75, 8, 1.875, 10.75], "texture": "#4"},
				"east": {"uv": [0, 0, 2, 2.75], "texture": "#4"},
				"south": {"uv": [1.875, 8, 2, 10.75], "texture": "#4"},
				"west": {"uv": [2, 0, 4, 2.75], "texture": "#4"},
				"up": {"uv": [3.125, 10, 3, 8], "texture": "#4"},
				"down": {"uv": [3.25, 8, 3.125, 10], "texture": "#4"}
			}
		},
		{
			"from": [0, 0, 0],
			"to": [1, 22, 16],
			"faces": {
				"north": {"uv": [2, 8, 2.125, 10.75], "texture": "#4"},
				"east": {"uv": [0, 2.75, 2, 5.5], "texture": "#4"},
				"south": {"uv": [2.125, 8, 2.25, 10.75], "texture": "#4"},
				"west": {"uv": [2, 2.75, 4, 5.5], "texture": "#4"},
				"up": {"uv": [3.375, 10, 3.25, 8], "texture": "#4"},
				"down": {"uv": [3.5, 8, 3.375, 10], "texture": "#4"}
			}
		},
		{
			"from": [7.5, 1, 0],
			"to": [8.5, 21, 15],
			"faces": {
				"north": {"uv": [2.5, 8, 2.625, 10.5], "texture": "#4"},
				"east": {"uv": [0, 5.5, 1.875, 8], "texture": "#4"},
				"south": {"uv": [2.625, 8, 2.75, 10.5], "texture": "#4"},
				"west": {"uv": [1.875, 5.5, 3.75, 8], "texture": "#4"},
				"up": {"uv": [3.625, 9.875, 3.5, 8], "texture": "#4"},
				"down": {"uv": [3.75, 8, 3.625, 9.875], "texture": "#4"}
			}
		},
		{
			"from": [1, 1, 0.5],
			"to": [15, 21, 1.5],
			"faces": {
				"north": {"uv": [3.75, 5.5, 5.5, 8], "texture": "#4"},
				"east": {"uv": [2.75, 8, 2.875, 10.5], "texture": "#4"},
				"south": {"uv": [5.5, 5.5, 7.25, 8], "texture": "#4"},
				"west": {"uv": [2.875, 8, 3, 10.5], "texture": "#4"},
				"up": {"uv": [5.5, 9.125, 3.75, 9], "texture": "#4"},
				"down": {"uv": [10.75, 3.75, 9, 3.875], "texture": "#4"}
			}
		},
		{
			"from": [1, 0, 15],
			"to": [15, 22, 16],
			"faces": {
				"north": {"uv": [4, 0, 5.75, 2.75], "texture": "#4"},
				"east": {"uv": [2.25, 8, 2.375, 10.75], "texture": "#4"},
				"south": {"uv": [4, 2.75, 5.75, 5.5], "texture": "#4"},
				"west": {"uv": [2.375, 8, 2.5, 10.75], "texture": "#4"},
				"up": {"uv": [10.75, 4, 9, 3.875], "texture": "#4"},
				"down": {"uv": [1.75, 0, 0, 0.125], "texture": "#4"}
			}
		},
		{
			"from": [1, 0, 0],
			"to": [15, 1, 15],
			"faces": {
				"north": {"uv": [9, 4.125, 10.75, 4.25], "texture": "#4"},
				"east": {"uv": [3.75, 8, 5.625, 8.125], "texture": "#4"},
				"south": {"uv": [9, 4.25, 10.75, 4.375], "texture": "#4"},
				"west": {"uv": [3.75, 8.125, 5.625, 8.25], "texture": "#4"},
				"up": {"uv": [7.5, 1.875, 5.75, 0], "texture": "#4"},
				"down": {"uv": [1.75, 0, 0, 1.875], "texture": "#4"}
			}
		},
		{
			"from": [1, 7, 0],
			"to": [15, 8, 15],
			"faces": {
				"north": {"uv": [9, 4.375, 10.75, 4.5], "texture": "#4"},
				"east": {"uv": [3.75, 8.25, 5.625, 8.375], "texture": "#4"},
				"south": {"uv": [9, 4.5, 10.75, 4.625], "texture": "#4"},
				"west": {"uv": [3.75, 8.375, 5.625, 8.5], "texture": "#4"},
				"up": {"uv": [9, 5.625, 7.25, 3.75], "texture": "#4"},
				"down": {"uv": [9, 5.625, 7.25, 7.5], "texture": "#4"}
			}
		},
		{
			"from": [1, 14, 0],
			"to": [15, 15, 15],
			"faces": {
				"north": {"uv": [9, 4.625, 10.75, 4.75], "texture": "#4"},
				"east": {"uv": [3.75, 8.5, 5.625, 8.625], "texture": "#4"},
				"south": {"uv": [9, 4.75, 10.75, 4.875], "texture": "#4"},
				"west": {"uv": [3.75, 8.625, 5.625, 8.75], "texture": "#4"},
				"up": {"uv": [9.25, 1.875, 7.5, 0], "texture": "#4"},
				"down": {"uv": [9.25, 1.875, 7.5, 3.75], "texture": "#4"}
			}
		},
		{
			"from": [1, 21, 0],
			"to": [15, 22, 15],
			"faces": {
				"north": {"uv": [9, 4.875, 10.75, 5], "texture": "#4"},
				"east": {"uv": [3.75, 8.75, 5.625, 8.875], "texture": "#4"},
				"south": {"uv": [9, 5, 10.75, 5.125], "texture": "#4"},
				"west": {"uv": [3.75, 8.875, 5.625, 9], "texture": "#4"},
				"up": {"uv": [9, 9.375, 7.25, 7.5], "texture": "#4"},
				"down": {"uv": [1.75, 0, 0, 1.875], "texture": "#4"}
			}
		},
		{
			"from": [1, 0, 15],
			"to": [15, 1, 16],
			"faces": {
				"north": {"uv": [9, 5.125, 10.75, 5.25], "texture": "#4"},
				"east": {"uv": [6.5, 5.25, 6.625, 5.375], "texture": "#4"},
				"south": {"uv": [9, 5.25, 10.75, 5.375], "texture": "#4"},
				"west": {"uv": [6.5, 5.375, 6.625, 5.5], "texture": "#4"},
				"up": {"uv": [10.75, 5.5, 9, 5.375], "texture": "#4"},
				"down": {"uv": [7.25, 9, 5.5, 9.125], "texture": "#4"}
			}
		},
		{
			"from": [8.5, 9, 0.25],
			"to": [8.75, 13, 0.5],
			"faces": {
				"north": {"uv": [5.75, 3.75, 5.875, 4.25], "texture": "#4"},
				"east": {"uv": [5.75, 4.25, 5.875, 4.75], "texture": "#4"},
				"south": {"uv": [5.75, 4.75, 5.875, 5.25], "texture": "#4"},
				"west": {"uv": [5.875, 3.75, 6, 4.25], "texture": "#4"},
				"up": {"uv": [5.875, 5.375, 5.75, 5.25], "texture": "#4"},
				"down": {"uv": [5.875, 5.375, 5.75, 5.5], "texture": "#4"}
			}
		},
		{
			"from": [1, 9, 0.25],
			"to": [1.25, 13, 0.5],
			"faces": {
				"north": {"uv": [5.875, 4.25, 6, 4.75], "texture": "#4"},
				"east": {"uv": [5.875, 4.75, 6, 5.25], "texture": "#4"},
				"south": {"uv": [6, 3.75, 6.125, 4.25], "texture": "#4"},
				"west": {"uv": [6, 4.25, 6.125, 4.75], "texture": "#4"},
				"up": {"uv": [6, 5.375, 5.875, 5.25], "texture": "#4"},
				"down": {"uv": [6, 5.375, 5.875, 5.5], "texture": "#4"}
			}
		},
		{
			"from": [8.5, 16, 0.25],
			"to": [8.75, 20, 0.5],
			"faces": {
				"north": {"uv": [6, 4.75, 6.125, 5.25], "texture": "#4"},
				"east": {"uv": [6.125, 3.75, 6.25, 4.25], "texture": "#4"},
				"south": {"uv": [6.125, 4.25, 6.25, 4.75], "texture": "#4"},
				"west": {"uv": [6.125, 4.75, 6.25, 5.25], "texture": "#4"},
				"up": {"uv": [6.125, 5.375, 6, 5.25], "texture": "#4"},
				"down": {"uv": [6.125, 5.375, 6, 5.5], "texture": "#4"}
			}
		},
		{
			"from": [1, 16, 0.25],
			"to": [1.25, 20, 0.5],
			"faces": {
				"north": {"uv": [6.25, 3.75, 6.375, 4.25], "texture": "#4"},
				"east": {"uv": [6.25, 4.25, 6.375, 4.75], "texture": "#4"},
				"south": {"uv": [6.25, 4.75, 6.375, 5.25], "texture": "#4"},
				"west": {"uv": [6.375, 3.75, 6.5, 4.25], "texture": "#4"},
				"up": {"uv": [6.25, 5.375, 6.125, 5.25], "texture": "#4"},
				"down": {"uv": [6.25, 5.375, 6.125, 5.5], "texture": "#4"}
			}
		},
		{
			"from": [1, 2, 0.25],
			"to": [1.25, 6, 0.5],
			"faces": {
				"north": {"uv": [6.375, 4.25, 6.5, 4.75], "texture": "#4"},
				"east": {"uv": [6.375, 4.75, 6.5, 5.25], "texture": "#4"},
				"south": {"uv": [6.5, 3.75, 6.625, 4.25], "texture": "#4"},
				"west": {"uv": [6.5, 4.25, 6.625, 4.75], "texture": "#4"},
				"up": {"uv": [6.375, 5.375, 6.25, 5.25], "texture": "#4"},
				"down": {"uv": [6.375, 5.375, 6.25, 5.5], "texture": "#4"}
			}
		},
		{
			"from": [8.5, 2, 0.25],
			"to": [8.75, 6, 0.5],
			"faces": {
				"north": {"uv": [6.5, 4.75, 6.625, 5.25], "texture": "#4"},
				"east": {"uv": [6.625, 3.75, 6.75, 4.25], "texture": "#4"},
				"south": {"uv": [6.625, 4.25, 6.75, 4.75], "texture": "#4"},
				"west": {"uv": [6.625, 4.75, 6.75, 5.25], "texture": "#4"},
				"up": {"uv": [6.5, 5.375, 6.375, 5.25], "texture": "#4"},
				"down": {"uv": [6.5, 5.375, 6.375, 5.5], "texture": "#4"}
			}
		}
	],
	"groups": [
		{
			"name": "group",
			"origin": [0, 0, 0],
			"color": 0,
			"children": [0, 1, 2, 3, 4, 5, 6, 7, 8, 9,
				{
					"name": "group",
					"origin": [0, 0, 0],
					"color": 0,
					"children": [10, 11, 12, 13, 14, 15]
				}
			]
		}
	],
	"display": {
		"firstperson_righthand": {
			"rotation": [0, -90, 25],
			"translation": [1.13, 0, 1.13],
			"scale": [0.68, 0.68, 0.68]
		},
		"firstperson_lefthand": {
			"rotation": [0, -90, 25],
			"translation": [1.13, 0, 1.13],
			"scale": [0.68, 0.68, 0.68]
		},
		"ground": {
			"translation": [0, 2, 0],
			"scale": [0.5, 0.5, 0.5]
		},
		"gui": {
			"rotation": [30, 225, 0],
			"translation": [0, -1, 0],
			"scale": [0.625, 0.625, 0.625]
		},
		"head": {
			"rotation": [-60, 0, 0],
			"translation": [0, 7.5, -11.5],
			"scale": [1.6, 1.6, 1.6]
		},
		"fixed": {
			"rotation": [90, -180, -180],
			"translation": [0, 0, -16],
			"scale": [2.001, 2.001, 2.001]
		}
	}}