{
	"credit": "Made by Gameboy612",
	"parent": "item_frame_block",
	"textures": {
		"0": "block/polished_diorite",
		"1": "furniture/kyc/sink_with_cabinet_color",
		"2": "block/oak_planks",
		"particle": "block/polished_diorite"
	},
	"elements": [
		{
			"from": [0, 14, 0],
			"to": [16, 16, 16],
			"rotation": {"angle": 0, "axis": "y", "origin": [0, -7, 0]},
			"faces": {
				"north": {"uv": [0, 0, 16, 2], "texture": "#0"},
				"east": {"uv": [0, 0, 16, 2], "texture": "#0"},
				"south": {"uv": [0, 0, 16, 2], "texture": "#0"},
				"west": {"uv": [0, 0, 16, 2], "texture": "#0"},
				"up": {"uv": [0, 0, 16, 16], "texture": "#0"},
				"down": {"uv": [16, 0, 0, 1], "texture": "#0"}
			}
		},
		{
			"from": [0, 0, 1],
			"to": [16, 14, 16],
			"faces": {
				"north": {"uv": [0.25, 0.25, 0.75, 0.75], "texture": "#1"},
				"east": {"uv": [1.25, 0.25, 1.75, 0.75], "texture": "#1"},
				"south": {"uv": [2.25, 0.25, 2.75, 0.75], "texture": "#1"},
				"west": {"uv": [3.25, 0.25, 3.75, 0.75], "texture": "#1"},
				"up": {"uv": [10.25, 10.25, 2.75, 4.75], "texture": "#1"},
				"down": {"uv": [5.25, 0.25, 5.75, 0.75], "texture": "#1"}
			}
		},
		{
			"from": [1, 1, 0],
			"to": [7.75, 13.5, 1],
			"faces": {
				"north": {"uv": [8, 8, 8.6875, 9], "texture": "#1"},
				"east": {"uv": [0, 0, 0.0625, 0], "texture": "#2"},
				"south": {"uv": [0, 0, 0.6875, 1.125], "texture": "#1"},
				"west": {"uv": [4, 0, 4.0625, 1.125], "texture": "#2"},
				"up": {"uv": [0, 0, 1.6875, 0.0625], "texture": "#2"},
				"down": {"uv": [0, 0, 1.6875, 0.0625], "texture": "#2"}
			}
		},
		{
			"from": [8.25, 1, 0],
			"to": [15, 13.5, 1],
			"faces": {
				"north": {"uv": [8, 8, 8.6875, 9], "texture": "#1"},
				"east": {"uv": [0, 0, 0.0625, 0], "texture": "#2"},
				"south": {"uv": [0, 0, 0.6875, 1.125], "texture": "#1"},
				"west": {"uv": [4, 0, 4.0625, 1.125], "texture": "#2"},
				"up": {"uv": [0, 0, 1.6875, 0.0625], "texture": "#2"},
				"down": {"uv": [0, 0, 1.6875, 0.0625], "texture": "#2"}
			}
		}
	],
	"groups": [
		{
			"name": "base",
			"origin": [0, 0, 0],
			"color": 0,
			"nbt": "{}",
			"armAnimationEnabled": false,
			"children": [
				0,
				1,
				{
					"name": "door",
					"origin": [0, 0, 0],
					"color": 0,
					"nbt": "{}",
					"armAnimationEnabled": false,
					"children": [2, 3]
				}
			]
		},
		{
			"name": "tap",
			"origin": [8, 8, 8],
			"color": 0,
			"nbt": "{}",
			"armAnimationEnabled": false,
			"children": []
		}
	]
}