{
	"credit": "Made by Gameboy612",
	"parent": "item_frame_block",
	"texture_size": [64, 64],
	"textures": {
		"0": "furniture/kyc/blackboard",
		"1": "furniture/kyc/blackboard_frame",
		"particle": "furniture/kyc/blackboard"
	},
	"elements": [
		{
			"from": [-16, 0, 16],
			"to": [32, 1, 22],
			"faces": {
				"north": {"uv": [6, 1.5, 12, 1.625], "texture": "#0"},
				"east": {"uv": [6.125, 2, 6.875, 2.125], "texture": "#0"},
				"south": {"uv": [6, 1.625, 12, 1.75], "texture": "#0"},
				"west": {"uv": [6.125, 2.125, 6.875, 2.25], "texture": "#0"},
				"up": {"uv": [12, 0.75, 6, 0], "texture": "#0"},
				"down": {"uv": [12, 0.75, 6, 1.5], "texture": "#0"}
			}
		},
		{
			"from": [-16, 1, 21],
			"to": [32, 32, 22],
			"faces": {
				"north": {"uv": [0, 0, 6, 3.875], "texture": "#0"},
				"east": {"uv": [6, 2, 6.125, 5.875], "texture": "#0"},
				"south": {"uv": [0, 3.875, 6, 7.75], "texture": "#0"},
				"west": {"uv": [6, 5.875, 6.125, 9.75], "texture": "#0"},
				"up": {"uv": [12, 1.875, 6, 1.75], "texture": "#0"},
				"down": {"uv": [12, 1.875, 6, 2], "texture": "#0"}
			}
		},
		{
			"from": [-16, 0, 20],
			"to": [-15, 32, 21],
			"faces": {
				"north": {"uv": [0, 1, 0.25, 9], "texture": "#1"},
				"east": {"uv": [0.25, 1, 0.5, 9], "texture": "#1"},
				"south": {"uv": [0.5, 1, 0.75, 9], "texture": "#1"},
				"west": {"uv": [0.75, 1, 1, 9], "texture": "#1"},
				"up": {"uv": [1.5, 1.25, 1.25, 1], "texture": "#1"},
				"down": {"uv": [1.5, 1.25, 1.25, 1.5], "texture": "#1"}
			}
		},
		{
			"from": [-15, 31, 20],
			"to": [32, 32, 21],
			"faces": {
				"north": {"uv": [0, 0, 11.75, 0.25], "texture": "#1"},
				"east": {"uv": [1, 1, 1.25, 1.25], "texture": "#1"},
				"south": {"uv": [0, 0.25, 11.75, 0.5], "texture": "#1"},
				"west": {"uv": [1, 1.25, 1.25, 1.5], "texture": "#1"},
				"up": {"uv": [11.75, 0.75, 0, 0.5], "texture": "#1"},
				"down": {"uv": [11.75, 0.75, 0, 1], "texture": "#1"}
			}
		}
	],
	"display": {}
}