{
	"credit": "Made by Gameboy612",
	"texture_size": [64, 64],
	"textures": {
		"0": "furniture/studentdesk1",
		"particle": "furniture/studentdesk1"
	},
	"elements": [
		{
			"from": [20, 0, 12],
			"to": [21, 9, 13],
			"rotation": {"angle": 0, "axis": "y", "origin": [8, 0, 0]},
			"faces": {
				"north": {"uv": [3, 7, 3.25, 9.25], "texture": "#0"},
				"east": {"uv": [3.25, 7, 3.5, 9.25], "texture": "#0"},
				"south": {"uv": [3.5, 7, 3.75, 9.25], "texture": "#0"},
				"west": {"uv": [3.75, 7, 4, 9.25], "texture": "#0"},
				"up": {"uv": [6.5, 7.5, 6.25, 7.25], "texture": "#0"},
				"down": {"uv": [6.75, 7.25, 6.5, 7.5], "texture": "#0"}
			}
		},
		{
			"from": [20, 1, 2],
			"to": [21, 11, 3],
			"rotation": {"angle": 22.5, "axis": "x", "origin": [8, 0, 0]},
			"faces": {
				"north": {"uv": [1, 7, 1.25, 9.5], "texture": "#0"},
				"east": {"uv": [1.25, 7, 1.5, 9.5], "texture": "#0"},
				"south": {"uv": [1.5, 7, 1.75, 9.5], "texture": "#0"},
				"west": {"uv": [1.75, 7, 2, 9.5], "texture": "#0"},
				"up": {"uv": [7.25, 5.75, 7, 5.5], "texture": "#0"},
				"down": {"uv": [7.25, 6.5, 7, 6.75], "texture": "#0"}
			}
		},
		{
			"from": [11, 0, 12],
			"to": [12, 9, 13],
			"rotation": {"angle": 0, "axis": "y", "origin": [8, 0, 0]},
			"faces": {
				"north": {"uv": [4, 7, 4.25, 9.25], "texture": "#0"},
				"east": {"uv": [4.25, 7, 4.5, 9.25], "texture": "#0"},
				"south": {"uv": [4.5, 7, 4.75, 9.25], "texture": "#0"},
				"west": {"uv": [4.75, 7, 5, 9.25], "texture": "#0"},
				"up": {"uv": [7, 7.5, 6.75, 7.25], "texture": "#0"},
				"down": {"uv": [7.25, 7.25, 7, 7.5], "texture": "#0"}
			}
		},
		{
			"from": [11, 1, 2],
			"to": [12, 11, 3],
			"rotation": {"angle": 22.5, "axis": "x", "origin": [8, 0, 0]},
			"faces": {
				"north": {"uv": [2, 7, 2.25, 9.5], "texture": "#0"},
				"east": {"uv": [2.25, 7, 2.5, 9.5], "texture": "#0"},
				"south": {"uv": [2.5, 7, 2.75, 9.5], "texture": "#0"},
				"west": {"uv": [2.75, 7, 3, 9.5], "texture": "#0"},
				"up": {"uv": [6, 7.5, 5.75, 7.25], "texture": "#0"},
				"down": {"uv": [6.25, 7.25, 6, 7.5], "texture": "#0"}
			}
		},
		{
			"from": [9, 9, 3],
			"to": [23, 10, 14],
			"rotation": {"angle": 0, "axis": "y", "origin": [8, 0, 0]},
			"faces": {
				"north": {"uv": [3.5, 3.25, 7, 3.5], "texture": "#0"},
				"east": {"uv": [3, 6.75, 5.75, 7], "texture": "#0"},
				"south": {"uv": [2.75, 6.25, 6.25, 6.5], "texture": "#0"},
				"west": {"uv": [5.75, 6.75, 8.5, 7], "texture": "#0"},
				"up": {"uv": [3.5, 2.75, 0, 0], "texture": "#0"},
				"down": {"uv": [3.5, 2.75, 0, 5.5], "texture": "#0"}
			}
		},
		{
			"from": [8, 12, 2],
			"to": [24, 13, 13],
			"rotation": {"angle": 0, "axis": "y", "origin": [8, 0, 0]},
			"faces": {
				"north": {"uv": [6.25, 6.25, 9.75, 6.5], "texture": "#0"},
				"east": {"uv": [5, 7, 7.25, 7.25], "texture": "#0"},
				"south": {"uv": [0, 6.5, 3.5, 6.75], "texture": "#0"},
				"west": {"uv": [7, 0, 9.25, 0.25], "texture": "#0"},
				"up": {"uv": [7, 5.75, 3.5, 3.5], "texture": "#0"},
				"down": {"uv": [7, 0, 3.5, 2.25], "texture": "#0"}
			}
		},
		{
			"from": [10, 10, 13],
			"to": [22, 12, 14],
			"rotation": {"angle": 0, "axis": "y", "origin": [8, 0, 0]},
			"faces": {
				"north": {"uv": [3.5, 2.25, 6.5, 2.75], "texture": "#0"},
				"east": {"uv": [7, 4, 7.25, 4.5], "texture": "#0"},
				"south": {"uv": [3.5, 2.75, 6.5, 3.25], "texture": "#0"},
				"west": {"uv": [7, 4.5, 7.25, 5], "texture": "#0"},
				"up": {"uv": [9.5, 3.25, 6.5, 3], "texture": "#0"},
				"down": {"uv": [3, 6.75, 0, 7], "texture": "#0"}
			}
		},
		{
			"from": [22, 10, 3],
			"to": [23, 12, 14],
			"rotation": {"angle": 0, "axis": "y", "origin": [8, 0, 0]},
			"faces": {
				"north": {"uv": [7, 5, 7.25, 5.5], "texture": "#0"},
				"east": {"uv": [0, 5.5, 2.75, 6], "texture": "#0"},
				"south": {"uv": [5, 7.25, 5.25, 7.75], "texture": "#0"},
				"west": {"uv": [2.75, 5.75, 5.5, 6.25], "texture": "#0"},
				"up": {"uv": [0.25, 9.75, 0, 7], "texture": "#0"},
				"down": {"uv": [0.5, 7, 0.25, 9.75], "texture": "#0"}
			}
		},
		{
			"from": [9, 10, 3],
			"to": [10, 12, 14],
			"rotation": {"angle": 0, "axis": "y", "origin": [8, 0, 0]},
			"faces": {
				"north": {"uv": [5.25, 7.25, 5.5, 7.75], "texture": "#0"},
				"east": {"uv": [5.5, 5.75, 8.25, 6.25], "texture": "#0"},
				"south": {"uv": [5.5, 7.25, 5.75, 7.75], "texture": "#0"},
				"west": {"uv": [0, 6, 2.75, 6.5], "texture": "#0"},
				"up": {"uv": [0.75, 9.75, 0.5, 7], "texture": "#0"},
				"down": {"uv": [1, 7, 0.75, 9.75], "texture": "#0"}
			}
		},
		{
			"from": [8, 12, 14],
			"to": [24, 13, 15],
			"rotation": {"angle": 0, "axis": "y", "origin": [8, 0, 0]},
			"faces": {
				"north": {"uv": [3.5, 6.5, 7, 6.75], "texture": "#0"},
				"east": {"uv": [7.25, 7.25, 7.5, 7.5], "texture": "#0"},
				"south": {"uv": [6.5, 2.25, 10, 2.5], "texture": "#0"},
				"west": {"uv": [7.25, 4, 7.5, 4.25], "texture": "#0"},
				"up": {"uv": [10, 2.75, 6.5, 2.5], "texture": "#0"},
				"down": {"uv": [10, 2.75, 6.5, 3], "texture": "#0"}
			}
		},
		{
			"from": [20, 12, 13],
			"to": [24, 13, 14],
			"rotation": {"angle": 0, "axis": "y", "origin": [8, 0, 0]},
			"faces": {
				"north": {"uv": [2.75, 5.5, 3.5, 5.75], "texture": "#0"},
				"east": {"uv": [7.25, 4.25, 7.5, 4.5], "texture": "#0"},
				"south": {"uv": [7, 1.25, 7.75, 1.5], "texture": "#0"},
				"west": {"uv": [7.25, 4.5, 7.5, 4.75], "texture": "#0"},
				"up": {"uv": [7.75, 1.75, 7, 1.5], "texture": "#0"},
				"down": {"uv": [7.75, 1.75, 7, 2], "texture": "#0"}
			}
		},
		{
			"from": [8, 12, 13],
			"to": [12, 13, 14],
			"rotation": {"angle": 0, "axis": "y", "origin": [8, 0, 0]},
			"faces": {
				"north": {"uv": [7, 2, 7.75, 2.25], "texture": "#0"},
				"east": {"uv": [7.25, 4.75, 7.5, 5], "texture": "#0"},
				"south": {"uv": [7, 3.25, 7.75, 3.5], "texture": "#0"},
				"west": {"uv": [7.25, 5, 7.5, 5.25], "texture": "#0"},
				"up": {"uv": [7.75, 3.75, 7, 3.5], "texture": "#0"},
				"down": {"uv": [7.75, 3.75, 7, 4], "texture": "#0"}
			}
		},
		{
			"from": [4, 0, 12],
			"to": [5, 9, 13],
			"rotation": {"angle": 0, "axis": "y", "origin": [-8, 0, 0]},
			"faces": {
				"north": {"uv": [3, 7, 3.25, 9.25], "texture": "#0"},
				"east": {"uv": [3.25, 7, 3.5, 9.25], "texture": "#0"},
				"south": {"uv": [3.5, 7, 3.75, 9.25], "texture": "#0"},
				"west": {"uv": [3.75, 7, 4, 9.25], "texture": "#0"},
				"up": {"uv": [6.5, 7.5, 6.25, 7.25], "texture": "#0"},
				"down": {"uv": [6.75, 7.25, 6.5, 7.5], "texture": "#0"}
			}
		},
		{
			"from": [4, 1, 2],
			"to": [5, 11, 3],
			"rotation": {"angle": 22.5, "axis": "x", "origin": [-8, 0, 0]},
			"faces": {
				"north": {"uv": [1, 7, 1.25, 9.5], "texture": "#0"},
				"east": {"uv": [1.25, 7, 1.5, 9.5], "texture": "#0"},
				"south": {"uv": [1.5, 7, 1.75, 9.5], "texture": "#0"},
				"west": {"uv": [1.75, 7, 2, 9.5], "texture": "#0"},
				"up": {"uv": [7.25, 5.75, 7, 5.5], "texture": "#0"},
				"down": {"uv": [7.25, 6.5, 7, 6.75], "texture": "#0"}
			}
		},
		{
			"from": [-5, 0, 12],
			"to": [-4, 9, 13],
			"rotation": {"angle": 0, "axis": "y", "origin": [-8, 0, 0]},
			"faces": {
				"north": {"uv": [4, 7, 4.25, 9.25], "texture": "#0"},
				"east": {"uv": [4.25, 7, 4.5, 9.25], "texture": "#0"},
				"south": {"uv": [4.5, 7, 4.75, 9.25], "texture": "#0"},
				"west": {"uv": [4.75, 7, 5, 9.25], "texture": "#0"},
				"up": {"uv": [7, 7.5, 6.75, 7.25], "texture": "#0"},
				"down": {"uv": [7.25, 7.25, 7, 7.5], "texture": "#0"}
			}
		},
		{
			"from": [-5, 1, 2],
			"to": [-4, 11, 3],
			"rotation": {"angle": 22.5, "axis": "x", "origin": [-8, 0, 0]},
			"faces": {
				"north": {"uv": [2, 7, 2.25, 9.5], "texture": "#0"},
				"east": {"uv": [2.25, 7, 2.5, 9.5], "texture": "#0"},
				"south": {"uv": [2.5, 7, 2.75, 9.5], "texture": "#0"},
				"west": {"uv": [2.75, 7, 3, 9.5], "texture": "#0"},
				"up": {"uv": [6, 7.5, 5.75, 7.25], "texture": "#0"},
				"down": {"uv": [6.25, 7.25, 6, 7.5], "texture": "#0"}
			}
		},
		{
			"from": [-7, 9, 3],
			"to": [7, 10, 14],
			"rotation": {"angle": 0, "axis": "y", "origin": [-8, 0, 0]},
			"faces": {
				"north": {"uv": [3.5, 3.25, 7, 3.5], "texture": "#0"},
				"east": {"uv": [3, 6.75, 5.75, 7], "texture": "#0"},
				"south": {"uv": [2.75, 6.25, 6.25, 6.5], "texture": "#0"},
				"west": {"uv": [5.75, 6.75, 8.5, 7], "texture": "#0"},
				"up": {"uv": [3.5, 2.75, 0, 0], "texture": "#0"},
				"down": {"uv": [3.5, 2.75, 0, 5.5], "texture": "#0"}
			}
		},
		{
			"from": [-8, 12, 2],
			"to": [8, 13, 13],
			"rotation": {"angle": 0, "axis": "y", "origin": [-8, 0, 0]},
			"faces": {
				"north": {"uv": [6.25, 6.25, 9.75, 6.5], "texture": "#0"},
				"east": {"uv": [5, 7, 7.25, 7.25], "texture": "#0"},
				"south": {"uv": [0, 6.5, 3.5, 6.75], "texture": "#0"},
				"west": {"uv": [7, 0, 9.25, 0.25], "texture": "#0"},
				"up": {"uv": [7, 5.75, 3.5, 3.5], "texture": "#0"},
				"down": {"uv": [7, 0, 3.5, 2.25], "texture": "#0"}
			}
		},
		{
			"from": [-6, 10, 13],
			"to": [6, 12, 14],
			"rotation": {"angle": 0, "axis": "y", "origin": [-8, 0, 0]},
			"faces": {
				"north": {"uv": [3.5, 2.25, 6.5, 2.75], "texture": "#0"},
				"east": {"uv": [7, 4, 7.25, 4.5], "texture": "#0"},
				"south": {"uv": [3.5, 2.75, 6.5, 3.25], "texture": "#0"},
				"west": {"uv": [7, 4.5, 7.25, 5], "texture": "#0"},
				"up": {"uv": [9.5, 3.25, 6.5, 3], "texture": "#0"},
				"down": {"uv": [3, 6.75, 0, 7], "texture": "#0"}
			}
		},
		{
			"from": [6, 10, 3],
			"to": [7, 12, 14],
			"rotation": {"angle": 0, "axis": "y", "origin": [-8, 0, 0]},
			"faces": {
				"north": {"uv": [7, 5, 7.25, 5.5], "texture": "#0"},
				"east": {"uv": [0, 5.5, 2.75, 6], "texture": "#0"},
				"south": {"uv": [5, 7.25, 5.25, 7.75], "texture": "#0"},
				"west": {"uv": [2.75, 5.75, 5.5, 6.25], "texture": "#0"},
				"up": {"uv": [0.25, 9.75, 0, 7], "texture": "#0"},
				"down": {"uv": [0.5, 7, 0.25, 9.75], "texture": "#0"}
			}
		},
		{
			"from": [-7, 10, 3],
			"to": [-6, 12, 14],
			"rotation": {"angle": 0, "axis": "y", "origin": [-8, 0, 0]},
			"faces": {
				"north": {"uv": [5.25, 7.25, 5.5, 7.75], "texture": "#0"},
				"east": {"uv": [5.5, 5.75, 8.25, 6.25], "texture": "#0"},
				"south": {"uv": [5.5, 7.25, 5.75, 7.75], "texture": "#0"},
				"west": {"uv": [0, 6, 2.75, 6.5], "texture": "#0"},
				"up": {"uv": [0.75, 9.75, 0.5, 7], "texture": "#0"},
				"down": {"uv": [1, 7, 0.75, 9.75], "texture": "#0"}
			}
		},
		{
			"from": [-8, 12, 14],
			"to": [8, 13, 15],
			"rotation": {"angle": 0, "axis": "y", "origin": [-8, 0, 0]},
			"faces": {
				"north": {"uv": [3.5, 6.5, 7, 6.75], "texture": "#0"},
				"east": {"uv": [7.25, 7.25, 7.5, 7.5], "texture": "#0"},
				"south": {"uv": [6.5, 2.25, 10, 2.5], "texture": "#0"},
				"west": {"uv": [7.25, 4, 7.5, 4.25], "texture": "#0"},
				"up": {"uv": [10, 2.75, 6.5, 2.5], "texture": "#0"},
				"down": {"uv": [10, 2.75, 6.5, 3], "texture": "#0"}
			}
		},
		{
			"from": [4, 12, 13],
			"to": [8, 13, 14],
			"rotation": {"angle": 0, "axis": "y", "origin": [-8, 0, 0]},
			"faces": {
				"north": {"uv": [2.75, 5.5, 3.5, 5.75], "texture": "#0"},
				"east": {"uv": [7.25, 4.25, 7.5, 4.5], "texture": "#0"},
				"south": {"uv": [7, 1.25, 7.75, 1.5], "texture": "#0"},
				"west": {"uv": [7.25, 4.5, 7.5, 4.75], "texture": "#0"},
				"up": {"uv": [7.75, 1.75, 7, 1.5], "texture": "#0"},
				"down": {"uv": [7.75, 1.75, 7, 2], "texture": "#0"}
			}
		},
		{
			"from": [-8, 12, 13],
			"to": [-4, 13, 14],
			"rotation": {"angle": 0, "axis": "y", "origin": [-8, 0, 0]},
			"faces": {
				"north": {"uv": [7, 2, 7.75, 2.25], "texture": "#0"},
				"east": {"uv": [7.25, 4.75, 7.5, 5], "texture": "#0"},
				"south": {"uv": [7, 3.25, 7.75, 3.5], "texture": "#0"},
				"west": {"uv": [7.25, 5, 7.5, 5.25], "texture": "#0"},
				"up": {"uv": [7.75, 3.75, 7, 3.5], "texture": "#0"},
				"down": {"uv": [7.75, 3.75, 7, 4], "texture": "#0"}
			}
		}
	],
	"display": {
		"thirdperson_righthand": {
			"translation": [-5.75, -1, 0]
		},
		"firstperson_righthand": {
			"rotation": [0, 45, 0],
			"scale": [0.6, 0.6, 0.6]
		},
		"firstperson_lefthand": {
			"rotation": [0, 225, 0],
			"scale": [0.6, 0.6, 0.6]
		},
		"ground": {
			"translation": [0, 2, 0],
			"scale": [0.5, 0.5, 0.5]
		},
		"gui": {
			"rotation": [30, 255, 0],
			"scale": [0.625, 0.625, 0.625]
		},
		"head": {
			"translation": [0, 5.25, 0],
			"scale": [1.6, 1.6, 1.6]
		},
		"fixed": {
			"rotation": [90, -180, -180],
			"translation": [0, -5.5, -22],
			"scale": [2.8, 2.8, 2.8]
		}
	},
	"groups": [
		{
			"name": "table",
			"origin": [0, 0, 0],
			"color": 0,
			"nbt": "{}",
			"armAnimationEnabled": false,
			"children": [
				{
					"name": "legs",
					"origin": [0, 0, 0],
					"color": 0,
					"nbt": "{}",
					"armAnimationEnabled": false,
					"children": [0, 1, 2, 3]
				},
				4,
				5,
				6,
				7,
				8,
				9,
				10,
				11,
				{
					"name": "table",
					"origin": [0, 0, 0],
					"color": 0,
					"nbt": "{}",
					"armAnimationEnabled": false,
					"children": [
						{
							"name": "legs",
							"origin": [0, 0, 0],
							"color": 0,
							"nbt": "{}",
							"armAnimationEnabled": false,
							"children": [12, 13, 14, 15]
						},
						16,
						17,
						18,
						19,
						20,
						21,
						22,
						23
					]
				}
			]
		}
	]
}