{
	"credit": "Made by Gameboy612",
	"parent": "item_frame_block",
	"texture_size": [64, 64],
	"textures": {
		"0": "furniture/kyc/table",
		"particle": "furniture/kyc/table"
	},
	"elements": [
		{
			"from": [25, 0.5, 23],
			"to": [27, 8, 24],
			"faces": {
				"north": {"uv": [0, 12.25, 0.5, 14.125], "texture": "#0"},
				"east": {"uv": [0, 12.25, 0.25, 14.125], "texture": "#0"},
				"south": {"uv": [0, 12.25, 0.5, 14.125], "texture": "#0"},
				"west": {"uv": [0.75, 12.25, 1, 14.125], "texture": "#0"},
				"up": {"uv": [0.75, 15.75, 1.25, 16], "texture": "#0"},
				"down": {"uv": [1.25, 12.5, 1.75, 12.75], "texture": "#0"}
			}
		},
		{
			"from": [7, 0.5, 23],
			"to": [9, 15, 24],
			"faces": {
				"north": {"uv": [0, 12.25, 0.5, 15.875], "texture": "#0"},
				"east": {"uv": [0, 12.25, 0.25, 15.875], "texture": "#0"},
				"south": {"uv": [0, 12.25, 0.5, 15.875], "texture": "#0"},
				"west": {"uv": [0.75, 12.25, 1, 15.875], "texture": "#0"},
				"up": {"uv": [0.75, 15.75, 1.25, 16], "texture": "#0"},
				"down": {"uv": [1.25, 12.5, 1.75, 12.75], "texture": "#0"}
			}
		},
		{
			"from": [-11, 0.5, 23],
			"to": [-9, 8, 24],
			"faces": {
				"north": {"uv": [0, 12.25, 0.5, 14.125], "texture": "#0"},
				"east": {"uv": [0, 12.25, 0.25, 14.125], "texture": "#0"},
				"south": {"uv": [0, 12.25, 0.5, 14.125], "texture": "#0"},
				"west": {"uv": [0.75, 12.25, 1, 14.125], "texture": "#0"},
				"up": {"uv": [0.75, 15.75, 1.25, 16], "texture": "#0"},
				"down": {"uv": [1.25, 12.5, 1.75, 12.75], "texture": "#0"}
			}
		},
		{
			"from": [-11, 0.5, -9],
			"to": [-9, 8, -8],
			"faces": {
				"north": {"uv": [0, 12.25, 0.5, 14.125], "texture": "#0"},
				"east": {"uv": [0, 12.25, 0.25, 14.125], "texture": "#0"},
				"south": {"uv": [0, 12.25, 0.5, 14.125], "texture": "#0"},
				"west": {"uv": [0.75, 12.25, 1, 14.125], "texture": "#0"},
				"up": {"uv": [0.75, 15.75, 1.25, 16], "texture": "#0"},
				"down": {"uv": [1.25, 12.5, 1.75, 12.75], "texture": "#0"}
			}
		},
		{
			"from": [7, 0.5, -9],
			"to": [9, 15, -8],
			"faces": {
				"north": {"uv": [0, 12.25, 0.5, 15.875], "texture": "#0"},
				"east": {"uv": [0, 12.25, 0.25, 15.875], "texture": "#0"},
				"south": {"uv": [0, 12.25, 0.5, 15.875], "texture": "#0"},
				"west": {"uv": [0.75, 12.25, 1, 15.875], "texture": "#0"},
				"up": {"uv": [0.75, 15.75, 1.25, 16], "texture": "#0"},
				"down": {"uv": [1.25, 12.5, 1.75, 12.75], "texture": "#0"}
			}
		},
		{
			"from": [25, 0.5, -9],
			"to": [27, 8, -8],
			"faces": {
				"north": {"uv": [0, 12.25, 0.5, 14.125], "texture": "#0"},
				"east": {"uv": [0, 12.25, 0.25, 14.125], "texture": "#0"},
				"south": {"uv": [0, 12.25, 0.5, 14.125], "texture": "#0"},
				"west": {"uv": [0.75, 12.25, 1, 14.125], "texture": "#0"},
				"up": {"uv": [0.75, 15.75, 1.25, 16], "texture": "#0"},
				"down": {"uv": [1.25, 12.5, 1.75, 12.75], "texture": "#0"}
			}
		},
		{
			"from": [24, 0, 22.75],
			"to": [28, 0.5, 24],
			"faces": {
				"north": {"uv": [0, 12.25, 1, 12.375], "texture": "#0"},
				"east": {"uv": [0, 12.25, 0.375, 12.375], "texture": "#0"},
				"south": {"uv": [0, 12.25, 1, 12.375], "texture": "#0"},
				"west": {"uv": [0.75, 12.25, 1.125, 12.375], "texture": "#0"},
				"up": {"uv": [0.75, 15.75, 1.25, 16], "texture": "#0"},
				"down": {"uv": [1.25, 12.5, 1.75, 12.75], "texture": "#0"}
			}
		},
		{
			"from": [6, 0, 22.75],
			"to": [10, 0.5, 24],
			"faces": {
				"north": {"uv": [0, 12.25, 1, 12.375], "texture": "#0"},
				"east": {"uv": [0, 12.25, 0.375, 12.375], "texture": "#0"},
				"south": {"uv": [0, 12.25, 1, 12.375], "texture": "#0"},
				"west": {"uv": [0.75, 12.25, 1.125, 12.375], "texture": "#0"},
				"up": {"uv": [0.75, 15.75, 1.25, 16], "texture": "#0"},
				"down": {"uv": [1.25, 12.5, 1.75, 12.75], "texture": "#0"}
			}
		},
		{
			"from": [-12, 0, 22.75],
			"to": [-8, 0.5, 24],
			"faces": {
				"north": {"uv": [0, 12.25, 1, 12.375], "texture": "#0"},
				"east": {"uv": [0, 12.25, 0.375, 12.375], "texture": "#0"},
				"south": {"uv": [0, 12.25, 1, 12.375], "texture": "#0"},
				"west": {"uv": [0.75, 12.25, 1.125, 12.375], "texture": "#0"},
				"up": {"uv": [0.75, 15.75, 1.25, 16], "texture": "#0"},
				"down": {"uv": [1.25, 12.5, 1.75, 12.75], "texture": "#0"}
			}
		},
		{
			"from": [-12, 0, -9.25],
			"to": [-8, 0.5, -7.75],
			"faces": {
				"north": {"uv": [0, 12.25, 1, 12.375], "texture": "#0"},
				"east": {"uv": [0, 12.25, 0.375, 12.375], "texture": "#0"},
				"south": {"uv": [0, 12.25, 1, 12.375], "texture": "#0"},
				"west": {"uv": [0.75, 12.25, 1.125, 12.375], "texture": "#0"},
				"up": {"uv": [0.75, 15.75, 1.25, 16], "texture": "#0"},
				"down": {"uv": [1.25, 12.5, 1.75, 12.75], "texture": "#0"}
			}
		},
		{
			"from": [6, 0, -9.25],
			"to": [10, 0.5, -7.75],
			"faces": {
				"north": {"uv": [0, 12.25, 1, 12.375], "texture": "#0"},
				"east": {"uv": [0, 12.25, 0.375, 12.375], "texture": "#0"},
				"south": {"uv": [0, 12.25, 1, 12.375], "texture": "#0"},
				"west": {"uv": [0.75, 12.25, 1.125, 12.375], "texture": "#0"},
				"up": {"uv": [0.75, 15.75, 1.25, 16], "texture": "#0"},
				"down": {"uv": [1.25, 12.5, 1.75, 12.75], "texture": "#0"}
			}
		},
		{
			"from": [24, 0, -9.25],
			"to": [28, 0.5, -7.75],
			"faces": {
				"north": {"uv": [0, 12.25, 1, 12.375], "texture": "#0"},
				"east": {"uv": [0, 12.25, 0.375, 12.375], "texture": "#0"},
				"south": {"uv": [0, 12.25, 1, 12.375], "texture": "#0"},
				"west": {"uv": [0.75, 12.25, 1.125, 12.375], "texture": "#0"},
				"up": {"uv": [0.75, 15.75, 1.25, 16], "texture": "#0"},
				"down": {"uv": [1.25, 12.5, 1.75, 12.75], "texture": "#0"}
			}
		},
		{
			"from": [-6, 15, -16],
			"to": [22, 16, 24],
			"faces": {
				"north": {"uv": [0, 12, 7, 12.25], "texture": "#0"},
				"east": {"uv": [0, 12, 12, 12.25], "texture": "#0"},
				"south": {"uv": [4, 12, 11, 12.25], "texture": "#0"},
				"west": {"uv": [0, 12, 12, 12.25], "texture": "#0"},
				"up": {"uv": [7, 12, 0, 0], "texture": "#0"},
				"down": {"uv": [11, 0, 4, 12], "texture": "#0"}
			}
		},
		{
			"from": [20, 8, -16],
			"to": [32, 9, 24.25],
			"faces": {
				"north": {"uv": [0, 12, 3, 12.25], "texture": "#0"},
				"east": {"uv": [0, 12, 12, 12.25], "texture": "#0"},
				"south": {"uv": [0, 12, 3, 12.25], "texture": "#0"},
				"west": {"uv": [0, 12, 12, 12.25], "texture": "#0"},
				"up": {"uv": [0, 0, 3, 12], "texture": "#0"},
				"down": {"uv": [0, 0, 3, 12], "texture": "#0"}
			}
		},
		{
			"from": [-16, 8, -16],
			"to": [-4, 9, 24.25],
			"faces": {
				"north": {"uv": [0, 12, 3, 12.25], "texture": "#0"},
				"east": {"uv": [0, 12, 12, 12.25], "texture": "#0"},
				"south": {"uv": [0, 12, 3, 12.25], "texture": "#0"},
				"west": {"uv": [0, 12, 12, 12.25], "texture": "#0"},
				"up": {"uv": [0, 0, 3, 12], "texture": "#0"},
				"down": {"uv": [0, 0, 3, 12], "texture": "#0"}
			}
		}
	],
	"groups": [
		{
			"name": "group",
			"origin": [0, 0, 0],
			"color": 0,
			"nbt": "{}",
			"armAnimationEnabled": false,
			"children": [
				{
					"name": "group",
					"origin": [0, 0, 0],
					"color": 0,
					"nbt": "{}",
					"armAnimationEnabled": false,
					"children": [0, 1, 2, 3, 4, 5]
				},
				{
					"name": "group",
					"origin": [0, 0, 0],
					"color": 0,
					"nbt": "{}",
					"armAnimationEnabled": false,
					"children": [6, 7, 8, 9, 10, 11]
				},
				12,
				13,
				14
			]
		}
	]
}