{
	"__credit": "Generated using Animated Java (https://animated-java.dev/)",
	"textures": {
		"0": "minecraft:rpg/mobs/gbrpg/pikaspooder/pikachu"
	},
	"elements": [
		{
			"faces": {
				"north": {"uv": [14, 0.5, 14.75, 1.25], "texture": "#0"},
				"east": {"uv": [13.5, 0.5, 14, 1.25], "texture": "#0"},
				"south": {"uv": [15.25, 0.5, 16, 1.25], "texture": "#0"},
				"west": {"uv": [14.75, 0.5, 15.25, 1.25], "texture": "#0"},
				"up": {"uv": [14.75, 0.5, 14, 0], "texture": "#0"},
				"down": {"uv": [15.5, 0, 14.75, 0.5], "texture": "#0"}
			},
			"to": [9.2, 5.80862, 3.09841],
			"from": [6.8, 3.40862, 1.49841],
			"rotation": {"angle": 0, "axis": "y", "origin": [8, 3.00862, 2.69841]}
		},
		{
			"faces": {
				"north": {"uv": [13.75, 0.75, 14.5, 1.5], "texture": "#0"},
				"east": {"uv": [13, 0.75, 13.75, 1.5], "texture": "#0"},
				"south": {"uv": [15.25, 0.75, 16, 1.5], "texture": "#0"},
				"west": {"uv": [14.5, 0.75, 15.25, 1.5], "texture": "#0"},
				"up": {"uv": [14.5, 0.75, 13.75, 0], "texture": "#0"},
				"down": {"uv": [15.25, 0, 14.5, 0.75], "texture": "#0"}
			},
			"to": [9.2, 5.80862, 10.29841],
			"from": [6.8, 3.40862, 7.89841],
			"rotation": {"angle": 0, "axis": "y", "origin": [8, 3.00862, 2.69841]}
		},
		{
			"faces": {
				"north": {"uv": [14.25, 0.75, 14.75, 1.25], "texture": "#0"},
				"east": {"uv": [13.5, 0.75, 14.25, 1.25], "texture": "#0"},
				"south": {"uv": [15.5, 0.75, 16, 1.25], "texture": "#0"},
				"west": {"uv": [14.75, 0.75, 15.5, 1.25], "texture": "#0"},
				"up": {"uv": [14.75, 0.75, 14.25, 0], "texture": "#0"},
				"down": {"uv": [15.25, 0, 14.75, 0.75], "texture": "#0"}
			},
			"to": [8.8, 6.00862, 12.29841],
			"from": [7.2, 4.40862, 9.89841],
			"rotation": {"angle": -22.5, "axis": "x", "origin": [8, 4.60862, 11.49841]}
		},
		{
			"faces": {
				"north": {"uv": [14.75, 0.75, 15, 1], "texture": "#0"},
				"east": {"uv": [14, 0.75, 14.75, 1], "texture": "#0"},
				"south": {"uv": [15.75, 0.75, 16, 1], "texture": "#0"},
				"west": {"uv": [15, 0.75, 15.75, 1], "texture": "#0"},
				"up": {"uv": [15, 0.75, 14.75, 0], "texture": "#0"},
				"down": {"uv": [15.25, 0, 15, 0.75], "texture": "#0"}
			},
			"to": [8.4, 5.60862, 14.29841],
			"from": [7.6, 4.80862, 11.89841],
			"rotation": {"angle": -45, "axis": "x", "origin": [8, 4.60862, 11.49841]}
		},
		{
			"faces": {
				"north": {"uv": [12.5, 1.5, 13.5, 2.5], "texture": "#0"},
				"east": {"uv": [11, 1.5, 12.5, 2.5], "texture": "#0"},
				"south": {"uv": [15, 1.5, 16, 2.5], "texture": "#0"},
				"west": {"uv": [13.5, 1.5, 15, 2.5], "texture": "#0"},
				"up": {"uv": [13.5, 1.5, 12.5, 0], "texture": "#0"},
				"down": {"uv": [14.5, 0, 13.5, 1.5], "texture": "#0"}
			},
			"to": [9.6, 6.20862, 7.89841],
			"from": [6.4, 3.00862, 3.09841],
			"rotation": {"angle": 0, "axis": "y", "origin": [8, 3.00862, 2.69841]}
		}
	],
	"display": {
		"head": {
			"translation": [0, 5.6, 0],
			"scale": [4, 4, 4],
			"rotation": [0, 0, 0]
		}
	}
}