{
	"credit": "Made by Gameboy612",
	"parent": "item_frame_block",
	"textures": {
		"0": "block/smooth_stone",
		"particle": "block/smooth_stone"
	},
	"elements": [
		{
			"from": [0, 0, 15],
			"to": [16, 24, 16],
			"rotation": {"angle": 0, "axis": "y", "origin": [0, 0, 16]},
			"faces": {
				"north": {"uv": [16, 0, 0, 16], "texture": "#0"},
				"east": {"uv": [1, 0, 0, 16], "texture": "#0"},
				"south": {"uv": [16, 0, 0, 16], "texture": "#0"},
				"west": {"uv": [1, 0, 0, 16], "texture": "#0"},
				"up": {"uv": [0, 1, 16, 0], "texture": "#0"},
				"down": {"uv": [0, 1, 16, 0], "texture": "#0"}
			}
		},
		{
			"from": [0, 0, 0],
			"to": [1, 24, 15],
			"rotation": {"angle": 0, "axis": "y", "origin": [0, 0, 16]},
			"faces": {
				"north": {"uv": [1, 0, 0, 16], "texture": "#0"},
				"east": {"uv": [15, 0, 0, 16], "texture": "#0"},
				"south": {"uv": [1, 0, 0, 16], "texture": "#0"},
				"west": {"uv": [15, 0, 0, 16], "texture": "#0"},
				"up": {"uv": [0, 15, 1, 0], "texture": "#0"},
				"down": {"uv": [0, 15, 1, 0], "texture": "#0"}
			}
		},
		{
			"from": [15, 0, 0],
			"to": [16, 24, 15],
			"rotation": {"angle": 0, "axis": "y", "origin": [0, 0, 16]},
			"faces": {
				"north": {"uv": [1, 0, 0, 16], "texture": "#0"},
				"east": {"uv": [15, 0, 0, 16], "texture": "#0"},
				"south": {"uv": [1, 0, 0, 16], "texture": "#0"},
				"west": {"uv": [15, 0, 0, 16], "texture": "#0"},
				"up": {"uv": [0, 15, 1, 0], "texture": "#0"},
				"down": {"uv": [0, 15, 1, 0], "texture": "#0"}
			}
		},
		{
			"from": [1, 23, 0],
			"to": [15, 24, 15],
			"rotation": {"angle": 0, "axis": "y", "origin": [0, 0, 16]},
			"faces": {
				"north": {"uv": [14, 0, 0, 1], "texture": "#0"},
				"east": {"uv": [15, 0, 0, 1], "texture": "#0"},
				"south": {"uv": [14, 0, 0, 1], "texture": "#0"},
				"west": {"uv": [15, 0, 0, 1], "texture": "#0"},
				"up": {"uv": [0, 15, 14, 0], "texture": "#0"},
				"down": {"uv": [0, 15, 14, 0], "texture": "#0"}
			}
		},
		{
			"from": [1, 0, 0],
			"to": [15, 1, 15],
			"rotation": {"angle": 0, "axis": "y", "origin": [0, 0, 16]},
			"faces": {
				"north": {"uv": [14, 0, 0, 1], "texture": "#0"},
				"east": {"uv": [15, 0, 0, 1], "texture": "#0"},
				"south": {"uv": [14, 0, 0, 1], "texture": "#0"},
				"west": {"uv": [15, 0, 0, 1], "texture": "#0"},
				"up": {"uv": [0, 15, 14, 0], "texture": "#0"},
				"down": {"uv": [0, 15, 14, 0], "texture": "#0"}
			}
		},
		{
			"from": [1, 4.25, 0],
			"to": [15, 5.25, 15],
			"rotation": {"angle": 0, "axis": "y", "origin": [0, 0, 16]},
			"faces": {
				"north": {"uv": [14, 0, 0, 1], "texture": "#0"},
				"east": {"uv": [15, 0, 0, 1], "texture": "#0"},
				"south": {"uv": [14, 0, 0, 1], "texture": "#0"},
				"west": {"uv": [15, 0, 0, 1], "texture": "#0"},
				"up": {"uv": [0, 15, 14, 0], "texture": "#0"},
				"down": {"uv": [0, 15, 14, 0], "texture": "#0"}
			}
		},
		{
			"from": [1, 8.75, 0],
			"to": [15, 9.75, 15],
			"rotation": {"angle": 0, "axis": "y", "origin": [0, 0, 16]},
			"faces": {
				"north": {"uv": [14, 0, 0, 1], "texture": "#0"},
				"east": {"uv": [15, 0, 0, 1], "texture": "#0"},
				"south": {"uv": [14, 0, 0, 1], "texture": "#0"},
				"west": {"uv": [15, 0, 0, 1], "texture": "#0"},
				"up": {"uv": [0, 15, 14, 0], "texture": "#0"},
				"down": {"uv": [0, 15, 14, 0], "texture": "#0"}
			}
		},
		{
			"from": [1, 13.5, 0],
			"to": [15, 14.5, 15],
			"rotation": {"angle": 0, "axis": "y", "origin": [0, 0, 16]},
			"faces": {
				"north": {"uv": [14, 0, 0, 1], "texture": "#0"},
				"east": {"uv": [15, 0, 0, 1], "texture": "#0"},
				"south": {"uv": [14, 0, 0, 1], "texture": "#0"},
				"west": {"uv": [15, 0, 0, 1], "texture": "#0"},
				"up": {"uv": [0, 15, 14, 0], "texture": "#0"},
				"down": {"uv": [0, 15, 14, 0], "texture": "#0"}
			}
		},
		{
			"from": [1, 18.25, 0],
			"to": [15, 19.25, 15],
			"rotation": {"angle": 0, "axis": "y", "origin": [0, 0, 16]},
			"faces": {
				"north": {"uv": [14, 0, 0, 1], "texture": "#0"},
				"east": {"uv": [15, 0, 0, 1], "texture": "#0"},
				"south": {"uv": [14, 0, 0, 1], "texture": "#0"},
				"west": {"uv": [15, 0, 0, 1], "texture": "#0"},
				"up": {"uv": [0, 15, 14, 0], "texture": "#0"},
				"down": {"uv": [0, 15, 14, 0], "texture": "#0"}
			}
		}
	]
}