{
	"credit": "Made with Blockbench",
	"texture_size": [32, 32],
	"textures": {
		"0": "furniture/smithing_table_1",
		"particle": "furniture/smithing_table_1"
	},
	"elements": [
		{
			"from": [0, 13, 0],
			"to": [16, 16, 16],
			"faces": {
				"north": {"uv": [0, 8, 8, 9.5], "texture": "#0"},
				"east": {"uv": [0, 8, 8, 9.5], "texture": "#0"},
				"south": {"uv": [0, 8, 8, 9.5], "texture": "#0"},
				"west": {"uv": [0, 8, 8, 9.5], "texture": "#0"},
				"up": {"uv": [0, 8, 8, 16], "texture": "#0"},
				"down": {"uv": [0, 8, 8, 16], "texture": "#0"}
			}
		},
		{
			"from": [2, 0, 2],
			"to": [14, 13, 14],
			"faces": {
				"north": {"uv": [9, 1.5, 15, 8], "texture": "#0"},
				"east": {"uv": [9, 1.5, 15, 8], "texture": "#0"},
				"south": {"uv": [9, 1.5, 15, 8], "texture": "#0"},
				"west": {"uv": [9, 1.5, 15, 8], "texture": "#0"},
				"up": {"uv": [1, 1, 7, 7], "texture": "#0"},
				"down": {"uv": [1, 1, 7, 7], "texture": "#0"}
			}
		},
		{
			"from": [1, 0, 1],
			"to": [3, 13, 3],
			"faces": {
				"north": {"uv": [8, 8, 9, 14.5], "texture": "#0"},
				"east": {"uv": [8, 8, 9, 14.5], "texture": "#0"},
				"south": {"uv": [8, 8, 9, 14.5], "texture": "#0"},
				"west": {"uv": [8, 8, 9, 14.5], "texture": "#0"},
				"up": {"uv": [8, 8, 9, 9], "texture": "#0"},
				"down": {"uv": [8, 8, 9, 9], "texture": "#0"}
			}
		},
		{
			"from": [13, 0, 1],
			"to": [15, 13, 3],
			"rotation": {"angle": 0, "axis": "y", "origin": [16, 0, 0]},
			"faces": {
				"north": {"uv": [8, 8, 9, 14.5], "texture": "#0"},
				"east": {"uv": [8, 8, 9, 14.5], "texture": "#0"},
				"south": {"uv": [8, 8, 9, 14.5], "texture": "#0"},
				"west": {"uv": [8, 8, 9, 14.5], "texture": "#0"},
				"up": {"uv": [8, 8, 9, 9], "texture": "#0"},
				"down": {"uv": [8, 8, 9, 9], "texture": "#0"}
			}
		},
		{
			"from": [1, 0, 13],
			"to": [3, 13, 15],
			"rotation": {"angle": 0, "axis": "y", "origin": [0, 0, 16]},
			"faces": {
				"north": {"uv": [8, 8, 9, 14.5], "texture": "#0"},
				"east": {"uv": [8, 8, 9, 14.5], "texture": "#0"},
				"south": {"uv": [8, 8, 9, 14.5], "texture": "#0"},
				"west": {"uv": [8, 8, 9, 14.5], "texture": "#0"},
				"up": {"uv": [8, 8, 9, 9], "texture": "#0"},
				"down": {"uv": [8, 8, 9, 9], "texture": "#0"}
			}
		},
		{
			"from": [13, 0, 13],
			"to": [15, 13, 15],
			"rotation": {"angle": 0, "axis": "y", "origin": [16, 0, 16]},
			"faces": {
				"north": {"uv": [8, 8, 9, 14.5], "texture": "#0"},
				"east": {"uv": [8, 8, 9, 14.5], "texture": "#0"},
				"south": {"uv": [8, 8, 9, 14.5], "texture": "#0"},
				"west": {"uv": [8, 8, 9, 14.5], "texture": "#0"},
				"up": {"uv": [8, 8, 7, 7], "texture": "#0"},
				"down": {"uv": [8, 8, 7, 7], "texture": "#0"}
			}
		},
		{
			"from": [10, 4.875, 1],
			"to": [11, 11.125, 2],
			"rotation": {"angle": 0, "axis": "y", "origin": [0.5, 4.0625, 0.5]},
			"faces": {
				"north": {"uv": [8, 9, 8.5, 12.125], "rotation": 180, "texture": "#0"},
				"east": {"uv": [8, 9, 8.5, 12.125], "rotation": 180, "texture": "#0"},
				"south": {"uv": [8, 9, 8.5, 12.125], "rotation": 180, "texture": "#0"},
				"west": {"uv": [8, 8.5, 8.5, 11.625], "rotation": 180, "texture": "#0"},
				"up": {"uv": [8.5, 9, 9, 9.5], "rotation": 180, "texture": "#0"},
				"down": {"uv": [8.5, 9.5, 9, 10], "rotation": 180, "texture": "#0"}
			}
		},
		{
			"from": [5, 4.875, 14],
			"to": [6, 11.125, 15],
			"rotation": {"angle": 0, "axis": "y", "origin": [15.5, 4.0625, 15.5]},
			"faces": {
				"north": {"uv": [8, 9, 8.5, 12.125], "rotation": 180, "texture": "#0"},
				"east": {"uv": [8, 8.5, 8.5, 11.625], "rotation": 180, "texture": "#0"},
				"south": {"uv": [8, 9, 8.5, 12.125], "rotation": 180, "texture": "#0"},
				"west": {"uv": [8, 9, 8.5, 12.125], "rotation": 180, "texture": "#0"},
				"up": {"uv": [9, 9.5, 8.5, 9], "rotation": 180, "texture": "#0"},
				"down": {"uv": [9, 10, 8.5, 9.5], "rotation": 180, "texture": "#0"}
			}
		},
		{
			"from": [8.5, 5.125, 0.5],
			"to": [12.5, 7.125, 2.5],
			"rotation": {"angle": 0, "axis": "y", "origin": [0.5, 4.0625, 0.5]},
			"faces": {
				"north": {"uv": [0, 8, 2, 9], "rotation": 180, "texture": "#0"},
				"east": {"uv": [0, 8, 1, 9], "rotation": 180, "texture": "#0"},
				"south": {"uv": [0, 8, 2, 9], "rotation": 180, "texture": "#0"},
				"west": {"uv": [0, 8, 1, 9], "rotation": 180, "texture": "#0"},
				"up": {"uv": [0, 8, 2, 9], "rotation": 180, "texture": "#0"},
				"down": {"uv": [0, 8, 2, 9], "rotation": 180, "texture": "#0"}
			}
		},
		{
			"from": [3.5, 5.125, 13.5],
			"to": [7.5, 7.125, 15.5],
			"rotation": {"angle": 0, "axis": "y", "origin": [15.5, 4.0625, 15.5]},
			"faces": {
				"north": {"uv": [0, 8, 2, 9], "rotation": 180, "texture": "#0"},
				"east": {"uv": [0, 8, 1, 9], "rotation": 180, "texture": "#0"},
				"south": {"uv": [0, 8, 2, 9], "rotation": 180, "texture": "#0"},
				"west": {"uv": [0, 8, 1, 9], "rotation": 180, "texture": "#0"},
				"up": {"uv": [2, 9, 0, 8], "rotation": 180, "texture": "#0"},
				"down": {"uv": [2, 9, 0, 8], "rotation": 180, "texture": "#0"}
			}
		},
		{
			"from": [6, 0, 1.5],
			"to": [7, 5, 2],
			"rotation": {"angle": 22.5, "axis": "z", "origin": [0.5, 2.5, 0.75]},
			"faces": {
				"north": {"uv": [0, 8, 0.5, 10.5], "texture": "#0"},
				"east": {"uv": [0, 8, 0.25, 10.5], "texture": "#0"},
				"south": {"uv": [0, 8, 0.5, 10.5], "texture": "#0"},
				"west": {"uv": [0, 8, 0.25, 10.5], "texture": "#0"},
				"up": {"uv": [0, 8, 0.5, 8.25], "texture": "#0"},
				"down": {"uv": [0, 8.5, 0.5, 8.75], "texture": "#0"}
			}
		},
		{
			"from": [9, 0, 14],
			"to": [10, 5, 14.5],
			"rotation": {"angle": -22.5, "axis": "z", "origin": [15.5, 2.5, 15.25]},
			"faces": {
				"north": {"uv": [0, 8, 0.5, 10.5], "texture": "#0"},
				"east": {"uv": [0, 8, 0.25, 10.5], "texture": "#0"},
				"south": {"uv": [0, 8, 0.5, 10.5], "texture": "#0"},
				"west": {"uv": [0, 8, 0.25, 10.5], "texture": "#0"},
				"up": {"uv": [0.5, 8.25, 0, 8], "texture": "#0"},
				"down": {"uv": [0.5, 8.75, 0, 8.5], "texture": "#0"}
			}
		}
	],
	"display": {
		"thirdperson_righthand": {
			"rotation": [75, 45, 0],
			"translation": [0, 2.5, 0],
			"scale": [0.375, 0.375, 0.375]
		},
		"thirdperson_lefthand": {
			"rotation": [75, 45, 0],
			"translation": [0, 2.5, 0],
			"scale": [0.375, 0.375, 0.375]
		},
		"firstperson_righthand": {
			"rotation": [0, 45, 0],
			"scale": [0.4, 0.4, 0.4]
		},
		"firstperson_lefthand": {
			"rotation": [0, 225, 0],
			"scale": [0.4, 0.4, 0.4]
		},
		"ground": {
			"translation": [0, 3, 0],
			"scale": [0.25, 0.25, 0.25]
		},
		"gui": {
			"rotation": [30, 225, 0],
			"scale": [0.625, 0.625, 0.625]
		},
		"head": {
			"translation": [0, 5.25, 0],
			"scale": [4, 4, 4]
		},
		"fixed": {
			"rotation": [90, -180, -180],
			"translation": [0, 0, -16],
			"scale": [2.001, 2.001, 2.001]
		}
	},
	"groups": [
		{
			"name": "group",
			"origin": [0, 0, 0],
			"children": [0, 1,
				{
					"name": "group",
					"origin": [16, 0, 16],
					"children": [2, 3, 4, 5]
				}
			]
		},
		{
			"name": "group",
			"origin": [0, 0, 0],
			"children": [6, 7, 8, 9, 10, 11]
		}
	]
}