{
	"credit": "Made with Blockbench",
	"textures": {
		"0": "block/stone",
		"particle": "block/stone"
	},
	"elements": [
		{
			"from": [1, 0, 6],
			"to": [5, 0.6, 8],
			"faces": {
				"north": {"uv": [0, 0, 4, 0.6], "texture": "#0"},
				"east": {"uv": [0, 0, 2, 0.6], "texture": "#0"},
				"south": {"uv": [0, 0, 4, 0.6], "texture": "#0"},
				"west": {"uv": [0, 0, 2, 0.6], "texture": "#0"},
				"up": {"uv": [0, 0, 4, 2], "texture": "#0"},
				"down": {"uv": [0, 0, 4, 2], "texture": "#0"}
			}
		},
		{
			"from": [13, 0, 9],
			"to": [15, 0.6, 11],
			"faces": {
				"north": {"uv": [0, 0, 2, 0.6], "texture": "#0"},
				"east": {"uv": [0, 0, 2, 0.6], "texture": "#0"},
				"south": {"uv": [0, 0, 2, 0.6], "texture": "#0"},
				"west": {"uv": [0, 0, 2, 0.6], "texture": "#0"},
				"up": {"uv": [0, 0, 2, 2], "texture": "#0"},
				"down": {"uv": [0, 0, 2, 2], "texture": "#0"}
			}
		},
		{
			"from": [7, 0, 8],
			"to": [10, 0.6, 12],
			"faces": {
				"north": {"uv": [0, 0, 3, 0.6], "texture": "#0"},
				"east": {"uv": [0, 0, 4, 0.6], "texture": "#0"},
				"south": {"uv": [0, 0, 3, 0.6], "texture": "#0"},
				"west": {"uv": [0, 0, 4, 0.6], "texture": "#0"},
				"up": {"uv": [0, 0, 3, 4], "texture": "#0"},
				"down": {"uv": [0, 0, 3, 4], "texture": "#0"}
			}
		},
		{
			"from": [11, 0, 2],
			"to": [14, 0.6, 7],
			"faces": {
				"north": {"uv": [0, 0, 3, 0.6], "texture": "#0"},
				"east": {"uv": [0, 0, 5, 0.6], "texture": "#0"},
				"south": {"uv": [0, 0, 3, 0.6], "texture": "#0"},
				"west": {"uv": [0, 0, 5, 0.6], "texture": "#0"},
				"up": {"uv": [0, 0, 3, 5], "texture": "#0"},
				"down": {"uv": [0, 0, 3, 5], "texture": "#0"}
			}
		},
		{
			"from": [2, 0, 11],
			"to": [5, 0.6, 14],
			"faces": {
				"north": {"uv": [0, 0, 3, 0.6], "texture": "#0"},
				"east": {"uv": [0, 0, 3, 0.6], "texture": "#0"},
				"south": {"uv": [0, 0, 3, 0.6], "texture": "#0"},
				"west": {"uv": [0, 0, 3, 0.6], "texture": "#0"},
				"up": {"uv": [0, 0, 3, 3], "texture": "#0"},
				"down": {"uv": [0, 0, 3, 3], "texture": "#0"}
			}
		},
		{
			"from": [10, 0, 13],
			"to": [13, 0.6, 15],
			"faces": {
				"north": {"uv": [0, 0, 3, 0.6], "texture": "#0"},
				"east": {"uv": [0, 0, 2, 0.6], "texture": "#0"},
				"south": {"uv": [0, 0, 3, 0.6], "texture": "#0"},
				"west": {"uv": [0, 0, 2, 0.6], "texture": "#0"},
				"up": {"uv": [0, 0, 3, 2], "texture": "#0"},
				"down": {"uv": [0, 0, 3, 2], "texture": "#0"}
			}
		},
		{
			"from": [6, 0, 3],
			"to": [9, 0, 5],
			"faces": {
				"north": {"uv": [0, 0, 3, 0], "texture": "#0"},
				"east": {"uv": [0, 0, 2, 0], "texture": "#0"},
				"south": {"uv": [0, 0, 3, 0], "texture": "#0"},
				"west": {"uv": [0, 0, 2, 0], "texture": "#0"},
				"up": {"uv": [0, 0, 3, 2], "texture": "#0"},
				"down": {"uv": [0, 0, 3, 2], "texture": "#0"}
			}
		},
		{
			"from": [2, 0, 1],
			"to": [4, 0.6, 4],
			"faces": {
				"north": {"uv": [0, 0, 2, 0.6], "texture": "#0"},
				"east": {"uv": [0, 0, 3, 0.6], "texture": "#0"},
				"south": {"uv": [0, 0, 2, 0.6], "texture": "#0"},
				"west": {"uv": [0, 0, 3, 0.6], "texture": "#0"},
				"up": {"uv": [0, 0, 2, 3], "texture": "#0"},
				"down": {"uv": [0, 0, 2, 3], "texture": "#0"}
			}
		}
	],
	"display": {
		"thirdperson_righthand": {
			"rotation": [75, 45, 0],
			"translation": [0, 2.5, 0],
			"scale": [0.375, 0.375, 0.375]
		},
		"thirdperson_lefthand": {
			"rotation": [75, 45, 0],
			"translation": [0, 2.5, 0],
			"scale": [0.375, 0.375, 0.375]
		},
		"firstperson_righthand": {
			"rotation": [0, 45, 0],
			"scale": [0.6, 0.6, 0.6]
		},
		"firstperson_lefthand": {
			"rotation": [0, 225, 0],
			"scale": [0.6, 0.6, 0.6]
		},
		"ground": {
			"translation": [0, 2, 0],
			"scale": [0.5, 0.5, 0.5]
		},
		"gui": {
			"rotation": [30, 225, 0],
			"scale": [0.625, 0.625, 0.625]
		},
		"head": {
			"translation": [0, 5.25, 0],
			"scale": [1.6, 1.6, 1.6]
		},
		"fixed": {
			"rotation": [90, -180, -180],
			"translation": [0, 0, -16],
			"scale": [2.001, 2.001, 2.001]
		}
	}
}