{
	"credit": "Made by Gameboy612",
	"parent": "item_frame_block",
	"textures": {
		"0": "block/gold_block",
		"1": "block/stripped_spruce_log",
		"2": "block/netherite_block",
		"3": "block/gray_stained_glass",
		"4": "block/quartz_block_bottom",
		"particle": "block/gold_block"
	},
	"elements": [
		{
			"from": [0, 0, 0],
			"to": [16, 1, 16],
			"rotation": {"angle": 0, "axis": "y", "origin": [0, 0, 16]},
			"faces": {
				"north": {"uv": [16, 0, 0, 1], "texture": "#4"},
				"east": {"uv": [16, 0, 0, 1], "texture": "#4"},
				"south": {"uv": [16, 0, 0, 1], "texture": "#4"},
				"west": {"uv": [16, 0, 0, 1], "texture": "#4"},
				"up": {"uv": [0, 16, 16, 0], "texture": "#4"},
				"down": {"uv": [0, 16, 16, 0], "texture": "#4"}
			}
		},
		{
			"from": [0, 15, 0],
			"to": [16, 16, 16],
			"rotation": {"angle": 0, "axis": "y", "origin": [0, 0, 16]},
			"faces": {
				"north": {"uv": [16, 0, 0, 1], "texture": "#4"},
				"east": {"uv": [16, 0, 0, 1], "texture": "#4"},
				"south": {"uv": [16, 0, 0, 1], "texture": "#4"},
				"west": {"uv": [16, 0, 0, 1], "texture": "#4"},
				"up": {"uv": [0, 16, 16, 0], "texture": "#4"},
				"down": {"uv": [0, 16, 16, 0], "texture": "#4"}
			}
		},
		{
			"from": [0, 0, 15],
			"to": [16, 16, 16],
			"rotation": {"angle": 0, "axis": "y", "origin": [0, 0, 16]},
			"faces": {
				"north": {"uv": [16, 0, 0, 16], "texture": "#4"},
				"east": {"uv": [0, 1, 16, 0], "rotation": 90, "texture": "#4"},
				"south": {"uv": [16, 0, 0, 16], "rotation": 180, "texture": "#4"},
				"west": {"uv": [0, 1, 16, 0], "rotation": 270, "texture": "#4"},
				"up": {"uv": [0, 1, 16, 0], "texture": "#4"},
				"down": {"uv": [0, 1, 16, 0], "rotation": 180, "texture": "#4"}
			}
		},
		{
			"from": [15, 1, 1],
			"to": [16, 15, 15],
			"rotation": {"angle": 0, "axis": "y", "origin": [0, 0, 16]},
			"faces": {
				"north": {"uv": [3, 1, 14, 3], "rotation": 270, "texture": "#3"},
				"east": {"uv": [14, 1, 1, 14], "texture": "#3"},
				"south": {"uv": [0, 1, 14, 0], "rotation": 90, "texture": "#3"},
				"west": {"uv": [14, 0, 0, 14], "rotation": 180, "texture": "#3"},
				"up": {"uv": [14, 0, 0, 1], "rotation": 270, "texture": "#3"},
				"down": {"uv": [14, 0, 0, 1], "rotation": 270, "texture": "#3"}
			}
		},
		{
			"from": [0, 1, 0],
			"to": [16, 15, 1],
			"rotation": {"angle": 0, "axis": "y", "origin": [0, 0, 16]},
			"faces": {
				"north": {"uv": [15, 1, 1, 14], "texture": "#3"},
				"east": {"uv": [0, 1, 14, 0], "rotation": 90, "texture": "#3"},
				"south": {"uv": [16, 0, 0, 14], "rotation": 180, "texture": "#3"},
				"west": {"uv": [0, 1, 14, 0], "rotation": 270, "texture": "#3"},
				"up": {"uv": [0, 1, 16, 0], "texture": "#3"},
				"down": {"uv": [0, 1, 16, 0], "rotation": 180, "texture": "#3"}
			}
		},
		{
			"from": [0, 1, 1],
			"to": [1, 15, 15],
			"rotation": {"angle": 0, "axis": "y", "origin": [0, 0, 16]},
			"faces": {
				"north": {"uv": [2, 2, 14, 3], "rotation": 270, "texture": "#3"},
				"east": {"uv": [14, 0, 0, 14], "texture": "#3"},
				"south": {"uv": [0, 1, 14, 0], "rotation": 90, "texture": "#3"},
				"west": {"uv": [14, 1, 1, 14], "rotation": 180, "texture": "#3"},
				"up": {"uv": [14, 0, 0, 1], "rotation": 270, "texture": "#3"},
				"down": {"uv": [14, 0, 0, 1], "rotation": 270, "texture": "#3"}
			}
		},
		{
			"from": [2, 1, 9],
			"to": [5, 2, 12],
			"rotation": {"angle": 0, "axis": "y", "origin": [0, 0, 16]},
			"faces": {
				"north": {"uv": [15, 1, 1, 13], "texture": "#2"},
				"east": {"uv": [15, 1, 1, 13], "texture": "#2"},
				"south": {"uv": [15, 1, 1, 13], "texture": "#2"},
				"west": {"uv": [15, 1, 1, 13], "texture": "#2"},
				"up": {"uv": [1, 15, 15, 1], "texture": "#2"},
				"down": {"uv": [1, 15, 15, 1], "texture": "#2"}
			}
		},
		{
			"from": [6, 1, 6],
			"to": [9, 2, 9],
			"rotation": {"angle": 0, "axis": "y", "origin": [0, 0, 16]},
			"faces": {
				"north": {"uv": [15, 1, 1, 13], "texture": "#2"},
				"east": {"uv": [15, 1, 1, 13], "texture": "#2"},
				"south": {"uv": [15, 1, 1, 13], "texture": "#2"},
				"west": {"uv": [15, 1, 1, 13], "texture": "#2"},
				"up": {"uv": [1, 15, 15, 1], "texture": "#2"},
				"down": {"uv": [1, 15, 15, 1], "texture": "#2"}
			}
		},
		{
			"from": [11, 1, 8],
			"to": [14, 2, 11],
			"rotation": {"angle": 0, "axis": "y", "origin": [0, 0, 16]},
			"faces": {
				"north": {"uv": [15, 1, 1, 13], "texture": "#2"},
				"east": {"uv": [15, 1, 1, 13], "texture": "#2"},
				"south": {"uv": [15, 1, 1, 13], "texture": "#2"},
				"west": {"uv": [15, 1, 1, 13], "texture": "#2"},
				"up": {"uv": [1, 15, 15, 1], "texture": "#2"},
				"down": {"uv": [1, 15, 15, 1], "texture": "#2"}
			}
		},
		{
			"from": [3, 2, 10],
			"to": [4, 4, 11],
			"rotation": {"angle": 0, "axis": "y", "origin": [0, 0, 16]},
			"faces": {
				"north": {"uv": [1, 0, 0, 2], "texture": "#1"},
				"east": {"uv": [1, 0, 0, 2], "texture": "#1"},
				"south": {"uv": [1, 0, 0, 2], "texture": "#1"},
				"west": {"uv": [1, 0, 0, 2], "texture": "#1"},
				"up": {"uv": [0, 1, 1, 0], "texture": "#1"},
				"down": {"uv": [0, 1, 1, 0], "texture": "#1"}
			}
		},
		{
			"from": [12, 2, 9],
			"to": [13, 4, 10],
			"rotation": {"angle": 0, "axis": "y", "origin": [0, 0, 16]},
			"faces": {
				"north": {"uv": [1, 0, 0, 2], "texture": "#1"},
				"east": {"uv": [1, 0, 0, 2], "texture": "#1"},
				"south": {"uv": [1, 0, 0, 2], "texture": "#1"},
				"west": {"uv": [1, 0, 0, 2], "texture": "#1"},
				"up": {"uv": [0, 1, 1, 0], "texture": "#1"},
				"down": {"uv": [0, 1, 1, 0], "texture": "#1"}
			}
		},
		{
			"from": [7, 2, 7],
			"to": [8, 4, 8],
			"rotation": {"angle": 0, "axis": "y", "origin": [0, 0, 16]},
			"faces": {
				"north": {"uv": [1, 0, 0, 2], "texture": "#1"},
				"east": {"uv": [1, 0, 0, 2], "texture": "#1"},
				"south": {"uv": [1, 0, 0, 2], "texture": "#1"},
				"west": {"uv": [1, 0, 0, 2], "texture": "#1"},
				"up": {"uv": [0, 1, 1, 0], "texture": "#1"},
				"down": {"uv": [0, 1, 1, 0], "texture": "#1"}
			}
		},
		{
			"from": [2, 4, 9],
			"to": [5, 7, 12],
			"rotation": {"angle": 0, "axis": "y", "origin": [0, 0, 16]},
			"faces": {
				"north": {"uv": [4, 1, 1, 4], "texture": "#0"},
				"east": {"uv": [9, 5, 6, 8], "texture": "#0"},
				"south": {"uv": [9, 5, 6, 8], "texture": "#0"},
				"west": {"uv": [10, 5, 7, 8], "texture": "#0"},
				"up": {"uv": [7, 8, 10, 5], "texture": "#0"},
				"down": {"uv": [6, 8, 9, 5], "texture": "#0"}
			}
		},
		{
			"from": [1, 5, 10],
			"to": [2, 7.5, 11],
			"rotation": {"angle": 0, "axis": "y", "origin": [0, 0, 16]},
			"faces": {
				"north": {"uv": [2, 1, 1, 3.5], "texture": "#0"},
				"east": {"uv": [2, 1, 1, 3.5], "texture": "#0"},
				"south": {"uv": [2, 1, 1, 3.5], "texture": "#0"},
				"west": {"uv": [2, 1, 1, 3.5], "texture": "#0"},
				"up": {"uv": [1, 2, 2, 1], "texture": "#0"},
				"down": {"uv": [1, 2, 2, 1], "texture": "#0"}
			}
		},
		{
			"from": [5, 5, 10],
			"to": [6, 7.5, 11],
			"rotation": {"angle": 0, "axis": "y", "origin": [0, 0, 16]},
			"faces": {
				"north": {"uv": [2, 1, 1, 3.5], "texture": "#0"},
				"east": {"uv": [2, 1, 1, 3.5], "texture": "#0"},
				"south": {"uv": [2, 1, 1, 3.5], "texture": "#0"},
				"west": {"uv": [2, 1, 1, 3.5], "texture": "#0"},
				"up": {"uv": [1, 2, 2, 1], "texture": "#0"},
				"down": {"uv": [1, 2, 2, 1], "texture": "#0"}
			}
		},
		{
			"from": [9, 5, 7],
			"to": [10, 7.5, 8],
			"rotation": {"angle": 0, "axis": "y", "origin": [0, 0, 16]},
			"faces": {
				"north": {"uv": [2, 1, 1, 3.5], "texture": "#0"},
				"east": {"uv": [2, 1, 1, 3.5], "texture": "#0"},
				"south": {"uv": [2, 1, 1, 3.5], "texture": "#0"},
				"west": {"uv": [2, 1, 1, 3.5], "texture": "#0"},
				"up": {"uv": [1, 2, 2, 1], "texture": "#0"},
				"down": {"uv": [1, 2, 2, 1], "texture": "#0"}
			}
		},
		{
			"from": [14, 5, 9],
			"to": [15, 7.5, 10],
			"rotation": {"angle": 0, "axis": "y", "origin": [0, 0, 16]},
			"faces": {
				"north": {"uv": [2, 1, 1, 3.5], "texture": "#0"},
				"east": {"uv": [2, 1, 1, 3.5], "texture": "#0"},
				"south": {"uv": [2, 1, 1, 3.5], "texture": "#0"},
				"west": {"uv": [2, 1, 1, 3.5], "texture": "#0"},
				"up": {"uv": [1, 2, 2, 1], "texture": "#0"},
				"down": {"uv": [1, 2, 2, 1], "texture": "#0"}
			}
		},
		{
			"from": [10, 5, 9],
			"to": [11, 7.5, 10],
			"rotation": {"angle": 0, "axis": "y", "origin": [0, 0, 16]},
			"faces": {
				"north": {"uv": [2, 1, 1, 3.5], "texture": "#0"},
				"east": {"uv": [2, 1, 1, 3.5], "texture": "#0"},
				"south": {"uv": [2, 1, 1, 3.5], "texture": "#0"},
				"west": {"uv": [2, 1, 1, 3.5], "texture": "#0"},
				"up": {"uv": [1, 2, 2, 1], "texture": "#0"},
				"down": {"uv": [1, 2, 2, 1], "texture": "#0"}
			}
		},
		{
			"from": [6, 4, 6],
			"to": [9, 7, 9],
			"rotation": {"angle": 0, "axis": "y", "origin": [0, 0, 16]},
			"faces": {
				"north": {"uv": [4, 1, 1, 4], "texture": "#0"},
				"east": {"uv": [4, 1, 1, 4], "texture": "#0"},
				"south": {"uv": [4, 1, 1, 4], "texture": "#0"},
				"west": {"uv": [4, 1, 1, 4], "texture": "#0"},
				"up": {"uv": [1, 4, 4, 1], "texture": "#0"},
				"down": {"uv": [0, 3, 3, 0], "texture": "#0"}
			}
		},
		{
			"from": [5, 5, 7],
			"to": [6, 7.5, 8],
			"rotation": {"angle": 0, "axis": "y", "origin": [0, 0, 16]},
			"faces": {
				"north": {"uv": [2, 1, 1, 3.5], "texture": "#0"},
				"east": {"uv": [2, 1, 1, 3.5], "texture": "#0"},
				"south": {"uv": [2, 1, 1, 3.5], "texture": "#0"},
				"west": {"uv": [2, 1, 1, 3.5], "texture": "#0"},
				"up": {"uv": [1, 2, 2, 1], "texture": "#0"},
				"down": {"uv": [1, 2, 2, 1], "texture": "#0"}
			}
		},
		{
			"from": [11, 4, 8],
			"to": [14, 7, 11],
			"rotation": {"angle": 0, "axis": "y", "origin": [0, 0, 16]},
			"faces": {
				"north": {"uv": [4, 1, 1, 4], "texture": "#0"},
				"east": {"uv": [4, 1, 1, 4], "texture": "#0"},
				"south": {"uv": [4, 1, 1, 4], "texture": "#0"},
				"west": {"uv": [4, 1, 1, 4], "texture": "#0"},
				"up": {"uv": [1, 4, 4, 1], "texture": "#0"},
				"down": {"uv": [0, 3, 3, 0], "texture": "#0"}
			}
		}
	],
	"groups": [
		0,
		1,
		2,
		{
			"name": "group",
			"origin": [0, 0, 0],
			"color": 0,
			"nbt": "{}",
			"armAnimationEnabled": false,
			"children": [3, 4, 5]
		},
		6,
		7,
		8,
		9,
		10,
		11,
		12,
		13,
		14,
		15,
		16,
		17,
		18,
		19,
		20
	]
}